stop_id,stop_name,address,city,state_province,postal_code,latitude,longitude,fuel_regular_price,fuel_midgrade_price,fuel_premium_price,fuel_diesel_price,stop_type,country,currency,company_name,stop_company_name,RV Dump,Dental Services,Casino,Electric Vehicle Charging Station,Drug Testing Services,Check Cashing,Check Cashing Services,Pet Wash Station,RV Dump Service,Commercial Truck Oil Change,TirePass In-Service Center,Bulk DEF,Dollar Bill's Slots,Electric Svc,International® Warranty,Lottery,Speedco On-Site,Propane Tank Exchange,Preventative Maintenance,Amazon Pickup,Propane Fill Up Services,Liquor Store,Radioshack,Verizon Wireless,Live Parking,Ministry Services,BITCOIN ATM,Pet Area,Cylinder Propane,Premium Wifi,Handicapped Parking,Urgent Care,Prime Parking Spaces,Restaurant,Video Gaming,Lodging,Fleet Cards Accepted,Total Diesel Dispensers/Lanes,Laundry Room,Freightliner® ExpressPoint℠,Game Room,Wi-Fi - Premium,Private Showers,Bulk Propane,Wifi,Fast Fill CNG (Auto),Wi-Fi,RV Hookup,CAT Scale,RFID Pump Start,Speedzone,Diesel Mobile Fueling,Video Gaming Terminal,Embroidery Shop,Other Lube Services,Transflo Express Scanning,Dog Park,Fast Fill CNG (Class 8),Weigh Scale,Truck Parking Spaces,Bridgestone Tire Monitoring,RV Friendly Parking,Laundry Facility,EV Level 3 DCFC,CB Shop,Refrigerated Trailer Maintenance,Chrome Shop,Diesel Lanes,Car Wash,TransFlo,Western Union,Medical Services,Scale,RV Stop Nearby,Wi-Fi - Basic,Truck Wash,Travel Store,Theater Room,Book Store,Roadside Breakdown Solutions,Drivers Lounge,Full Service Restaurant,EV Tesla Level 3 DCFC,Paid Car Parking,Truck Parking,Engine Diagnostics,Brake Svc,IdleAir,QSR(s),Showers,Dog Wash,Permit Services,Electric Car Charging Station,Self Storage Nearby,Driver Lounge,DEF Lanes,Handicapped Showers,Truck Friendly,Barber Shop,Gas Brand,ATM Available,Chiropractor Services,Video Lottery Terminal,Tire Services,ATM,Transflo,eShop,Hotels Nearby,Pegasus,On-SITE Techs - Select Services,EV Level 2,Fax Machine,CAT Scales,Public Laundry,HVAC Svc,NG Certified Truck Service,Standard Services,Light Mechanical,Oil Changes,Expert Truck Alignments,Amazon Lockers
11186,KWIK STAR #1186,2030 21ST ST NW,ALTOONA,IA,50009,41.67222,-93.48256,2.899,,3.699,3.499,fuel,USA,USD,Schneider,KwikTrip,,,,,,,,,,,,,,,,,,,,,,,,,,,1,,,,,,,,,,y,,,,,,,,,,y,,,,,,,,,,,,,,,,,,,,,,,,,,y,,,,,,,,,,,,36,,,,,2,,,,,,,,y,,,,,,,2,,,,,,,y,,,,,,,,,
1932,KWIK STAR #932,120 ADVENTURELAND DR NE,ALTOONA,IA,50009,41.66261,-93.46394,2.899,,3.699,3.499,fuel,USA,USD,Schneider,KwikTrip,,,,,,,,,,,,,,,,,,,,,,,,,,,1,,,,,,,,,,y,,,,,,,,,,,,,,,,,,,,,,,,,,,,,,,,1,,,,,,,,,,,,,,,,,,,,,,,,,,,,,y,,,,,,,2,,,,,,,,,,,,,,,,
11158,KWIK STAR #1158,1910 ISAAC NEWTON DR,AMES,IA,50010,42.00856,-93.58731,2.999,,3.799,3.499,fuel,USA,USD,Schneider,KwikTrip,,,,,,,,,,,,,,,,,,,,,,,,,,,1,,,,,,,,,,y,,,,,,,,,,,,,,,,,,,,,,,,,,,,,,,,1,,,,,,,,,,,,,,,,10,,,,,,,,,,,,,y,,,,,,,2,,,,,,,,,,,,,,,,
11016,KWIK STAR #1016,202 SE ORALABOR RD,ANKENY,IA,50021,41.70339,-93.59687,2.849,,3.649,3.499,fuel,USA,USD,Schneider,KwikTrip,,,,,,,,,,,,,,,,,,,,,,,,,,,1,,,,,,,,,,,,,,,,,,,,,,,,,,,,,,,,,,,,,,,,,,2,,,,,,,,,,,,,,,,,,,,,,,,,,,,,,,,,,,,2,,,,,,,,,,,,,,,,
11057,KWIK STAR #1057,320 NW 36TH ST,ANKENY,IA,50023,41.76115,-93.60368,2.899,,3.699,3.499,fuel,USA,USD,Schneider,KwikTrip,,,,,,,,,,,,,,,,,,,,,,,,,,,1,,,,,,,,,,,,,,,,,,,,,,,,,,,,,,,,,,,,,,,,,,1,,,,,,,,,,,,,,,,,,,,,,,,,,,,,,,,,,,,2,,,,,,,,,,,,,,,,
11705,KWIK STAR #1705,5007 53RD AVE,BETTENDORF,IA,52722,41.57464,-90.46295,2.899,,3.899,3.599,fuel,USA,USD,Schneider,KwikTrip,,,,,,,,,,,,,,,,,,,,,,,,,,,,,,,,,,,,,,,,,,,,,,,,,,,,,,,,,,,,,,,,,,,,,1,,,,,,,,,,,,,,,,,,,,,,,,,,,,,,,,,,,,2,,,,,,,,,,,,,,,,
11039,KWIK STAR #1039,6910 MIDDLE RD,BETTENDORF,IA,52722,41.59301,-90.46202,2.999,,3.999,3.599,fuel,USA,USD,Schneider,KwikTrip,,,,,,,,,,,,,,,,,,,,,,,,,,,1,,,,,,,,,,y,,,,,,,,,,,,,,,,,,,,,,,,,,,,,,,,1,,,,,,,,,,,,,,,,,,,,,,,,,,,,,y,,,,,,,2,,,,,,,,,,,,,,,,
11007,KWIK STAR #1007,3510 BELMONT RD,BETTENDORF,IA,52722,41.55636,-90.48284,2.949,,3.949,3.389,fuel,USA,USD,Schneider,KwikTrip,,,,,,,,,,,,,,,,,,,,,,,,,,,1,,,,,,,,,,,,,,,,,,,,,,,,,,,,,,,,,,,,,,,,,,1,,,,,,,,,,,,,,,,,,,,,,,,,,,,,,,,,,,,2,,,,,,,,,,,,,,,,
1929,KWIK STAR #929,1001 UTICA RIDGE PL,BETTENDORF,IA,52722,41.55558,-90.51863,2.949,,3.949,3.599,fuel,USA,USD,Schneider,KwikTrip,,,,,,,,,,,,,,,,,,,,,,,,,,,1,,,,,,,,,,y,,,,,,,,,,,,,,,,,,,,,,,,,,,,,,,,1,,,,,,,,,,,,,,,,,,,,,,,,,,,,,y,,,,,,,2,,,,,,,,,,,,,,,,
1299,KWIK STAR #299,2283 53RD AVE,BETTENDORF,IA,52722,41.57449,-90.50023,2.899,,3.899,3.599,fuel,USA,USD,Schneider,KwikTrip,,,,,,,,,,,,,,,,,,,,,,,,,,,1,,,,,,,,,,,,,,,,,,,,,,,,,,,,,,,,,,,,,,,,,,1,,,,,,,,,,,,,,,,,,,,,,,,,,,,,,,,,,,,2,,,,,,,,,,,,,,,,
1303,KWIK STAR #303,4183 HIGHWAY 21,BROOKLYN,IA,52211,41.69181,-92.35729,2.999,,,3.599,fuel,USA,USD,Schneider,KwikTrip,,,,,,,,,,,,,,,,,,,,,,,,,,,,,,,,,,y,,,y,,,,,,,,,,y,,,,,,,,,,,,,,,,,,,,,,,,,,y,,,,,,,,,,,,110,,,,,9,,,,,,,,y,,,,,,,2,,,,,,,y,,,,,,,,,
1817,KWIK STAR #817,205 N MARYVILLE ST,CALMAR,IA,52132,43.18423,-91.86469,3.099,,,3.479,fuel,USA,USD,Schneider,KwikTrip,,,,,,,,,,,,,,,,,,,,,,,,,,,,,,,,,,,,,y,,,,,,,,,,,,,,,,,,,,,,,,,,,,,,,,,,,,,,,,,,,,,,,,,,,,,,,,,,,,,y,,,,,,,2,,,,,,,,,,,,,,,,
1632,KWIK STAR #632,803 7TH AVE,CAMANCHE,IA,52730,41.7875,-90.25722,3.039,,,3.599,fuel,USA,USD,Schneider,KwikTrip,,,,,,,,,,,,,,,,,,,,,,,,,,,,,,,,,,,,,,,,,,,,,,,,,,,,,,,,,,,,,,,,,,,,,,,,,,,,,,,,,,,,,,,,,,,,,,,,,,,,,,,,,2,,,,,,,,,,,,,,,,
1934,KWIK STAR #934,4515 CONEFLOWER PKWY,CEDAR FALLS,IA,50613,42.49775,-92.44306,3.049,,4.049,3.599,fuel,USA,USD,Schneider,KwikTrip,,,,,,,,,,,,,,,,,,,,,,,,,,,1,,,,,,,,,,,,,,,,,,,,,,,,,,,,,,,,,,,,,,,,,,1,,,,,,,,,,,,,,,,,,,,,,,,,,,,,,,,,,,,2,,,,,,,,,,,,,,,,
1490,KWIK STAR #490,7500 NORDIC DR,CEDAR FALLS,IA,50613,42.4704,-92.44708,2.999,,3.999,3.599,fuel,USA,USD,Schneider,KwikTrip,,,,,,,,,,,,,,,,,,,,,,,,,,,,,,,,,,,,,y,,,,,,,,,,,,,,,,,,,,,,,,,,,,,,,,2,,,,,,,,,,,,,,,,,,,,,,,,,,,,,y,,,,,,,2,,,,,,,y,,,,,,,,,
1947,KWIK STAR #947,1001 BLAIRS FERRY RD NE,CEDAR RAPIDS,IA,52402,42.03424,-91.65003,3.059,,3.959,3.599,fuel,USA,USD,Schneider,KwikTrip,,,,,,,,,,,,,,,,,,,,,,,,,,,1,,,,,,,,,,,,,,,,,,,,,,,,,,,,,,,,,,,,,,,,,,1,,,,,,,,,,,,,,,,,,,,,,,,,,,,,,,,,,,,2,,,,,,,,,,,,,,,,
1581,KWIK STAR #581,251 33RD AVE SW,CEDAR RAPIDS,IA,52404,41.94492,-91.6678,3.059,,3.959,3.599,fuel,USA,USD,Schneider,KwikTrip,,,,,,,,,,,,,,,,,,,,,,,,,,,1,,,,,,,,,,y,,,,,,,,,,,,,,,,,,,,,,,,,,,,,,,,1,,,,,,,,,,,,,,,,,,,,,,,,,,,,,y,,,,,,,2,,,,,,,,,,,,,,,,
11107,KWIK STAR #1107,1900 16TH AVE SW,CEDAR RAPIDS,IA,52404,41.96299,-91.69941,2.969,,3.869,3.599,fuel,USA,USD,Schneider,KwikTrip,,,,,,,,,,,,,,,,,,,,,,,,,,,1,,,,,,,,,,y,,,,,,,,,,,,,,,,,,,,,,,,,,,,,,,,1,,,,,,,,,,,,,,,,,,,,,,,,,,,,,y,,,,,,,2,,,,,,,,,,,,,,,,
11146,KWIK STAR #1146,4201 16TH AVE SW,CEDAR RAPIDS,IA,52404,41.96274,-91.7272,2.969,,3.869,3.599,fuel,USA,USD,Schneider,KwikTrip,,,,,,,,,,,,,,,,,,,,,,,,,,,1,,,,,,,,,,y,,,,,,,,,,,,,,,,,,,,,,,,,,,,,,,,1,,,,,,,,,,,,,,,,8,,,,,,,,,,,,,y,,,,,,,2,,,,,,,,,,,,,,,,
1165,KWIK STAR #165,3730 WILLIAMS BLVD SW,CEDAR RAPIDS,IA,52404,41.95528,-91.72157,2.969,,3.869,3.599,fuel,USA,USD,Schneider,KwikTrip,,,,,,,,,,,,,,,,,,,,,,,,,,,1,,,,,,,,,,,,,,,,,,,,,,,,,,,,,,,,,,,,,,,,,,1,,,,,,,,,,,,,,,,,,,,,,,,,,,,,,,,,,,,2,,,,,,,,,,,,,,,,
1106,KWIK STAR #106,4141 CENTER POINT RD NE,CEDAR RAPIDS,IA,52402,42.02128,-91.66587,3.059,,3.959,3.599,fuel,USA,USD,Schneider,KwikTrip,,,,,,,,,,,,,,,,,,,,,,,,,,,1,,,,,,,,,,,,,,,,,,,,,,,,,,,,,,,,,,,,,,,,,,,,,,,,,,,,,,,,,,,,,,,,,,,,,,,,,,,,,,2,,,,,,,,,,,,,,,,
1283,KWIK STAR #283,8835 RUNWAY CT SW,CEDAR RAPIDS,IA,52404,41.8918,-91.67398,2.969,,3.869,3.599,fuel,USA,USD,Schneider,KwikTrip,,,,,,,,,,,,,,,,,,,,,,,,,,,1,,,,,,,,,,y,,,,,,,,,,,,,,,,,,,,,,,,,,,,,,,,,,,,y,,,,,,,,,,,,12,,,,,,,,,,,,,y,,,,,,,2,,,,,,,y,,,,,,,,,
1419,KWIK STAR #419,1510 S GRAND AVE,CHARLES CITY,IA,50616,43.04749,-92.67189,3.099,,3.949,3.499,fuel,USA,USD,Schneider,KwikTrip,,,,,,,,,,,,,,,,,,,,,,,,,,,,,,,,,,,,,y,,,,,,,,,,,,,,,,,,,,,,,,,,,,,,,,,,,,,,,,,,,,,,,,7,,,,,,,,,,,,,y,,,,,,,2,,,,,,,y,,,,,,,,,
1223,KWIK STAR #223,3205 WILLOW CREEK CT,CLEAR LAKE,IA,50428,43.14583,-93.34888,2.999,,3.849,3.549,fuel,USA,USD,Schneider,KwikTrip,,,,,,,,,,,,,,,,,,,,,,,,,,,,,,,,,,,,,y,,,,,,,,,,y,,,,,,,,,,,,,,,,,,,,,,,y,,,y,,,,,,,,,,,,47,,,,,3,,,,,,,,y,,,,,,,2,,,,,,,y,,,,,,,,,
11066,KWIK STAR #1066,1006 N 20TH ST,CLEAR LAKE,IA,50428,43.14543,-93.36422,2.999,,3.849,3.599,fuel,USA,USD,Schneider,KwikTrip,,,,,,,,,,,,,,,,,,,,,,,,,,,,,,,,,,,,,,,,,,,,,,,,,,,,,,,,,,,,,,,,,,,,,,,,,,,,,,,,,,,,,,,,,,,,,,,,,,,,,,,,,2,,,,,,,,,,,,,,,,
1698,KWIK STAR #698,249 MAIN AVE,CLINTON,IA,52732,41.87317,-90.1831,2.989,,3.889,3.499,fuel,USA,USD,Schneider,KwikTrip,,,,,,,,,,,,,,,,,,,,,,,,,,,,,,,,,,,,,,,,,,,,,,,,,,,,,,,,,,,,,,,,,,,,,,,,,,,,,,,,,,,,,,,,,,,,,,,,,,,,,,,,,2,,,,,,,,,,,,,,,,
1348,KWIK STAR #348,2321 LINCOLN WAY,CLINTON,IA,52732,41.81468,-90.24127,3.039,,3.939,3.599,fuel,USA,USD,Schneider,KwikTrip,,,,,,,,,,,,,,,,,,,,,,,,,,,,,,,,,,,,,y,,,,,,,,,,y,,,,,,,,,,,,,,,,,,,,,,,,,,y,,,,,,,,,,,,56,,,,,4,,,,,,,,y,,,,,,,2,,,,,,,y,,,,,,,,,
11702,KWIK STAR #1702,16050 HICKMAN RD,CLIVE,IA,50325,41.61455,-93.83989,2.899,,3.699,3.499,fuel,USA,USD,Schneider,KwikTrip,,,,,,,,,,,,,,,,,,,,,,,,,,,,,,,,,,,,,,,,,,,,,,,,,,,,,,,,,,,,,,,,,,,,,1,,,,,,,,,,,,,,,,,,,,,,,,,,,,,,,,,,,,2,,,,,,,,,,,,,,,,
1428,KWIK STAR #428,330 2ND AVE SE,CRESCO,IA,52136,43.37134,-92.11202,3.099,,,3.449,fuel,USA,USD,Schneider,KwikTrip,,,,,,,,,,,,,,,,,,,,,,,,,,,,,,,,,,,,,y,,,,,,,,,,,,,,,,,,,,,,,,,,,,,,,,,,,,,,,,,,,,,,,,,,,,,,,,,,,,,y,,,,,,,2,,,,,,,y,,,,,,,,,
1294,KWIK STAR #294,1650 W KIMBERLY RD,DAVENPORT,IA,52806,41.56074,-90.59898,2.899,,3.899,3.599,fuel,USA,USD,Schneider,KwikTrip,,,,,,,,,,,,,,,,,,,,,,,,,,,1,,,,,,,,,,,,,,,,,,,,,,,,,,,,,,,,,,,,,,,,,,2,,,,,,,,,,,,,,,,,,,,,,,,,,,,,,,,,,,,2,,,,,,,y,,,,,,,,,
1167,KWIK STAR #167,2050 E 53RD ST,DAVENPORT,IA,52807,41.57548,-90.54764,2.899,,3.899,3.599,fuel,USA,USD,Schneider,KwikTrip,,,,,,,,,,,,,,,,,,,,,,,,,,,1,,,,,,,,,,,,,,,,,,,,,,,,,,,,,,,,,,,,,,,,,,1,,,,,,,,,,,,,,,,,,,,,,,,,,,,,,,,,,,,2,,,,,,,,,,,,,,,,
1215,KWIK STAR #215,100 W 65TH ST,DAVENPORT,IA,52806,41.58574,-90.57342,2.899,,3.899,3.389,fuel,USA,USD,Schneider,KwikTrip,,,,,,,,,,,,,,,,,,,,,,,,,,,1,,,,,,,,,,y,,,,,,,,,,,,,,,,,,,,,,,,,,,,,,,,,,,,,,,,,,,,,,,,4,,,,,,,,,,,,,y,,,,,,,2,,,,,,,y,,,,,,,,,
11071,KWIK STAR #1071,13888 118TH AVE,DAVENPORT,IA,52804,41.50764,-90.67799,2.999,,3.999,3.459,fuel,USA,USD,Schneider,KwikTrip,,,,,,,,,,,,,,,,,,,,,,,,,,,1,,,,,,,,,,y,,,,,,,,,,y,,,,,,,,,,,,,,,,,,,,,,,,,,y,,,,,,,,,,,,34,,,,,3,,,,,,,,y,,,,,,,2,,,,,,,y,,,,,,,,,
1291,KWIK STAR #291,1225 E KIMBERLY RD,DAVENPORT,IA,52807,41.55602,-90.55666,2.999,,3.999,3.599,fuel,USA,USD,Schneider,KwikTrip,,,,,,,,,,,,,,,,,,,,,,,,,,,1,,,,,,,,,,,,,,,,,,,,,,,,,,,,,,,,,,,,,,,,,,,,,,,,,,,,,,,,,,,,,,,,,,,,,,,,,,,,,,2,,,,,,,,,,,,,,,,
1280,KWIK STAR #280,301 W KIMBERLY RD,DAVENPORT,IA,52806,41.55926,-90.57509,2.999,,3.999,3.599,fuel,USA,USD,Schneider,KwikTrip,,,,,,,,,,,,,,,,,,,,,,,,,,,1,,,,,,,,,,,,,,,,,,,,,,,,,,,,,,,,,,,,,,,,,,2,,,,,,,,,,,,,,,,,,,,,,,,,,,,,,,,,,,,2,,,,,,,,,,,,,,,,
1123,KWIK STAR #123,2850 W LOCUST ST,DAVENPORT,IA,52804,41.53838,-90.61916,2.999,,3.999,3.599,fuel,USA,USD,Schneider,KwikTrip,,,,,,,,,,,,,,,,,,,,,,,,,,,1,,,,,,,,,,,,,,,,,,,,,,,,,,,,,,,,,,,,,,,,,,,,,,,,,,,,,,,,,,,,,,,,,,,,,,,,,,,,,,2,,,,,,,,,,,,,,,,
11189,KWIK STAR #1189,1200 GUTHRIE ST,DE SOTO,IA,50069,41.53776,-94.01317,2.939,,3.739,3.499,fuel,USA,USD,Schneider,KwikTrip,,,,,,,,,,,,,,,,,,,,,,,,,,,1,,,,,,,,,,y,,,,,,,,,,y,,,,,,,,,,,,,,,,,,,,,,1,,,,,,,,,,,,,,,,14,,,,,2,,,,,,,,y,,,,,,,2,,,,,,,,,,,,,,,,
1207,KWIK STAR #207,1420 11TH ST,DE WITT,IA,52742,41.82653,-90.55175,3.099,,3.899,3.599,fuel,USA,USD,Schneider,KwikTrip,,,,,,,,,,,,,,,,,,,,,,,,,,,1,,,,,,,,,,y,,,,,,,,,,,,,,,,,,,,,,,,,,,,,,,,1,,,,,,,,,,,,,,,,,,,,,,,,,,,,,y,,,,,,,2,,,,,,,y,,,,,,,,,
11190,KWIK STAR #1190,306 COLLEGE DR,DECORAH,IA,52101,43.30783,-91.79676,3.089,,4.089,3.589,fuel,USA,USD,Schneider,KwikTrip,,,,,,,,,,,,,,,,,,,,,,,,,,,1,,,,,,,,,,,,,,,,,,,,,,,,,,,,,,,,,,,,,,,,,,1,,,,,,,,,,,,,,,,,,,,,,,,,,,,,,,,,,,,2,,,,,,,,,,,,,,,,
11081,KWIK STAR #1081,1101 MONTGOMERY ST,DECORAH,IA,52101,43.29297,-91.77053,3.099,,4.099,3.589,fuel,USA,USD,Schneider,KwikTrip,,,,,,,,,,,,,,,,,,,,,,,,,,,,,,,,,,,,,y,,,,,,,,,,,,,,,,,,,,,,,,,,,,,,,,,,,,,,,,,,,,,,,,,,,,,,,,,,,,,,,,,,,,2,,,,,,,,,,,,,,,,
11086,KWIK STAR #1086,5145 NE 14TH ST,DES MOINES,IA,50313,41.65461,-93.60019,2.999,,3.799,3.799,fuel,USA,USD,Schneider,KwikTrip,,,,,,,,,,,,,,,,,,,,,,,,,,,1,,,,,,,,,,y,,,,,,,,,,,,,,,,,,,,,,,,,,,,,,,,1,,,,,,,,,,,,,,,,,,,,,,,,,,,,,,,,,,,,2,,,,,,,,,,,,,,,,
11053,KWIK STAR #1053,4105 HUBBELL AVE,DES MOINES,IA,50317,41.63441,-93.53379,2.899,,3.699,3.499,fuel,USA,USD,Schneider,KwikTrip,,,,,,,,,,,,,,,,,,,,,,,,,,,1,,,,,,,,,,,,,,,,,,,,,,,,,,,,,,,,,,,,,,,,,,1,,,,,,,,,,,,,,,,,,,,,,,,,,,,,,,,,,,,2,,,,,,,,,,,,,,,,
1506,STOP N GO #506,4923 MERLE HAY RD,DES MOINES,IA,50322,41.64933,-93.69727,2.949,,3.749,3.499,fuel,USA,USD,Schneider,KwikTrip,,,,,,,,,,,,,,,,,,,,,,,,,,,,,,,,,,,,,,,,,,,,,,,,,,,,,,,,,,,,,,,,,,,,,,,,,,,,,,,,,,,,,,,,,,,,,,,,,,,,,,,,,1,,,,,,,,,,,,,,,,
1519,STOP N GO #519,727 SE 14TH ST,DES MOINES,IA,50317,41.58167,-93.59641,2.999,,3.799,3.499,fuel,USA,USD,Schneider,KwikTrip,,,,,,,,,,,,,,,,,,,,,,,,,,,,,,,,,,,,,,,,,,,,,,,,,,,,,,,,,,,,,,,,,,,,,,,,,,,,,,,,,,,,,,,,,,,,,,,,,,,,,,,,,2,,,,,,,,,,,,,,,,
11184,KWIK STAR #1184,1180 KERPER CT,DUBUQUE,IA,52001,42.51462,-90.65565,3.099,,3.999,3.599,fuel,USA,USD,Schneider,KwikTrip,,,,,,,,,,,,,,,,,,,,,,,,,,,,,,,,,,,,,y,,,,,,,,,,,,,,,,,,,,,,,,,,,,,,,,,,,,,,,,,,,,,,,,,,,,,,,,,,,,,y,,,,,,,2,,,,,,,,,,,,,,,,
1236,KWIK STAR #236,2035 JOHN F KENNEDY RD,DUBUQUE,IA,52002,42.50741,-90.72189,3.099,,3.899,3.599,fuel,USA,USD,Schneider,KwikTrip,,,,,,,,,,,,,,,,,,,,,,,,,,,,,,,,,,,,,,,,,,,,,,,,,,,,,,,,,,,,,,,,,,,,,,,,,,,,,,,,,,,,,,,,,,,,,,,,,,,,,,,,,2,,,,,,,,,,,,,,,,
1495,KWIK STAR #495,2685 DODGE ST,DUBUQUE,IA,52003,42.49194,-90.70229,3.099,,,3.599,fuel,USA,USD,Schneider,KwikTrip,,,,,,,,,,,,,,,,,,,,,,,,,,,,,,,,,,,,,,,,,,,,,,,,,,,,,,,,,,,,,,,,,,,,,2,,,,,,,,,,,,,,,,,,,,,,,,,,,,,,,,,,,,2,,,,,,,,,,,,,,,,
1702,KWIK STAR #702,813 S CANFIELD ST,DUNKERTON,IA,50626,42.56486,-92.16026,3.099,,,3.599,fuel,USA,USD,Schneider,KwikTrip,,,,,,,,,,,,,,,,,,,,,,,,,,,,,,,,,,,,,,,,,,,,,,,,,,,,,,,,,,,,,,,,,,,,,,,,,,,,,,,,,,,,,,,,,,,,,,,,,,,,,,,,,1,,,,,,,,,,,,,,,,
11119,KWIK STAR #1119,1303 MAIN ST,EMMETSBURG,IA,50536,43.11207,-94.66804,2.889,,3.739,3.329,fuel,USA,USD,Schneider,KwikTrip,,,,,,,,,,,,,,,,,,,,,,,,,,,1,,,,,,,,,,y,,,,,,,,,,,,,,,,,,,,,,,,,,,,,,,,1,,,,,,,,,,,,,,,,6,,,,,,,,,,,,,y,,,,,,,2,,,,,,,,,,,,,,,,
11025,KWIK STAR #1025,1724 CENTRAL AVE,ESTHERVILLE,IA,51334,43.40181,-94.82041,3.099,,3.949,3.349,fuel,USA,USD,Schneider,KwikTrip,,,,,,,,,,,,,,,,,,,,,,,,,,,,,,,,,,,,,y,,,,,,,,,,,,,,,,,,,,,,,,,,,,,,,,1,,,,,,,,,,,,,,,,5,,,,,,,,,,,,,y,,,,,,,2,,,,,,,,,,,,,,,,
1278,KWIK STAR #278,100 W GILBERT DR,EVANSDALE,IA,50707,42.46236,-92.29773,2.999,,,3.599,fuel,USA,USD,Schneider,KwikTrip,,,,,,,,,,,,,,,,,,,,,,,,,,,1,,,,,,,,,,,,,,,,,,,,,,,,,,,,,,,,,,,,,,,,,,,,,,,,,,,,,,,,,,,,,,,,,,,,,,,,,,,,,,2,,,,,,,,,,,,,,,,
1940,KWIK STAR #940,806 HIGHWAY 69 N,FOREST CITY,IA,50436,43.27025,-93.63398,3.099,,3.949,3.599,fuel,USA,USD,Schneider,KwikTrip,,,,,,,,,,,,,,,,,,,,,,,,,,,,,,,,,,,,,y,,,,,,,,,,,,,,,,,,,,,,,,,,,,,,,,,y,,,,,,,,,,,,,,,9,,,,,,,,,,,,,y,,,,,,,2,,,,,,,,,,,,,,,,
1509,KWIK STAR #509,3121 5TH AVE S,FORT DODGE,IA,50501,42.50083,-94.15194,2.999,,3.799,3.499,fuel,USA,USD,Schneider,KwikTrip,,,,,,,,,,,,,,,,,,,,,,,,,,,,,,,,,,,,,y,,,,,,,,,,,,,,,,,,,,,,,,,,,,,,,,1,,,,,,,,,,,,,,,,,,,,,,,,,,,,,y,,,,,,,2,,,,,,,,,,,,,,,,
1927,KWIK STAR #927,1606 S TRITON DR,FORT DODGE,IA,50501,42.48581,-94.20204,2.999,,3.799,3.499,fuel,USA,USD,Schneider,KwikTrip,,,,,,,,,,,,,,,,,,,,,,,,,,,,,,,,,,,,,y,,,,,,,,,,,,,,,,,,,,,,,,,,,,,,,,,,,,y,,,,,,,,,,,,,,,,,,,,,,,,,y,,,,,,,2,,,,,,,,,,,,,,,,
1920,KWIK STAR #920,150 E US HIGHWAY 18,GARNER,IA,50438,43.10617,-93.60125,3.099,,3.949,3.599,fuel,USA,USD,Schneider,KwikTrip,,,,,,,,,,,,,,,,,,,,,,,,,,,,,,,,,,,,,y,,,,,,,,,,,,,,,,,,,,,,,,,,,,,,,,,,,,,,,,,,,,,,,,,,,,,,,,,,,,,y,,,,,,,2,,,,,,,,,,,,,,,,
11055,KWIK STAR #1055,2351 E 1ST ST,GRIMES,IA,50111,41.68906,-93.76912,2.949,,3.749,3.499,fuel,USA,USD,Schneider,KwikTrip,,,,,,,,,,,,,,,,,,,,,,,,,,,1,,,,,,,,,,,,,,,,,,,,,,,,,,,,,,,,,,,,,,,,,,1,,,,,,,,,,,,,,,,,,,,,,,,,,,,,,,,,,,,2,,,,,,,,,,,,,,,,
11024,KWIK STAR #1024,1450 NE GATEWAY CT,GRIMES,IA,50111,41.69951,-93.77736,2.949,,3.749,3.499,fuel,USA,USD,Schneider,KwikTrip,,,,,,,,,,,,,,,,,,,,,,,,,,,1,,,,,,,,,,,,,,,,,,,,,,,,,,,,,,,,,,,,,,,,,,2,,,,,,,,,,,,,,,,,,,,,,,,,,,,,,,,,,,,2,,,,,,,,,,,,,,,,
1145,KWIK STAR #145,402 S HIGHWAY 52,GUTTENBERG,IA,52052,42.78236,-91.10083,3.099,,3.949,3.559,fuel,USA,USD,Schneider,KwikTrip,,,,,,,,,,,,,,,,,,,,,,,,,,,,,,,,,,,,,y,,,,,,,,,,,,,,,,,,,,,,,,,,,,,,,,,,,,,,,,,,,,,,,,,,,,,,,,,,,,,y,,,,,,,2,,,,,,,,,,,,,,,,
1567,KWIK STAR #567,300 CENTRAL AVE W,HAMPTON,IA,50441,42.74111,-93.21194,3.099,,3.899,3.599,fuel,USA,USD,Schneider,KwikTrip,,,,,,,,,,,,,,,,,,,,,,,,,,,,,,,,,,,,,y,,,,,,,,,,,,,,,,,,,,,,,,,,,,,,,,,,,,,,,,,,,,,,,,6,,,,,,,,,,,,,y,,,,,,,2,,,,,,,,,,,,,,,,
11032,KWIK STAR #1032,1880 BLAIRS FERRY RD,HIAWATHA,IA,52233,42.03473,-91.69949,2.949,,3.849,3.599,fuel,USA,USD,Schneider,KwikTrip,,,,,,,,,,,,,,,,,,,,,,,,,,,1,,,,,,,,,,,,,,,,,,,,,,,,,,,,,,,,,,,,,,,,,,,,,,,,,,,,,,,,,,,,,,,,,,,,,,,,,,,,,,2,,,,,,,,,,,,,,,,
11142,KWIK STAR #1142,1907 KEOKUK ST,IOWA CITY,IA,52240,41.64234,-91.52515,2.969,,3.869,3.599,fuel,USA,USD,Schneider,KwikTrip,,,,,,,,,,,,,,,,,,,,,,,,,,,1,,,,,,,,,,y,,,,,,,,,,,,,,,,,,,,,,,,,,,,,,,,1,,,,,,,,,,,,,,,,,,,,,,,,,,,,,y,,,,,,,2,,,,,,,,,,,,,,,,
1103,KWIK STAR #103,701 S OAK ST,IOWA FALLS,IA,50126,42.50639,-93.2633,3.099,,3.899,3.599,fuel,USA,USD,Schneider,KwikTrip,,,,,,,,,,,,,,,,,,,,,,,,,,,,,,,,,,,,,y,,,,,,,,,,,,,,,,,,,,,,,,,,,,,,,,,,,,,,,,,,,,,,,,,,,,,,,,,,,,,y,,,,,,,2,,,,,,,,,,,,,,,,
1712,KWIK STAR #712,811 BARRICK RD,JANESVILLE,IA,50647,42.6497,-92.45486,3.099,,,3.599,fuel,USA,USD,Schneider,KwikTrip,,,,,,,,,,,,,,,,,,,,,,,,,,,,,,,,,,,,,y,,,,,,,,,,,,,,,,,,,,,,,,,,,,,,,,,,,,,,,,,,,,,,,,,,,,,,,,,,,,,y,,,,,,,2,,,,,,,y,,,,,,,,,
1713,KWIK STAR #713,841 SOUTH ST,JESUP,IA,50648,42.4685,-92.05949,3.099,,,3.599,fuel,USA,USD,Schneider,KwikTrip,,,,,,,,,,,,,,,,,,,,,,,,,,,,,,,,,,,,,,,,,,,,,,,,,,,,,,,,,,,,,,,,,,,,,,,,,,,,,,,,,,,,,,,,,,,,,,,,,,,,,,,,,1,,,,,,,,,,,,,,,,
11703,KWIK STAR #1703,5608 MERLE HAY RD,JOHNSTON,IA,50131,41.66295,-93.69786,2.949,,3.749,3.499,fuel,USA,USD,Schneider,KwikTrip,,,,,,,,,,,,,,,,,,,,,,,,,,,,,,,,,,,,,,,,,,,,,,,,,,,,,,,,,,,,,,,,,,,,,1,,,,,,,,,,,,,,,,,,,,,,,,,,,,,,,,,,,,2,,,,,,,,,,,,,,,,
11005,KWIK STAR #1005,1201 EAGLE RIDGE RD,LE CLAIRE,IA,52753,41.58821,-90.35761,2.999,,3.999,3.579,fuel,USA,USD,Schneider,KwikTrip,,,,,,,,,,,,,,,,,,,,,,,,,,,1,,,,,,,,,,,,,,,,,,,,,,,,,,,,,,,,,,,,,,,,,,,,,,,,,,,,,,,,,,,,,,,,,,,,,,,,,,,,,,2,,,,,,,,,,,,,,,,
11160,KWIK STAR #1160,321 5TH AVE SW,LE MARS,IA,51031,42.78877,-96.17461,3.099,,4.099,3.349,fuel,USA,USD,Schneider,KwikTrip,,,,,,,,,,,,,,,,,,,,,,,,,,,1,,,,,,,,,,y,,,,,,,,,,,,,,,,,,,,,,,,,,,,,,,,1,,,,,,,,,,,,,,,,9,,,,,,,,,,,,,y,,,,,,,2,,,,,,,,,,,,,,,,
1790,KWIK STAR #790,1000 W MAIN ST,MANCHESTER,IA,52057,42.48332,-91.47041,3.099,,,3.599,fuel,USA,USD,Schneider,KwikTrip,,,,,,,,,,,,,,,,,,,,,,,,,,,,,,,,,,,,,y,,,,,,,,,,,,,,,,,,,,,,,,,,,,,,,,1,,,,,,,,,,,,,,,,22,,,,,,,,,,,,,y,,,,,,,1,,,,,,,,,,,,,,,,
1212,KWIK STAR #212,102 DAVID ST,MAQUOKETA,IA,52060,42.04949,-90.66643,3.099,,,3.599,fuel,USA,USD,Schneider,KwikTrip,,,,,,,,,,,,,,,,,,,,,,,,,,,,,,,,,,,,,y,,,,,,,,,,y,,,,,,,,,,,,,,,,,,,,,,,,,,y,,,,,,,,,,,,12,,,,,2,,,,,,,,y,,,,,,,2,,,,,,,,,,,,,,,,
1894,KWIK STAR #894,917 W PLATT ST,MAQUOKETA,IA,52060,42.06838,-90.67874,3.099,,3.899,3.599,fuel,USA,USD,Schneider,KwikTrip,,,,,,,,,,,,,,,,,,,,,,,,,,,,,,,,,,,,,,,,,,,,,,,,,,,,,,,,,,,,,,,,,,,,,1,,,,,,,,,,,,,,,,,,,,,,,,,,,,,,,,,,,,2,,,,,,,,,,,,,,,,
11172,KWIK STAR #1172,3055 7TH AVE,MARION,IA,52302,42.03298,-91.57959,3.019,,3.919,3.599,fuel,USA,USD,Schneider,KwikTrip,,,,,,,,,,,,,,,,,,,,,,,,,,,1,,,,,,,,,,,,,,,,,,,,,,,,,,,,,,,,,,,,,,,,,,1,,,,,,,,,,,,,,,,,,,,,,,,,,,,,,,,,,,,2,,,,,,,,,,,,,,,,
11008,KWIK STAR #1008,5992 CARLSON WAY,MARION,IA,52302,42.03816,-91.54891,3.019,,3.919,3.599,fuel,USA,USD,Schneider,KwikTrip,,,,,,,,,,,,,,,,,,,,,,,,,,,1,,,,,,,,,,,,,,,,,,,,,,,,,,,,,,,,,,,,,,,,,,,,,,,,,,,,,,,,,,,,,,,,,,,,,,,,,,,,,,2,,,,,,,,,,,,,,,,
1589,KWIK STAR #589,962 62ND ST,MARION,IA,52302,42.03466,-91.54563,3.019,,3.919,3.599,fuel,USA,USD,Schneider,KwikTrip,,,,,,,,,,,,,,,,,,,,,,,,,,,1,,,,,,,,,,y,,,,,,,,,,y,,,,,,,,,,,,,,,,,,,,,,1,y,,,y,,,,,,,,,,,,33,,,,,3,,,,,,,,y,,,,,,,2,,,,,,,y,,,,,,,,,
1706,KWIK STAR #706,810 S 3RD AVE,MARSHALLTOWN,IA,50158,42.03851,-92.90726,3.099,,,3.599,fuel,USA,USD,Schneider,KwikTrip,,,,,,,,,,,,,,,,,,,,,,,,,,,,,,,,,,,,,,,,,,,,,,,,,,,,,,,,,,,,,,,,,,,,,,,,,,,,,,,,,,,,,,,,,,,,,,,,,,,,,,,,,2,,,,,,,,,,,,,,,,
1607,KWIK STAR #607,814 S 6TH ST,MARSHALLTOWN,IA,50158,42.03844,-92.92127,3.099,,3.899,3.599,fuel,USA,USD,Schneider,KwikTrip,,,,,,,,,,,,,,,,,,,,,,,,,,,1,,,,,,,,,,,,,,,,,,,,,,,,,,,,,,,,,,,,,,,,,,1,,,,,,,,,,,,,,,,6,,,,,,,,,,,,,,,,,,,,2,,,,,,,,,,,,,,,,
11085,KWIK STAR #1085,235 S EISENHOWER AVE,MASON CITY,IA,50401,43.14937,-93.26034,3.029,,3.879,3.519,fuel,USA,USD,Schneider,KwikTrip,,,,,,,,,,,,,,,,,,,,,,,,,,,,,,,,,,,,,,,,,,,,,,,,,,,,,,,,,,,,,,,,,,,,,1,,,,,,,,,,,,,,,,,,,,,,,,,,,,,,,,,,,,2,,,,,,,,,,,,,,,,
11077,KWIK STAR #1077,1316 4TH ST SW,MASON CITY,IA,50401,43.14862,-93.22204,3.099,,3.949,3.599,fuel,USA,USD,Schneider,KwikTrip,,,,,,,,,,,,,,,,,,,,,,,,,,,1,,,,,,,,,,,,,,,,,,,,,,,,,,,,,,,,,,,,,,,,,,1,,,,,,,,,,,,,,,,,,,,,,,,,,,,,,,,,,,,2,,,,,,,,,,,,,,,,
11027,KWIK STAR #1027,1502 S FEDERAL AVE,MASON CITY,IA,50401,43.13698,-93.20144,3.099,,3.949,3.599,fuel,USA,USD,Schneider,KwikTrip,,,,,,,,,,,,,,,,,,,,,,,,,,,,,,,,,,,,,y,,,,,,,,,,,,,,,,,,,,,,,,,,,,,,,,1,,,,,,,,,,,,,,,,,,,,,,,,,,,,,y,,,,,,,2,,,,,,,,,,,,,,,,
11153,KWIK STAR #1153,1611 202ND ST,MILFORD,IA,51351,43.35282,-95.14272,3.099,,3.949,3.399,fuel,USA,USD,Schneider,KwikTrip,,,,,,,,,,,,,,,,,,,,,,,,,,,,,,,,,,,,,y,,,,,,,,,,,,,,,,,,,,,,,,,,,,,,,,1,,,,,,,,,,,,,,,,5,,,,,,,,,,,,,y,,,,,,,2,,,,,,,,,,,,,,,,
11725,KWIK STAR #1725,800 8TH ST NW,MITCHELLVILLE,IA,50169,41.67482,-93.36812,2.899,,3.699,3.299,fuel,USA,USD,Schneider,KwikTrip,,,,,,,,,,,,,,,,,,,,,,,,,,,,,,,,,,,,,y,,,,,,,,,,y,,,,,,,,,,,,,,,,,,,,,,,,,,y,,,,,,,,,,,,55,,,,,5,,,,,,,,y,,,,,,,2,,,,,,,,,,,,,,,,
1711,KWIK STAR #711,12801 FALCON AVE,MONONA,IA,52159,43.04001,-91.39123,3.099,,4.099,3.479,fuel,USA,USD,Schneider,KwikTrip,,,,,,,,,,,,,,,,,,,,,,,,,,,1,,,,,,,,,,y,,,,,,,,,,,,,,,,,,,,,,,,,,,,,,,,1,,,,,,,,,,,,,,,,12,,,,,,,,,,,,,y,,,,,,,2,,,,,,,,,,,,,,,,
11064,KWIK STAR #1064,3605 UNIVERSITY DR,MUSCATINE,IA,52761,41.45961,-91.01764,2.979,,3.879,3.599,fuel,USA,USD,Schneider,KwikTrip,,,,,,,,,,,,,,,,,,,,,,,,,,,1,,,,,,,,,,,,,,,,,,,,,,,,,,,,,,,,,,,,,,,,,,,,,,,,,,,,,,,,,,,,,,,,,,,,,,,,,,,,,,2,,,,,,,,,,,,,,,,
1616,KWIK STAR #616,201 GREENWOOD AVE,NASHUA,IA,50658,42.95854,-92.52992,3.099,,,3.599,fuel,USA,USD,Schneider,KwikTrip,,,,,,,,,,,,,,,,,,,,,,,,,,,,,,,,,,,,,,,,,,,,,,,,,,,,,,,,,,,,,,,,,,,,,,,,,,,,,,,,,,,,,,,,,,,,,,,,,,,,,,,,,2,,,,,,,,,,,,,,,,
1895,KWIK STAR #895,825 W MILWAUKEE ST,NEW HAMPTON,IA,50659,43.06753,-92.32838,3.099,,,3.599,fuel,USA,USD,Schneider,KwikTrip,,,,,,,,,,,,,,,,,,,,,,,,,,,,,,,,,,,,,y,,,,,,,,,,,,,,,,,,,,,,,,,,,,,,,,,,,,,,,,,,,,,,,,10,,,,,,,,,,,,,y,,,,,,,2,,,,,,,y,,,,,,,,,
11001,KWIK STAR #1001,1910 1ST AVE E,NEWTON,IA,50208,41.69929,-93.02809,2.999,,3.799,3.499,fuel,USA,USD,Schneider,KwikTrip,,,,,,,,,,,,,,,,,,,,,,,,,,,1,,,,,,,,,,y,,,,,,,,,,,,,,,,,,,,,,,,,,,,,,,,,,,,,,,,,,,,,,,,,,,,,,,,,,,,,y,,,,,,,2,,,,,,,,,,,,,,,,
11213,KWIK STAR #1213,1810 DIAMOND BLVD,NORTH LIBERTY,IA,52317,41.72479,-91.64607,2.969,,3.769,3.599,fuel,USA,USD,Schneider,KwikTrip,,,,,,,,,,,,,,,,,,,,,,,,,,,,,,,,,,,,,y,,,,,,,,,,,,,,,,,,,,,,,,,,,,,,,,1,,,,,,,,,,,,,,,,,,,,,,,,,,,,,y,,,,,,,2,,,,,,,,,,,,,,,,
11701,KWIK STAR #1701,1200 CHATHAM AVE,NORWALK,IA,50211,41.48746,-93.67336,2.999,,3.799,3.499,fuel,USA,USD,Schneider,KwikTrip,,,,,,,,,,,,,,,,,,,,,,,,,,,,,,,,,,,,,,,,,,,,,,,,,,,,,,,,,,,,,,,,,,,,,1,,,,,,,,,,,,,,,,,,,,,,,,,,,,,,,,,,,,2,,,,,,,,,,,,,,,,
1665,KWIK STAR #665,10 1ST AVE SE,OELWEIN,IA,50662,42.67796,-91.91243,3.099,,3.899,3.499,fuel,USA,USD,Schneider,KwikTrip,,,,,,,,,,,,,,,,,,,,,,,,,,,,,,,,,,,,,,,,,,,,,,,,,,,,,,,,,,,,,,,,,,,,,,,,,,,,,,,,,,,,,,,,,,,,,,,,,,,,,,,,,2,,,,,,,,,,,,,,,,
11156,KWIK STAR #1156,1350 INDUSTRIAL PARK DR,OELWEIN,IA,50662,42.65891,-91.90919,3.099,,3.899,3.499,fuel,USA,USD,Schneider,KwikTrip,,,,,,,,,,,,,,,,,,,,,,,,,,,1,,,,,,,,,,y,,,,,,,,,,,,,,,,,,,,,,,,,,,,,,,,1,,,,,,,,,,,,,,,,,,,,,,,,,,,,,y,,,,,,,2,,,,,,,,,,,,,,,,
1704,KWIK STAR #704,605 HIGHWAY 57,PARKERSBURG,IA,50665,42.57083,-92.78638,3.049,,,3.599,fuel,USA,USD,Schneider,KwikTrip,,,,,,,,,,,,,,,,,,,,,,,,,,,,,,,,,,,,,y,,,,,,,,,,,,,,,,,,,,,,,,,,,,,,,,,,,,,,,,,,,,,,,,,,,,,,,,,,,,,y,,,,,,,2,,,,,,,,,,,,,,,,
11180,KWIK STAR #1180,511 1ST AVE,PERRY,IA,50220,41.83249,-94.10693,2.999,,3.799,3.499,fuel,USA,USD,Schneider,KwikTrip,,,,,,,,,,,,,,,,,,,,,,,,,,,1,,,,,,,,,,y,,,,,,,,,,,,,,,,,,,,,,,,,,,,,,,,2,,,,,,,,,,,,,,,,8,,,,,,,,,,,,,y,,,,,,,2,,,,,,,,,,,,,,,,
11155,KWIK STAR #1155,1101 NE 56TH ST,PLEASANT HILL,IA,50327,41.59992,-93.50292,2.999,,3.799,3.499,fuel,USA,USD,Schneider,KwikTrip,,,,,,,,,,,,,,,,,,,,,,,,,,,1,,,,,,,,,,,,,,,,,,,,,,,,,,,,,,,,,,,,,,,,,,,,,,,,,,,,,,,,,,,,,,,,,,,,,,,,,,,,,,2,,,,,,,,,,,,,,,,
11089,KWIK STAR #1089,1090 PARKER BLVD,POLK CITY,IA,50226,41.76476,-93.72584,2.899,,3.699,3.499,fuel,USA,USD,Schneider,KwikTrip,,,,,,,,,,,,,,,,,,,,,,,,,,,1,,,,,,,,,,y,,,,,,,,,,,,,,,,,,,,,,,,,,,,,,,,1,,,,,,,,,,,,,,,,,,,,,,,,,,,,,y,,,,,,,2,,,,,,,,,,,,,,,,
11072,KWIK STAR #1072,124 W TILDEN ST,POSTVILLE,IA,52162,43.08436,-91.56897,3.099,,4.099,3.479,fuel,USA,USD,Schneider,KwikTrip,,,,,,,,,,,,,,,,,,,,,,,,,,,,,,,,,,,,,y,,,,,,,,,,,,,,,,,,,,,,,,,,,,,,,,,,,,,,,,,,,,,,,,,,,,,,,,,,,,,,,,,,,,2,,,,,,,,,,,,,,,,
11154,KWIK STAR #1154,1521 PARK ST,SHELDON,IA,51201,43.18619,-95.83915,2.949,,3.949,3.299,fuel,USA,USD,Schneider,KwikTrip,,,,,,,,,,,,,,,,,,,,,,,,,,,1,,,,,,,,,,y,,,,,,,,,,,,,,,,,,,,,,,,,,,,,,,,1,,,,,,,,,,,,,,,,,,,,,,,,,,,,,y,,,,,,,2,,,,,,,,,,,,,,,,
11165,KWIK STAR #1165,1694 PIERCE AVE,SIBLEY,IA,51249,43.40451,-95.72211,3.099,,4.099,3.399,fuel,USA,USD,Schneider,KwikTrip,,,,,,,,,,,,,,,,,,,,,,,,,,,1,,,,,,,,,,y,,,,,,,,,,,,,,,,,,,,,,,,,,,,,,,,1,,,,y,,,,,,,,,,,,10,,,,,,,,,,,,,y,,,,,,,2,,,,,,,,,,,,,,,,
11208,KWIK STAR #1208,1581 S MAIN AVE,SIOUX CENTER,IA,51250,43.06063,-96.17732,3.099,,4.099,3.199,fuel,USA,USD,Schneider,KwikTrip,,,,,,,,,,,,,,,,,,,,,,,,,,,1,,,,,,,,,,y,,,,,,,,,,,,,,,,,,,,,,,,,,,,,,,,1,,,,,,,,,,,,,,,,,,,,,,,,,,,,,y,,,,,,,2,,,,,,,,,,,,,,,,
11293,KWIK STAR #1293,2548 GLENN AVE,SIOUX CITY,IA,51106,42.46474,-96.37492,2.799,,3.649,3.219,fuel,USA,USD,Schneider,KwikTrip,,,,,,,,,,,,,,,,,,,,,,,,,,,,,,,,,,,,,,,,,,,,,,,,,,,,,,,,,,,,,,,,,,,,,1,,,,,,,,,,,,,,,,,,,,,,,,,,,,,,,,,,,,2,,,,,,,,,,,,,,,,
11259,KWIK STAR #1259,101 E 42ND ST,SPENCER,IA,51301,43.18119,-95.14862,2.999,,3.849,3.289,fuel,USA,USD,Schneider,KwikTrip,,,,,,,,,,,,,,,,,,,,,,,,,,,,,,,,,,,,,y,,,,,,,,,,,,,,,,,,,,,,,,,,,,,,,,1,,,,,,,,,,,,,,,,18,,,,,,,,,,,,,y,,,,,,,2,,,,,,,,,,,,,,,,
11012,KWIK STAR #1012,3350 HIGHWAY 71,SPIRIT LAKE,IA,51360,43.40896,-95.12724,3.099,,3.949,3.399,fuel,USA,USD,Schneider,KwikTrip,,,,,,,,,,,,,,,,,,,,,,,,,,,,,,,,,,,,,y,,,,,,,,,,,,,,,,,,,,,,,,,,,,,,,,1,,,,,,,,,,,,,,,,10,,,,,,,,,,,,,y,,,,,,,2,,,,,,,,,,,,,,,,
11295,KWIK STAR #1295,1317 E LAKESHORE DR,STORM LAKE,IA,50588,42.63441,-95.18356,2.939,,3.789,3.229,fuel,USA,USD,Schneider,KwikTrip,,,,,,,,,,,,,,,,,,,,,,,,,,,,,,,,,,,,,y,,,,,,,,,,,,,,,,,,,,,,,,,,,,,,,,1,,,,,,,,,,,,,,,,,,,,,,,,,,,,,y,,,,,,,2,,,,,,,,,,,,,,,,
11068,KWIK STAR #1068,1704 BROAD ST,STORY CITY,IA,50248,42.18735,-93.56708,3.099,,3.899,3.499,fuel,USA,USD,Schneider,KwikTrip,,,,,,,,,,,,,,,,,,,,,,,,,,,,,,,,,,,,,y,,,,,,,,,,y,,,,,,,,,,,,,,,,,,,,,,1,y,,,y,,,,,,,,,,,,66,,,,,3,,,,,,,,y,,,,,,,2,,,,,,,,,,,,,,,,
11289,KWIK STAR #1289,1219 S DIVISION ST,STUART,IA,50250,41.49053,-94.31786,2.979,,3.779,3.499,fuel,USA,USD,Schneider,KwikTrip,,,,,,,,,,,,,,,,,,,,,,,,,,,,,,,,,,,,,y,,,,,,,,,,y,,,,,,,,,,,,,,,,,,,,,,,,,,,,,,,,,,,,,,33,,,,,5,,,,,,,,y,,,,,,,2,,,,,,,,,,,,,,,,
1710,KWIK STAR #710,1002 S COUNTY RD,TOLEDO,IA,52342,41.98741,-92.58324,3.099,,3.899,3.599,fuel,USA,USD,Schneider,KwikTrip,,,,,,,,,,,,,,,,,,,,,,,,,,,1,,,,,,,,,,y,,,,,,,,,,,,,,,,,,,,,,,,,,,,,,,,1,,,,y,,,,,,,,,,,,11,,,,,,,,,,,,,y,,,,,,,2,,,,,,,,,,,,,,,,
11050,KWIK STAR #1050,10912 DOUGLAS AVE,URBANDALE,IA,50322,41.62892,-93.76854,2.939,,3.739,3.499,fuel,USA,USD,Schneider,KwikTrip,,,,,,,,,,,,,,,,,,,,,,,,,,,1,,,,,,,,,,,,,,,,,,,,,,,,,,,,,,,,,,,,,,,,,,,,,,,,,,,,,,,,,,,,,,,,,,,,,,,,,,,,,,2,,,,,,,,,,,,,,,,
11097,KWIK STAR #1097,10101 PLUM DR,URBANDALE,IA,50322,41.65006,-93.74457,2.939,,3.739,3.499,fuel,USA,USD,Schneider,KwikTrip,,,,,,,,,,,,,,,,,,,,,,,,,,,1,,,,,,,,,,,,,,,,,,,,,,,,,,,,,,,,,,,,,,,,,,,,,,,,,,,,,,,,,,,,,,,,,,,,,,,,,,,,,,2,,,,,,,,,,,,,,,,
11076,KWIK STAR #1076,1208 W 13TH ST,VINTON,IA,52349,42.15902,-92.03876,2.999,,3.799,3.599,fuel,USA,USD,Schneider,KwikTrip,,,,,,,,,,,,,,,,,,,,,,,,,,,1,,,,,,,,,,y,,,,,,,,,,,,,,,,,,,,,,,,,,,,,,,,,,,,y,,,,,,,,,,,,3,,,,,,,,,,,,,y,,,,,,,2,,,,,,,,,,,,,,,,
1380,KWIK STAR #380,506 W 9TH ST,WATERLOO,IA,50702,42.48934,-92.33801,3.079,,,3.599,fuel,USA,USD,Schneider,KwikTrip,,,,,,,,,,,,,,,,,,,,,,,,,,,,,,,,,,,,,,,,,,,,,,,,,,,,,,,,,,,,,,,,,,,,,1,,,,,,,,,,,,,,,,,,,,,,,,,,,,,,,,,,,,3,,,,,,,,,,,,,,,,
11004,KWIK STAR #1004,111 E DONALD ST,WATERLOO,IA,50703,42.52765,-92.33748,3.099,,4.099,3.599,fuel,USA,USD,Schneider,KwikTrip,,,,,,,,,,,,,,,,,,,,,,,,,,,1,,,,,,,,,,y,,,,,,,,,,,,,,,,,,,,,,,,,,,,,,,,,,,,,,,,,,,,,,,,,,,,,,,,,,,,,y,,,,,,,2,,,,,,,,,,,,,,,,
1569,KWIK STAR #569,875 FISHER DR,WATERLOO,IA,50701,42.4556,-92.37574,3.099,,4.099,3.599,fuel,USA,USD,Schneider,KwikTrip,,,,,,,,,,,,,,,,,,,,,,,,,,,1,,,,,,,,,,y,,,,,,,,,,,,,,,,,,,,,,,,,,,,,,,,2,,,,,,,,,,,,,,,,,,,,,,,,,,,,,y,,,,,,,2,,,,,,,,,,,,,,,,
1715,KWIK STAR #715,135 E RIDGEWAY AVE,WATERLOO,IA,50702,42.46975,-92.35544,3.099,,4.099,3.599,fuel,USA,USD,Schneider,KwikTrip,,,,,,,,,,,,,,,,,,,,,,,,,,,1,,,,,,,,,,,,,,,,,,,,,,,,,,,,,,,,,,,,,,,,,,1,,,,,,,,,,,,,,,,,,,,,,,,,,,,,,,,,,,,2,,,,,,,,,,,,,,,,
1732,KWIK STAR #732,324 FLETCHER AVE,WATERLOO,IA,50701,42.48834,-92.36756,3.099,,,3.599,fuel,USA,USD,Schneider,KwikTrip,,,,,,,,,,,,,,,,,,,,,,,,,,,,,,,,,,,,,y,,,,,,,,,,,,,,,,,,,,,,,,,,,,,,,,2,,,,,,,,,,,,,,,,,,,,,,,,,,,,,y,,,,,,,2,,,,,,,,,,,,,,,,
11056,KWIK STAR #1056,855 SE ALICES RD,WAUKEE,IA,50263,41.60247,-93.85152,2.949,,3.749,3.499,fuel,USA,USD,Schneider,KwikTrip,,,,,,,,,,,,,,,,,,,,,,,,,,,1,,,,,,,,,,,,,,,,,,,,,,,,,,,,,,,,,,,,,,,,,,1,,,,,,,,,,,,,,,,,,,,,,,,,,,,,,,,,,,,2,,,,,,,,,,,,,,,,
1823,KWIK STAR #823,101 ROSSVILLE RD,WAUKON,IA,52172,43.26814,-91.47612,3.099,,,3.499,fuel,USA,USD,Schneider,KwikTrip,,,,,,,,,,,,,,,,,,,,,,,,,,,,,,,,,,,,,,,,,,,,,,,,,,,,,,,,,,,,,,,,,,,,,,,,,,,,,,,,,,,,,,,,,,,,,,,,,,,,,,,,,2,,,,,,,,,,,,,,,,
1707,KWIK STAR #707,400 E BREMER AVE,WAVERLY,IA,50677,42.72536,-92.4646,3.099,,4.099,3.599,fuel,USA,USD,Schneider,KwikTrip,,,,,,,,,,,,,,,,,,,,,,,,,,,,,,,,,,,,,,,,,,,,,,,,,,,,,,,,,,,,,,,,,,,,,,,,,,,,,,,,,,,,,,,,,,,,,,,,,,,,,,,,,2,,,,,,,,,,,,,,,,
1286,KWIK STAR #286,2501 4TH ST SW,WAVERLY,IA,50677,42.70269,-92.47549,3.099,,4.099,3.599,fuel,USA,USD,Schneider,KwikTrip,,,,,,,,,,,,,,,,,,,,,,,,,,,1,,,,,,,,,,,,,,,,,,,,,,,,,,,,,,,,,,,,,,,,,,,,,,,,,,,,,,,,,,,,,,,,,,,,,,,,,,,,,,2,,,,,,,,,,,,,,,,
1924,KWIK STAR #924,505 FAIR MEADOW DR,WEBSTER CITY,IA,50595,42.45358,-93.81757,3.099,,3.899,3.499,fuel,USA,USD,Schneider,KwikTrip,,,,,,,,,,,,,,,,,,,,,,,,,,,,,,,,,,,,,y,,,,,,,,,,,,,,,,,,,,,,,,,,,,,,,,1,,,,,,,,,,,,,,,,,,,,,,,,,,,,,y,,,,,,,2,,,,,,,,,,,,,,,,
11700,KWIK STAR #1700,1515 OVERPASS DR,WEBSTER CITY,IA,50595,42.47018,-93.84176,3.099,,3.899,3.499,fuel,USA,USD,Schneider,KwikTrip,,,,,,,,,,,,,,,,,,,,,,,,,,,,,,,,,,,,,y,,,,,,,,,,,,,,,,,,,,,,,,,,,,,,,,,,,,,,,,,,,,,,,,,,,,,,,,,,,,,y,,,,,,,2,,,,,,,,,,,,,,,,
11530,KWIK STAR #1530,1000 S 7TH ST,ROCHELLE,IL,61068,41.9104,-89.06887,3.199,,4.199,3.579,fuel,USA,USD,Schneider,KwikTrip,,,,,,,,,,,,,,,,,,,,,,,,,,,,,,,,,,,,,y,,,,,,,,,,,,,,,,,,,,,,,,,,,,,,,,,,,,,,,,,,,,,,,,,,,,,,,,,,,,,y,,,,,,,2,,,,,,,,,,,,,,,,
11276,KWIK STAR #1276,16040 OAKFIELD PKWY,SOUTH BELOIT,IL,61080,42.49171,-88.98897,2.939,,3.939,3.239,fuel,USA,USD,Schneider,KwikTrip,,,,,,,,,,,,,,,,,,,,,,,,,,,1,,,,,,,,,,y,,,,,,,,,,y,,,,,,,,,,,,,,,,,,,,,,,,,,y,,,,,,,,,,,,136,,,,,5,,,,,,,,y,,,,,,,2,,,,,,,,,,,,,,,,
11183,KWIK TRIP #1183,113 E LEAD ST,BESSEMER,MI,49911,46.48098,-90.05081,3.129,,4.129,3.559,fuel,USA,USD,Schneider,KwikTrip,,,,,,,,,,,,,,,,,,,,,,,,,,,1,,,,,,,,,,y,,,,,,,,,,,,,,,,,,,,,,,,,,,,,,,,1,,,,,,,,,,,,,,,,,,,,,,,,,,,,,y,,,,,,,2,,,,,,,,,,,,,,,,
11256,KWIK TRIP #1256,1010 N STEPHENSON AVE,IRON MOUNTAIN,MI,49801,45.83391,-88.05866,2.999,,3.999,3.479,fuel,USA,USD,Schneider,KwikTrip,,,,,,,,,,,,,,,,,,,,,,,,,,,1,,,,,,,,,,y,,,,,,,,,,,,,,,,,,,,,,,,,,,,,,,,1,,,,,,,,,,,,,,,,,,,,,,,,,,,,,y,,,,,,,2,,,,,,,,,,,,,,,,
11174,KWIK TRIP #1174,260 E CLOVERLAND DR,IRONWOOD,MI,49938,46.46387,-90.16703,3.129,,4.129,3.559,fuel,USA,USD,Schneider,KwikTrip,,,,,,,,,,,,,,,,,,,,,,,,,,,1,,,,,,,,,,y,,,,,,,,,,,,,,,,,,,,,,,,,,,,,,,,1,,,,,,,,,,,,,,,,9,,,,,,,,,,,,,y,,,,,,,2,,,,,,,,,,,,,,,,
11214,KWIK TRIP #1214,450 S CARPENTER AVE,KINGSFORD,MI,49802,45.80315,-88.07059,2.999,,3.999,3.479,fuel,USA,USD,Schneider,KwikTrip,,,,,,,,,,,,,,,,,,,,,,,,,,,1,,,,,,,,,,,,,,,,,,,,,,,,,,,,,,,,,,,,,,,,,,1,,,,,,,,,,,,,,,,,,,,,,,,,,,,,,,,,,,,2,,,,,,,,,,,,,,,,
11721,KWIK TRIP #1721,301 N M553,MARQUETTE,MI,49855,46.46485,-87.42586,3.039,,4.039,,fuel,USA,USD,Schneider,KwikTrip,,,,,,,,,,,,,,,,,,,,,,,,,,,1,,,,,,,,,,y,,,,,,,,,,,,,,,,,,,,,,,,,,,,,,,,,,,,,,,,,,,,,,,,5,,,,,,,,,,,,,y,,,,,,,2,,,,,,,,,,,,,,,,
1875,KWIK TRIP #875,2611 BRIDGE AVE,ALBERT LEA,MN,56007,43.68334,-93.36005,3.199,,4.199,3.599,fuel,USA,USD,Schneider,KwikTrip,,,,,,,,,,,,,,,,,,,,,,,,,,,,,,,,,,,,,y,,,,,,,,,,,,,,,,,,,,,,,,,,,,,,,,1,,,,,,,,,,,,,,,,,,,,,,,,,,,,,y,,,,,,,2,,,,,,,,,,,,,,,,
11017,KWIK TRIP #1017,617 BUCHANAN ST,ANOKA,MN,55303,45.20686,-93.37851,3.099,,4.099,3.699,fuel,USA,USD,Schneider,KwikTrip,,,,,,,,,,,,,,,,,,,,,,,,,,,1,,,,,,,,,,y,,,,,,,,,,,,,,,,,,,,,,,,,,,,,,,,1,,,,,,,,,,,,,,,,,,,,,,,,,,,,,y,,,,,,,2,,,,,,,,,,,,,,,,
1406,KWIK TRIP #406,7545 145TH ST W,APPLE VALLEY,MN,55124,44.73972,-93.21869,3.199,,4.199,3.599,fuel,USA,USD,Schneider,KwikTrip,,,,,,,,,,,,,,,,,,,,,,,,,,,1,,,,,,,,,,,,,,,,,,,,,,,,,,,,,,,,,,,,,,,,,,1,,,,,,,,,,,,,,,,,,,,,,,,,,,,,,,,,,,,2,,,,,,,,,,,,,,,,
1250,KWIK TRIP #250,1509 10TH PL NE,AUSTIN,MN,55912,43.6763,-92.95351,3.099,,4.099,3.599,fuel,USA,USD,Schneider,KwikTrip,,,,,,,,,,,,,,,,,,,,,,,,,,,1,,,,,,,,,,y,,,,,,,,,,y,,,,,,,,,,,,,,,,,,,,,,1,y,,,y,,,,,,,,,,,,45,,,,,3,,,,,,,,y,,,,,,,2,,,,,,,y,,,,,,,,,
1330,KWIK TRIP #330,104 ASPEN LN,BELLE PLAINE,MN,56011,44.6234,-93.75722,3.149,,4.149,3.599,fuel,USA,USD,Schneider,KwikTrip,,,,,,,,,,,,,,,,,,,,,,,,,,,,,,,,,,,,,y,,,,,,,,,,,,,,,,,,,,,,,,,,,,,,,,1,,,,,,,,,,,,,,,,,,,,,,,,,,,,,y,,,,,,,2,,,,,,,,,,,,,,,,
1646,KWIK TRIP #646,209 S GROVE ST,BLUE EARTH,MN,56013,43.63731,-94.09026,3.199,,4.199,3.589,fuel,USA,USD,Schneider,KwikTrip,,,,,,,,,,,,,,,,,,,,,,,,,,,,,,,,,,,,,y,,,,,,,,,,,,,,,,,,,,,,,,,,,,,,,,,,,,,,,,,,,,,,,,,,,,,,,,,,,,,y,,,,,,,1,,,,,,,,,,,,,,,,
1458,KWIK TRIP #458,1600 CESSNA ST,BUFFALO,MN,55313,45.15514,-93.84712,3.009,,4.009,3.699,fuel,USA,USD,Schneider,KwikTrip,,,,,,,,,,,,,,,,,,,,,,,,,,,,,,,,,,,,,y,,,,,,,,,,,,,,,,,,,,,,,,,,,,,,,,2,,,,,,,,,,,,,,,,,,,,,,,,,,,,,y,,,,,,,2,,,,,,,,,,,,,,,,
1622,KWIK TRIP #622,16 2ND AVE NW,BYRON,MN,55920,44.0294,-92.64752,3.199,,4.199,3.599,fuel,USA,USD,Schneider,KwikTrip,,,,,,,,,,,,,,,,,,,,,,,,,,,,,,,,,,,,,y,,,,,,,,,,,,,,,,,,,,,,,,,,,,,,,,1,,,,,,,,,,,,,,,,,,,,,,,,,,,,,y,,,,,,,2,,,,,,,,,,,,,,,,
1733,KWIK TRIP #733,608 ESCH DR,CALEDONIA,MN,55921,43.64037,-91.5031,2.999,,3.899,3.449,fuel,USA,USD,Schneider,KwikTrip,,,,,,,,,,,,,,,,,,,,,,,,,,,,,,,,,,,,,y,,,,,,,,,,,,,,,,,,,,,,,,,,,,,,,,,,,,,,,,,,,,,,,,,,,,,,,,,,,,,y,,,,,,,2,,,,,,,,,,,,,,,,
11177,KWIK TRIP #1177,4000 MAIN ST S,CAMBRIDGE,MN,55008,45.53784,-93.23181,3.099,,4.099,3.599,fuel,USA,USD,Schneider,KwikTrip,,,,,,,,,,,,,,,,,,,,,,,,,,,1,,,,,,,,,,y,,,,,,,,,,,,,,,,,,,,,,,,,,,,,,,,,,,,y,,,,,,,,,,,,9,,,,,,,,,,,,,y,,,,,,,2,,,,,,,,,,,,,,,,
11139,KWIK TRIP #1139,2450 2ND AVE SE,CAMBRIDGE,MN,55008,45.57161,-93.19393,3.099,,4.099,3.599,fuel,USA,USD,Schneider,KwikTrip,,,,,,,,,,,,,,,,,,,,,,,,,,,1,,,,,,,,,,y,,,,,,,,,,,,,,,,,,,,,,,,,,,,,,,,1,,,,,,,,,,,,,,,,,,,,,,,,,,,,,y,,,,,,,2,,,,,,,,,,,,,,,,
1571,KWIK TRIP #571,1711 HIGHWAY 210,CARLTON,MN,55718,46.66407,-92.47152,2.899,,3.899,3.549,fuel,USA,USD,Schneider,KwikTrip,,,,,,,,,,,,,,,,,,,,,,,,,,,1,,,,,,,,,,y,,,,,,,,,,y,,,,,,,,,,,,,,,,,,,,,,,,,,y,,,,,,,,,,,,13,,,,,3,,,,,,,,y,,,,,,,2,,,,,,,y,,,,,,,,,
11182,KWIK TRIP #1182,2045 MAIN ST,CENTERVILLE,MN,55038,45.16428,-93.03791,2.989,,3.989,3.499,fuel,USA,USD,Schneider,KwikTrip,,,,,,,,,,,,,,,,,,,,,,,,,,,1,,,,,,,,,,y,,,,,,,,,,,,,,,,,,,,,,,,,,,,,,,,1,,,,,,,,,,,,,,,,,,,,,,,,,,,,,y,,,,,,,2,,,,,,,,,,,,,,,,
1608,KWIK TRIP #608,150 HIGHWAY 30 W,CHATFIELD,MN,55923,43.85051,-92.19402,2.989,,3.989,3.279,fuel,USA,USD,Schneider,KwikTrip,,,,,,,,,,,,,,,,,,,,,,,,,,,,,,,,,,,,,y,,,,,,,,,,,,,,,,,,,,,,,,,,,,,,,,,,,,,,,,,,,,,,,,4,,,,,,,,,,,,,y,,,,,,,2,,,,,,,,,,,,,,,,
1874,KWIK TRIP #874,11085 LAKE BLVD,CHISAGO CITY,MN,55013,45.37563,-92.8823,3.199,,4.199,3.449,fuel,USA,USD,Schneider,KwikTrip,,,,,,,,,,,,,,,,,,,,,,,,,,,1,,,,,,,,,,y,,,,,,,,,,,,,,,,,,,,,,,,,,,,,,,,1,,,,,,,,,,,,,,,,,,,,,,,,,,,,,y,,,,,,,2,,,,,,,,,,,,,,,,
1104,KWIK TRIP #104,8191 179TH ST NW,CLEARWATER,MN,55320,45.4108,-94.06004,3.099,,4.099,3.449,fuel,USA,USD,Schneider,KwikTrip,,,,,,,,,,,,,,,,,,,,,,,,,,,,,,,,,,,,,y,,,,,,,,,,y,,,,,,,,,,,,,,,,,,,,,,,y,,,y,,,,,,,,,,,,71,,,,,4,,,,,,,,y,,,,,,,2,,,,,,,y,,,,,,,,,
1247,KWIK TRIP #247,235 NORTH RD,CLOQUET,MN,55720,46.7362,-92.46657,2.839,,3.839,3.449,fuel,USA,USD,Schneider,KwikTrip,,,,,,,,,,,,,,,,,,,,,,,,,,,,,,,,,,,,,,,,,,,,,,,,,,,,,,,,,,,,,,,,,,,,,,,,,,,,,,,,,,,,,,,,,,,,,,,,,,,,,,,,,2,,,,,,,,,,,,,,,,
1234,KWIK TRIP #234,1320 HIGHWAY 45,CLOQUET,MN,55720,46.70157,-92.42462,2.849,,3.849,3.549,fuel,USA,USD,Schneider,KwikTrip,,,,,,,,,,,,,,,,,,,,,,,,,,,,,,,,,,,,,y,,,,,,,,,,,,,,,,,,,,,,,,,,,,,,,,1,,,,,,,,,,,,,,,,,,,,,2,,,,,,,,y,,,,,,,3,,,,,,,y,,,,,,,,,
11188,KWIK TRIP #1188,145 BROADWAY AVE N,COKATO,MN,55321,45.08083,-94.18979,2.989,,3.989,3.499,fuel,USA,USD,Schneider,KwikTrip,,,,,,,,,,,,,,,,,,,,,,,,,,,1,,,,,,,,,,y,,,,,,,,,,,,,,,,,,,,,,,,,,,,,,,,1,,,,,,,,,,,,,,,,,,,,,,,,,,,,,y,,,,,,,2,,,,,,,,,,,,,,,,
1497,KWIK TRIP #497,42165 COUNTY ROAD 12,DAKOTA,MN,55925,43.92397,-91.43845,2.999,,3.999,3.449,fuel,USA,USD,Schneider,KwikTrip,,,,,,,,,,,,,,,,,,,,,,,,,,,,,,,,,,,,,y,,,,,,,,,,y,,,,,,,,,,,,,,,,,,,,,,,,,,y,,,,,,,,,,,,25,,,,,4,,,,,,,,y,,,,,,,2,,,,,,,y,,,,,,,,,
11031,KWIK TRIP #1031,1305 BABCOCK BLVD E,DELANO,MN,55328,45.03471,-93.77034,3.069,,4.069,3.499,fuel,USA,USD,Schneider,KwikTrip,,,,,,,,,,,,,,,,,,,,,,,,,,,1,,,,,,,,,,y,,,,,,,,,,,,,,,,,,,,,,,,,,,,,,,,2,,,,,,,,,,,,,,,,,,,,,,,,,,,,,y,,,,,,,2,,,,,,,,,,,,,,,,
1941,KWIK TRIP #941,110 S BOUNDARY AVE,DULUTH,MN,55810,46.74131,-92.21676,2.949,,3.949,3.499,fuel,USA,USD,Schneider,KwikTrip,,,,,,,,,,,,,,,,,,,,,,,,,,,,,,,,,,,,,y,,,,,,,,,,,,,,,,,,,,,,,,,,,,,,,,1,,,,,,,,,,,,,,,,,,,,,,,,,,,,,y,,,,,,,2,,,,,,,,,,,,,,,,
1117,KWIK TRIP #117,4890 RICE LAKE RD,DULUTH,MN,55803,46.86548,-92.1506,2.999,,3.999,3.599,fuel,USA,USD,Schneider,KwikTrip,,,,,,,,,,,,,,,,,,,,,,,,,,,,,,,,,,,,,y,,,,,,,,,,,,,,,,,,,,,,,,,,,,,,,,1,,,,,,,,,,,,,,,,,,,,,,,,,,,,,y,,,,,,,4,,,,,,,,,,,,,,,,
1224,KWIK TRIP #224,2715 W MICHIGAN ST,DULUTH,MN,55806,46.76042,-92.13152,2.999,,3.999,3.599,fuel,USA,USD,Schneider,KwikTrip,,,,,,,,,,,,,,,,,,,,,,,,,,,,,,,,,,,,,y,,,,,,,,,,,,,,,,,,,,,,,,,,,,,,,,,,,,,,,,,,,,,,,,,,,,,,,,,,,,,y,,,,,,,2,,,,,,,,,,,,,,,,
1273,KWIK TRIP #273,6516 GRAND AVE,DULUTH,MN,55807,46.73078,-92.1802,2.999,,3.999,3.599,fuel,USA,USD,Schneider,KwikTrip,,,,,,,,,,,,,,,,,,,,,,,,,,,1,,,,,,,,,,y,,,,,,,,,,,,,,,,,,,,,,,,,,,,,,,,2,,,,,,,,,,,,,,,,,,,,,,,,,,,,,y,,,,,,,2,,,,,,,,,,,,,,,,
1489,KWIK TRIP #489,415 HESTER ST E,DUNDAS,MN,55019,44.42716,-93.19825,3.179,,4.179,3.599,fuel,USA,USD,Schneider,KwikTrip,,,,,,,,,,,,,,,,,,,,,,,,,,,,,,,,,,,,,y,,,,,,,,,,,,,,,,,,,,,,,,,,,,,,,,1,,,,,,,,,,,,,,,,,,,,,,,,,,,,,y,,,,,,,2,,,,,,,,,,,,,,,,
1662,KWIK TRIP #662,3145 DODD RD,EAGAN,MN,55121,44.84381,-93.12375,3.199,,4.199,3.699,fuel,USA,USD,Schneider,KwikTrip,,,,,,,,,,,,,,,,,,,,,,,,,,,1,,,,,,,,,,y,,,,,,,,,,,,,,,,,,,,,,,,,,,,,,,,1,,,,,,,,,,,,,,,,4,,,,,,,,,,,,,y,,,,,,,2,,,,,,,y,,,,,,,,,
1753,KWIK TRIP #753,380 SANDSTONE DR NW,EYOTA,MN,55934,43.99778,-92.24777,2.989,,3.989,3.449,fuel,USA,USD,Schneider,KwikTrip,,,,,,,,,,,,,,,,,,,,,,,,,,,,,,,,,,,,,y,,,,,,,,,,,,,,,,,,,,,,,,,,,,,,,,,,,,,,,,,,,,,,,,6,,,,,,,,,,,,,y,,,,,,,2,,,,,,,y,,,,,,,,,
1424,KWIK TRIP #424,217 S STATE ST,FAIRMONT,MN,56031,43.65146,-94.44657,3.059,,4.059,3.599,fuel,USA,USD,Schneider,KwikTrip,,,,,,,,,,,,,,,,,,,,,,,,,,,,,,,,,,,,,y,,,,,,,,,,,,,,,,,,,,,,,,,,,,,,,,2,,,,,,,,,,,,,,,,,,,,,,,,,,,,,y,,,,,,,2,,,,,,,y,,,,,,,,,
1793,KWIK TRIP #793,1955 2ND AVE NW,FARIBAULT,MN,55021,44.31208,-93.27188,3.039,,4.039,3.399,fuel,USA,USD,Schneider,KwikTrip,,,,,,,,,,,,,,,,,,,,,,,,,,,1,,,,,,,,,,y,,,,,,,,,,,,,,,,,,,,,,,,,,,,,,,,1,,,,,,,,,,,,,,,,,,,,,,,,,,,,,y,,,,,,,2,,,,,,,,,,,,,,,,
11049,KWIK TRIP #1049,2600 11TH ST E,GLENCOE,MN,55336,44.76957,-94.12768,3.089,,4.089,3.589,fuel,USA,USD,Schneider,KwikTrip,,,,,,,,,,,,,,,,,,,,,,,,,,,,,,,,,,,,,y,,,,,,,,,,,,,,,,,,,,,,,,,,,,,,,,1,,,,,,,,,,,,,,,,,,,,,,,,,,,,,y,,,,,,,2,,,,,,,,,,,,,,,,
1220,KWIK TRIP #220,4978 MILLER TRUNK HIGHWAY,HERMANTOWN,MN,55811,46.83315,-92.20657,2.999,,3.999,3.599,fuel,USA,USD,Schneider,KwikTrip,,,,,,,,,,,,,,,,,,,,,,,,,,,,,,,,,,,,,y,,,,,,,,,,,,,,,,,,,,,,,,,,,,,,,,2,,,,,,,,,,,,,,,,,,,,,,,,,,,,,y,,,,,,,2,,,,,,,y,,,,,,,,,
11043,KWIK TRIP #1043,2401 EVERGREEN CIR,HERMANTOWN,MN,55811,46.82114,-92.14082,2.999,,3.999,3.599,fuel,USA,USD,Schneider,KwikTrip,,,,,,,,,,,,,,,,,,,,,,,,,,,,,,,,,,,,,y,,,,,,,,,,,,,,,,,,,,,,,,,,,,,,,,1,,,,,,,,,,,,,,,,,,,,,,,,,,,,,y,,,,,,,2,,,,,,,,,,,,,,,,
1186,KWIK TRIP #186,460 MORRIS AVE,HINCKLEY,MN,55037,46.00981,-92.92601,3.199,,4.199,3.499,fuel,USA,USD,Schneider,KwikTrip,,,,,,,,,,,,,,,,,,,,,,,,,,,1,,,,,,,,,,y,,,,,,,,,,,,,,,,,,,,,,,,,,,,,,,,,,,,,,,,,,,,,,,,5,,,,,,,,,,,,,y,,,,,,,3,,,,,,,,,,,,,,,,
1316,KWIK TRIP #316,10 DENVER AVE SE,HUTCHINSON,MN,55350,44.86995,-94.37416,3.059,,4.059,3.499,fuel,USA,USD,Schneider,KwikTrip,,,,,,,,,,,,,,,,,,,,,,,,,,,,,,,,,,,,,y,,,,,,,,,,,,,,,,,,,,,,,,,,,,,,,,2,,,,,,,,,,,,,,,,,,,,,,,,,,,,,y,,,,,,,2,,,,,,,,,,,,,,,,
11019,KWIK TRIP #1019,400 E DUAL BLVD,ISANTI,MN,55040,45.49324,-93.24175,3.099,,4.099,3.599,fuel,USA,USD,Schneider,KwikTrip,,,,,,,,,,,,,,,,,,,,,,,,,,,1,,,,,,,,,,y,,,,,,,,,,,,,,,,,,,,,,,,,,,,,,,,1,,,,,,,,,,,,,,,,,,,,,,,,,,,,,y,,,,,,,2,,,,,,,,,,,,,,,,
1619,KWIK TRIP #619,200 8TH ST SE,KASSON,MN,55944,44.0203,-92.74645,3.199,,4.199,3.549,fuel,USA,USD,Schneider,KwikTrip,,,,,,,,,,,,,,,,,,,,,,,,,,,1,,,,,,,,,,y,,,,,,,,,,,,,,,,,,,,,,,,,,,,,,,,1,,,,y,,,,,,,,,,,,21,,,,,,,,,,,,,y,,,,,,,2,,,,,,,y,,,,,,,,,
1844,KWIK TRIP #844,994 W LYON AVE,LAKE CITY,MN,55041,44.44314,-92.27535,2.889,,3.689,3.359,fuel,USA,USD,Schneider,KwikTrip,,,,,,,,,,,,,,,,,,,,,,,,,,,,,,,,,,,,,y,,,,,,,,,,,,,,,,,,,,,,,,,,,,,,,,1,,,,,,,,,,,,,,,,,,,,,,,,,,,,,y,,,,,,,2,,,,,,,,,,,,,,,,
1248,KWIK TRIP #248,9955 HUDSON BLVD N,LAKE ELMO,MN,55042,44.95088,-92.90499,3.099,,4.099,3.599,fuel,USA,USD,Schneider,KwikTrip,,,,,,,,,,,,,,,,,,,,,,,,,,,1,,,,,,,,,,,,,,,,,,,,,,,,,,,,,,,,,,,,,,,,,,2,,,,,,,,,,,,,,,,,,,,,,,,,,,,,,,,,,,,2,,,,,,,,,,,,,,,,
1334,KWIK TRIP #334,1271 N RIVER DR,MANKATO,MN,56001,44.18803,-94.01279,3.159,,4.159,3.549,fuel,USA,USD,Schneider,KwikTrip,,,,,,,,,,,,,,,,,,,,,,,,,,,,,,,,,,,,,y,,,,,,,,,,y,,,,,,,,,,,,,,,,,,,,,,,,,,,,,,,,,,,,,,28,,,,,,,,,,,,,y,,,,,,,2,,,,,,,,,,,,,,,,
11273,KWIK TRIP #1273,814 W MAIN ST,MARSHALL,MN,56258,44.45343,-95.79678,2.999,,3.599,3.359,fuel,USA,USD,Schneider,KwikTrip,,,,,,,,,,,,,,,,,,,,,,,,,,,,,,,,,,,,,y,,,,,,,,,,,,,,,,,,,,,,,,,,,,,,,,,,,,,,,,,,,,,,,,,,,,,,,,,,,,,y,,,,,,,2,,,,,,,,,,,,,,,,
11215,KWIK TRIP #1215,220 KRAFT DR SE,MELROSE,MN,56352,45.66982,-94.81105,2.999,,3.999,3.449,fuel,USA,USD,Schneider,KwikTrip,,,,,,,,,,,,,,,,,,,,,,,,,,,1,,,,,,,,,,y,,,,,,,,,,,,,,,,,,,,,,,,,,,,,,,,,,,,,,,,,,,,,,,,,,,,,,,,,,,,,y,,,,,,,2,,,,,,,,,,,,,,,,
11026,KWIK TRIP #1026,920 1ST ST E,MILACA,MN,56353,45.75661,-93.63974,3.199,,4.199,3.599,fuel,USA,USD,Schneider,KwikTrip,,,,,,,,,,,,,,,,,,,,,,,,,,,1,,,,,,,,,,y,,,,,,,,,,,,,,,,,,,,,,,,,,,,,,,,,,,,,,,,,,,,,,,,6,,,,,,,,,,,,,y,,,,,,,2,,,,,,,,,,,,,,,,
1166,KWIK TRIP #166,4694 OPPORTUNITY DR,MOOSE LAKE,MN,55767,46.43319,-92.75675,2.999,,3.999,3.289,fuel,USA,USD,Schneider,KwikTrip,,,,,,,,,,,,,,,,,,,,,,,,,,,,,,,,,,,,,y,,,,,,,,,,y,,,,,,,,,,,,,,,,,,,,,,1,,,,y,,,,,,,,,,,,11,,,,,,,,,,,,,y,,,,,,,2,,,,,,,y,,,,,,,,,
11037,KWIK TRIP #1037,707 MCLEAN ST,MORA,MN,55051,45.86782,-93.29681,3.139,,4.139,3.599,fuel,USA,USD,Schneider,KwikTrip,,,,,,,,,,,,,,,,,,,,,,,,,,,1,,,,,,,,,,y,,,,,,,,,,,,,,,,,,,,,,,,,,,,,,,,2,,,,,,,,,,,,,,,,,,,,,,,,,,,,,y,,,,,,,2,,,,,,,,,,,,,,,,
1926,KWIK TRIP #926,100 4TH AVE NW,NEW PRAGUE,MN,56071,44.54458,-93.58488,3.199,,4.199,3.549,fuel,USA,USD,Schneider,KwikTrip,,,,,,,,,,,,,,,,,,,,,,,,,,,,,,,,,,,,,y,,,,,,,,,,,,,,,,,,,,,,,,,,,,,,,,1,,,,,,,,,,,,,,,,,,,,,,,,,,,,,y,,,,,,,2,,,,,,,y,,,,,,,,,
11090,KWIK TRIP #1090,101 CHALUPSKY AVE NE,NEW PRAGUE,MN,56071,44.54403,-93.55601,3.199,,4.199,3.549,fuel,USA,USD,Schneider,KwikTrip,,,,,,,,,,,,,,,,,,,,,,,,,,,1,,,,,,,,,,y,,,,,,,,,,,,,,,,,,,,,,,,,,,,,,,,1,,,,,,,,,,,,,,,,,,,,,,,,,,,,,y,,,,,,,2,,,,,,,,,,,,,,,,
1180,KWIK TRIP #180,1623 N BROADWAY ST,NEW ULM,MN,56073,44.32854,-94.47674,3.059,,4.059,3.549,fuel,USA,USD,Schneider,KwikTrip,,,,,,,,,,,,,,,,,,,,,,,,,,,1,,,,,,,,,,y,,,,,,,,,,,,,,,,,,,,,,,,,,,,,,,,1,,,,,,,,,,,,,,,,,,,,,,,,,,,,,y,,,,,,,2,,,,,,,,,,,,,,,,
1930,KWIK TRIP #930,5435 SAINT CROIX TRL,NORTH BRANCH,MN,55056,45.50956,-92.99893,3.099,,4.099,3.249,fuel,USA,USD,Schneider,KwikTrip,,,,,,,,,,,,,,,,,,,,,,,,,,,1,,,,,,,,,,y,,,,,,,,,,,,,,,,,,,,,,,,,,,,,,,,2,,,,,,,,,,,,,,,,,,,,,,,,,,,,,y,,,,,,,2,,,,,,,,,,,,,,,,
1931,KWIK TRIP #931,6849 SAINT CROIX TRL,NORTH BRANCH,MN,55056,45.51131,-92.96935,3.099,,4.099,3.249,fuel,USA,USD,Schneider,KwikTrip,,,,,,,,,,,,,,,,,,,,,,,,,,,,,,,,,,,,,y,,,,,,,,,,,,,,,,,,,,,,,,,,,,,,,,1,,,,,,,,,,,,,,,,,,,,,,,,,,,,,y,,,,,,,2,,,,,,,,,,,,,,,,
11169,KWIK TRIP #1169,2275 ANCHOR DR,NORTH SAINT PAUL,MN,55109,45.01067,-93.00327,2.999,,3.999,3.599,fuel,USA,USD,Schneider,KwikTrip,,,,,,,,,,,,,,,,,,,,,,,,,,,1,,,,,,,,,,y,,,,,,,,,,,,,,,,,,,,,,,,,,,,,,,,1,,,,,,,,,,,,,,,,,,,,,,,,,,,,,y,,,,,,,2,,,,,,,,,,,,,,,,
1385,KWIK TRIP #385,500 LAUREL CT,NORTHFIELD,MN,55057,44.45453,-93.16694,3.179,,4.179,3.599,fuel,USA,USD,Schneider,KwikTrip,,,,,,,,,,,,,,,,,,,,,,,,,,,,,,,,,,,,,y,,,,,,,,,,,,,,,,,,,,,,,,,,,,,,,,1,,,,,,,,,,,,,,,,,,,,,,,,,,,,,y,,,,,,,2,,,,,,,,,,,,,,,,
1854,KWIK TRIP #854,520 REFORM ST N,NORWOOD YOUNG AMERICA,MN,55368,44.77384,-93.92916,3.199,,4.199,3.699,fuel,USA,USD,Schneider,KwikTrip,,,,,,,,,,,,,,,,,,,,,,,,,,,,,,,,,,,,,y,,,,,,,,,,,,,,,,,,,,,,,,,,,,,,,,1,,,,,,,,,,,,,,,,,,,,,,,,,,,,,y,,,,,,,2,,,,,,,y,,,,,,,,,
1111,KWIK TRIP #111,12585 58TH ST N,OAK PARK HEIGHTS,MN,55082,45.03292,-92.85236,3.199,,4.199,3.599,fuel,USA,USD,Schneider,KwikTrip,,,,,,,,,,,,,,,,,,,,,,,,,,,1,,,,,,,,,,y,,,,,,,,,,,,,,,,,,,,,,,,,,,,,,,,2,,,,,,,,,,,,,,,,,,,,,,,,,,,,,y,,,,,,,2,,,,,,,,,,,,,,,,
1869,KWIK TRIP #869,3355 HADLEY AVE N,OAKDALE,MN,55128,44.99691,-92.96398,3.199,,4.199,3.699,fuel,USA,USD,Schneider,KwikTrip,,,,,,,,,,,,,,,,,,,,,,,,,,,1,,,,,,,,,,,,,,,,,,,,,,,,,,,,,,,,,,,,,,,,,,2,,,,,,,,,,,,,,,,,,,,,,,,,,,,,,,,,,,,2,,,,,,,,,,,,,,,,
1162,KWIK TRIP #162,16401 72ND ST NE,OTSEGO,MN,55330,45.25282,-93.55236,3.179,,4.179,3.699,fuel,USA,USD,Schneider,KwikTrip,,,,,,,,,,,,,,,,,,,,,,,,,,,1,,,,,,,,,,y,,,,,,,,,,y,,,,,,,,,,,,,,,,,,,,,,1,y,,,y,,,,,,,,,,,,11,,,,,,,,,,,,,y,,,,,,,2,,,,,,,y,,,,,,,,,
1403,KWIK TRIP #403,2270 NW 46TH ST,OWATONNA,MN,55060,44.13964,-93.25243,2.999,,3.999,3.289,fuel,USA,USD,Schneider,KwikTrip,,,,,,,,,,,,,,,,,,,,,,,,,,,,,,,,,,,,,y,,,,,,,,,,y,,,,,,,,,,,,,,,,,,,,,,,,,,y,,,,,,,,,,,,32,,,,,2,,,,,,,,y,,,,,,,2,,,,,,,,,,,,,,,,
1598,KWIK TRIP #598,645 OPPORTUNITY PARK DR,PAYNESVILLE,MN,56362,45.37492,-94.73254,2.989,,3.989,3.499,fuel,USA,USD,Schneider,KwikTrip,,,,,,,,,,,,,,,,,,,,,,,,,,,,,,,,,,,,,y,,,,,,,,,,,,,,,,,,,,,,,,,,,,,,,,2,,,,,,,,,,,,,,,,5,,,,,,,,,,,,,y,,,,,,,2,,,,,,,,,,,,,,,,
11719,KWIK TRIP #1719,722 8TH AVE SE,PIPESTONE,MN,56164,43.99299,-96.30779,2.999,,3.849,3.499,fuel,USA,USD,Schneider,KwikTrip,,,,,,,,,,,,,,,,,,,,,,,,,,,,,,,,,,,,,y,,,,,,,,,,,,,,,,,,,,,,,,,,,,,,,,1,,,,,,,,,,,,,,,,,,,,,,,,,,,,,y,,,,,,,2,,,,,,,,,,,,,,,,
1245,KWIK TRIP #245,95 4TH AVE SE,PLAINVIEW,MN,55964,44.16144,-92.16662,2.959,,3.959,3.449,fuel,USA,USD,Schneider,KwikTrip,,,,,,,,,,,,,,,,,,,,,,,,,,,,,,,,,,,,,y,,,,,,,,,,,,,,,,,,,,,,,,,,,,,,,,,,,,,,,,,,,,,,,,4,,,,,,,,,,,,,y,,,,,,,2,,,,,,,,,,,,,,,,
1928,KWIK TRIP #928,707 NORTHLAND DR,PRINCETON,MN,55371,45.55558,-93.58403,3.129,,4.129,3.599,fuel,USA,USD,Schneider,KwikTrip,,,,,,,,,,,,,,,,,,,,,,,,,,,1,,,,,,,,,,y,,,,,,,,,,,,,,,,,,,,,,,,,,,,,,,,2,,,,,,,,,,,,,,,,,,,,,,,,,,,,,y,,,,,,,2,,,,,,,,,,,,,,,,
1481,KWIK TRIP #481,4820 HIGHWAY 61 W,RED WING,MN,55066,44.56769,-92.62499,3.099,,3.899,3.359,fuel,USA,USD,Schneider,KwikTrip,,,,,,,,,,,,,,,,,,,,,,,,,,,,,,,,,,,,,y,,,,,,,,,,,,,,,,,,,,,,,,,,,,,,,,1,,,,,,,,,,,,,,,,,,,,,,,,,,,,,y,,,,,,,2,,,,,,,,,,,,,,,,
11203,KWIK TRIP #1203,1800 E BRIDGE ST,REDWOOD FALLS,MN,56283,44.54014,-95.07667,3.099,,3.949,3.549,fuel,USA,USD,Schneider,KwikTrip,,,,,,,,,,,,,,,,,,,,,,,,,,,1,,,,,,,,,,y,,,,,,,,,,,,,,,,,,,,,,,,,,,,,,,,1,,,,,,,,,,,,,,,,,,,,,,,,,,,,,y,,,,,,,2,,,,,,,,,,,,,,,,
1659,KWIK TRIP #659,1990 SCOTT RD NW,ROCHESTER,MN,55901,44.04435,-92.51523,3.199,,3.949,3.599,fuel,USA,USD,Schneider,KwikTrip,,,,,,,,,,,,,,,,,,,,,,,,,,,1,,,,,,,,,,y,,,,,,,,,,,,,,,,,,,,,,,,,,,,,,,,2,,,,,,,,,,,,,,,,,,,,,,,,,,,,,y,,,,,,,2,,,,,,,,,,,,,,,,
1464,KWIK TRIP #464,4760 COMMERCIAL DR SW,ROCHESTER,MN,55902,43.95417,-92.47166,3.049,,4.049,3.449,fuel,USA,USD,Schneider,KwikTrip,,,,,,,,,,,,,,,,,,,,,,,,,,,1,,,,,,,,,,y,,,,,,,,,,,,,,,,,,,,,,,,,,,,,,,,2,,,,y,,,,,,,,,,,,15,,,,,,,,,,,,,y,,,,,,,2,,,,,,,y,,,,,,,,,
1279,KWIK TRIP #279,6413 BANDEL RD NW,ROCHESTER,MN,55901,44.09213,-92.51037,3.199,,4.199,3.599,fuel,USA,USD,Schneider,KwikTrip,,,,,,,,,,,,,,,,,,,,,,,,,,,1,,,,,,,,,,y,,,,,,,,,,,,,,,,,,,,,,,,,,,,,,,,2,y,,,y,,,,,,,,,,,,5,,,,,,,,,,,,,y,,,,,,,2,,,,,,,y,,,,,,,,,
1590,KWIK TRIP #590,3520 SARAH PL NW,ROCHESTER,MN,55901,44.05903,-92.52773,3.199,,4.199,3.599,fuel,USA,USD,Schneider,KwikTrip,,,,,,,,,,,,,,,,,,,,,,,,,,,1,,,,,,,,,,y,,,,,,,,,,,,,,,,,,,,,,,,,,,,,,,,2,,,,,,,,,,,,,,,,,,,,,,,,,,,,,y,,,,,,,2,,,,,,,,,,,,,,,,
1592,KWIK TRIP #592,1225 W 4TH ST,RUSH CITY,MN,55069,45.68522,-92.98149,3.199,,4.199,3.299,fuel,USA,USD,Schneider,KwikTrip,,,,,,,,,,,,,,,,,,,,,,,,,,,1,,,,,,,,,,y,,,,,,,,,,,,,,,,,,,,,,,,,,,,,,,,,,,,,,,,,,,,,,,,,,,,,,,,,,,,,y,,,,,,,2,,,,,,,,,,,,,,,,
1609,KWIK TRIP #609,110 STATE ROAD 16,RUSHFORD,MN,55971,43.80523,-91.75449,2.959,,3.959,,fuel,USA,USD,Schneider,KwikTrip,,,,,,,,,,,,,,,,,,,,,,,,,,,,,,,,,,,,,y,,,,,,,,,,,,,,,,,,,,,,,,,,,,,,,,,,,,,,,,,,,,,,,,2,,,,,,,,,,,,,,,,,,,,2,,,,,,,,,,,,,,,,
1158,KWIK TRIP #158,1230 HIGHWAY 23 E,SAINT CLOUD,MN,56304,45.56671,-94.13462,3.199,,4.199,3.589,fuel,USA,USD,Schneider,KwikTrip,,,,,,,,,,,,,,,,,,,,,,,,,,,1,,,,,,,,,,y,,,,,,,,,,,,,,,,,,,,,,,,,,,,,,,,2,,,,,,,,,,,,,,,,,,,,,,,,,,,,,y,,,,,,,2,,,,,,,y,,,,,,,,,
1120,KWIK TRIP #120,725 44TH AVE N,SAINT CLOUD,MN,56303,45.56588,-94.21351,3.129,,4.129,3.589,fuel,USA,USD,Schneider,KwikTrip,,,,,,,,,,,,,,,,,,,,,,,,,,,1,,,,,,,,,,y,,,,,,,,,,,,,,,,,,,,,,,,,,,,,,,,,,,,y,,,,,,,,,,,,2,,,,,,,,,,,,,y,,,,,,,2,,,,,,,y,,,,,,,,,
1149,KWIK TRIP #149,750 15TH AVE SE,SAINT CLOUD,MN,56304,45.55741,-94.12921,3.199,,4.199,3.589,fuel,USA,USD,Schneider,KwikTrip,,,,,,,,,,,,,,,,,,,,,,,,,,,1,,,,,,,,,,y,,,,,,,,,,y,,,,,,,,,,,,,,,,,,,,,,1,,,,y,,,,,,,,,,,,12,,,,,3,,,,,,,,y,,,,,,,2,,,,,,,y,,,,,,,,,
1575,KWIK TRIP #575,15 20TH AVE SE,SAINT JOSEPH,MN,56374,45.56434,-94.29066,2.999,,3.999,3.589,fuel,USA,USD,Schneider,KwikTrip,,,,,,,,,,,,,,,,,,,,,,,,,,,,,,,,,,,,,y,,,,,,,,,,,,,,,,,,,,,,,,,,,,,,,,1,y,,,,,,,,,,,,,,,,,,,,,,,,,,,,y,,,,,,,2,,,,,,,,,,,,,,,,
1681,KWIK TRIP #681,4400 O DAY AVE NE,SAINT MICHAEL,MN,55376,45.21768,-93.5981,3.099,,4.099,3.699,fuel,USA,USD,Schneider,KwikTrip,,,,,,,,,,,,,,,,,,,,,,,,,,,1,,,,,,,,,,y,,,,,,,,,,,,,,,,,,,,,,,,,,,,,,,,2,,,,,,,,,,,,,,,,1,,,,,,,,,,,,,y,,,,,,,2,,,,,,,y,,,,,,,,,
11152,KWIK TRIP #1152,1815 OLD MINNESOTA AVE,SAINT PETER,MN,56082,44.34837,-93.95228,3.179,,4.179,3.399,fuel,USA,USD,Schneider,KwikTrip,,,,,,,,,,,,,,,,,,,,,,,,,,,1,,,,,,,,,,y,,,,,,,,,,,,,,,,,,,,,,,,,,,,,,,,1,,,,,,,,,,,,,,,,,,,,,,,,,,,,,y,,,,,,,2,,,,,,,,,,,,,,,,
1154,KWIK TRIP #154,245 18TH ST N,SAUK RAPIDS,MN,56379,45.60998,-94.17712,3.199,,4.199,3.589,fuel,USA,USD,Schneider,KwikTrip,,,,,,,,,,,,,,,,,,,,,,,,,,,1,,,,,,,,,,y,,,,,,,,,,,,,,,,,,,,,,,,,,,,,,,,2,,,,,,,,,,,,,,,,,,,,,,,,,,,,,y,,,,,,,2,,,,,,,y,,,,,,,,,
1178,KWIK TRIP #178,455 CONCORD ST S,SOUTH SAINT PAUL,MN,55075,44.88389,-93.03055,3.199,,4.199,3.599,fuel,USA,USD,Schneider,KwikTrip,,,,,,,,,,,,,,,,,,,,,,,,,,,1,,,,,,,,,,y,,,,,,,,,,y,,,,,,,,,,,,,,,,,,,,,,1,,,,y,,,,,,,,,,,,10,,,,,,,,,,,,,y,,,,,,,2,,,,,,,,,,,,,,,,
1213,KWIK TRIP #213,5335 STACY TRL,STACY,MN,55079,45.39657,-92.9974,3.149,,4.149,3.249,fuel,USA,USD,Schneider,KwikTrip,,,,,,,,,,,,,,,,,,,,,,,,,,,1,,,,,,,,,,y,,,,,,,,,,,,,,,,,,,,,,,,,,,,,,,,1,,,,,,,,,,,,,,,,4,,,,,,,,,,,,,y,,,,,,,2,,,,,,,,,,,,,,,,
1414,KWIK TRIP #414,101 SCHUMANN DR NW,STEWARTVILLE,MN,55976,43.87718,-92.4898,3.199,,4.199,3.449,fuel,USA,USD,Schneider,KwikTrip,,,,,,,,,,,,,,,,,,,,,,,,,,,,,,,,,,,,,y,,,,,,,,,,,,,,,,,,,,,,,,,,,,,,,,1,,,,,,,,,,,,,,,,12,,,,,,,,,,,,,y,,,,,,,2,,,,,,,y,,,,,,,,,
1141,KWIK TRIP #141,1100 7TH AVE,TWO HARBORS,MN,55616,47.02544,-91.68084,2.969,,3.969,3.599,fuel,USA,USD,Schneider,KwikTrip,,,,,,,,,,,,,,,,,,,,,,,,,,,,,,,,,,,,,y,,,,,,,,,,,,,,,,,,,,,,,,,,,,,,,,1,,,,,,,,,,,,,,,,10,,,,,,,,,,,,,y,,,,,,,2,,,,,,,,,,,,,,,,
11173,KWIK TRIP #1173,100 SPARROW RD,WACONIA,MN,55387,44.83611,-93.77371,3.099,,4.099,3.599,fuel,USA,USD,Schneider,KwikTrip,,,,,,,,,,,,,,,,,,,,,,,,,,,1,,,,,,,,,,y,,,,,,,,,,,,,,,,,,,,,,,,,,,,,,,,1,,,,,,,,,,,,,,,,,,,,,,,,,,,,,y,,,,,,,2,,,,,,,,,,,,,,,,
1937,KWIK TRIP #937,2550 HIGHWAY 12 E,WILLMAR,MN,56201,45.12493,-95.00822,3.179,,4.179,3.499,fuel,USA,USD,Schneider,KwikTrip,,,,,,,,,,,,,,,,,,,,,,,,,,,,,,,,,,,,,y,,,,,,,,,,y,,,,,,,,,,,,,,,,,,,,,,,y,,,y,,,,,,,,,,,,36,,,,,3,,,,,,,,y,,,,,,,2,,,,,,,y,,,,,,,,,
11147,KWIK TRIP #1147,251 1ST AVE S,WINDOM,MN,56101,43.85602,-95.11484,3.199,,4.049,3.599,fuel,USA,USD,Schneider,KwikTrip,,,,,,,,,,,,,,,,,,,,,,,,,,,1,,,,,,,,,,y,,,,,,,,,,,,,,,,,,,,,,,,,,,,,,,,1,,,,,,,,,,,,,,,,7,,,,,,,,,,,,,y,,,,,,,2,,,,,,,,,,,,,,,,
11028,KWIK TRIP #1028,1601 OXFORD ST,WORTHINGTON,MN,56187,43.63124,-95.59004,3.199,,3.899,3.389,fuel,USA,USD,Schneider,KwikTrip,,,,,,,,,,,,,,,,,,,,,,,,,,,,,,,,,,,,,y,,,,,,,,,,,,,,,,,,,,,,,,,,,,,,,,1,,,,,,,,,,,,,,,,,,,,,,,,,,,,,y,,,,,,,2,,,,,,,,,,,,,,,,
11212,KWIK TRIP #1212,1755 N HUMISTON AVE,WORTHINGTON,MN,56187,43.63631,-95.59478,3.199,,3.899,3.389,fuel,USA,USD,Schneider,KwikTrip,,,,,,,,,,,,,,,,,,,,,,,,,,,1,,,,,,,,,,y,,,,,,,,,,y,,,,,,,,,,,,,,,,,,,,,,,,,,y,,,,,,,,,,,,35,,,,,2,,,,,,,,y,,,,,,,2,,,,,,,,,,,,,,,,
1463,KWIK TRIP #463,100 JEFFERSON DR,ZUMBROTA,MN,55992,44.28281,-92.66761,3.199,,4.199,3.599,fuel,USA,USD,Schneider,KwikTrip,,,,,,,,,,,,,,,,,,,,,,,,,,,,,,,,,,,,,y,,,,,,,,,,,,,,,,,,,,,,,,,,,,,,,,1,,,,,,,,,,,,,,,,5,,,,,,,,,,,,,y,,,,,,,2,,,,,,,,,,,,,,,,
11296,KWIK STAR #1296,1430 TOM SAWYER TRL,HARRISBURG,SD,57032,43.44334,-96.72661,2.799,,3.649,3.139,fuel,USA,USD,Schneider,KwikTrip,,,,,,,,,,,,,,,,,,,,,,,,,,,,,,,,,,,,,y,,,,,,,,,,,,,,,,,,,,,,,,,,,,,,,,1,,,,,,,,,,,,,,,,,,,,,,,,,,,,,y,,,,,,,2,,,,,,,,,,,,,,,,
11285,KWIK STAR #1285,3310 N CLIFF AVE,SIOUX FALLS,SD,57104,43.58067,-96.71086,2.799,,3.649,3.139,fuel,USA,USD,Schneider,KwikTrip,,,,,,,,,,,,,,,,,,,,,,,,,,,1,,,,,,,,,,y,,,,,,,,,,,,,,,,,,,,,,,,,,,,,,,,,,,,,,,,,,,,,,,,,,,,,,,,,,,,,y,,,,,,,2,,,,,,,,,,,,,,,,
11217,KWIK STAR #1217,6301 E 41ST ST,SIOUX FALLS,SD,57110,43.51443,-96.64823,2.779,,3.629,3.139,fuel,USA,USD,Schneider,KwikTrip,,,,,,,,,,,,,,,,,,,,,,,,,,,1,,,,,,,,,,y,,,,,,,,,,,,,,,,,,,,,,,,,,,,,,,,1,,,,,,,,,,,,,,,,,,,,,,,,,,,,,y,,,,,,,2,,,,,,,,,,,,,,,,
11257,KWIK STAR #1257,901 N EBENEZER AVE,SIOUX FALLS,SD,57107,43.55718,-96.78683,2.799,,3.649,3.139,fuel,USA,USD,Schneider,KwikTrip,,,,,,,,,,,,,,,,,,,,,,,,,,,,,,,,,,,,,y,,,,,,,,,,,,,,,,,,,,,,,,,,,,,,,,1,,,,,,,,,,,,,,,,6,,,,,,,,,,,,,y,,,,,,,2,,,,,,,,,,,,,,,,
1885,KWIK TRIP #885,301 ELDERBERRY RD,ABBOTSFORD,WI,54405,44.92801,-90.31212,2.899,,3.899,3.399,fuel,USA,USD,Schneider,KwikTrip,,,,,,,,,,,,,,,,,,,,,,,,,,,1,,,,,,,,,,y,,,,,,,,,,y,,,,,,,,,,,,,,,,,,,,,,,,,,y,,,,,,,,,,,,52,,,,,3,,,,,,,,y,,,,,,,2,,,,,,,y,,,,,,,,,
1774,KWIK TRIP #774,237 N MAIN ST,ADAMS,WI,53910,43.96113,-89.81837,3.049,,4.049,3.399,fuel,USA,USD,Schneider,KwikTrip,,,,,,,,,,,,,,,,,,,,,,,,,,,,,,,,,,,,,y,,,,,,,,,,,,,,,,,,,,,,,,,,,,,,,,,,,,,,,,,,,,,,,,,,,,,,,,,,,,,y,,,,,,,2,,,,,,,y,,,,,,,,,
11128,KWIK TRIP #1128,116 BAUMBACH WAY,ALTOONA,WI,54720,44.79237,-91.40788,2.839,,3.839,3.289,fuel,USA,USD,Schneider,KwikTrip,,,,,,,,,,,,,,,,,,,,,,,,,,,1,,,,,,,,,,y,,,,,,,,,,,,,,,,,,,,,,,,,,,,,,,,1,,,,,,,,,,,,,,,,7,,,,,,,,,,,,,y,,,,,,,2,,,,,,,,,,,,,,,,
1595,KWIK TRIP #595,855 KELLER AVE S,AMERY,WI,54001,45.29629,-92.36633,2.939,,3.939,3.599,fuel,USA,USD,Schneider,KwikTrip,,,,,,,,,,,,,,,,,,,,,,,,,,,,,,,,,,,,,y,,,,,,,,,,,,,,,,,,,,,,,,,,,,,,,,1,,,,,,,,,,,,,,,,,,,,,,,,,,,,,y,,,,,,,2,,,,,,,,,,,,,,,,
11143,KWIK TRIP #1143,815 S SUPERIOR ST,ANTIGO,WI,54409,45.12526,-89.15218,3.019,,4.019,3.379,fuel,USA,USD,Schneider,KwikTrip,,,,,,,,,,,,,,,,,,,,,,,,,,,1,,,,,,,,,,y,,,,,,,,,,,,,,,,,,,,,,,,,,,,,,,,1,,,,y,,,,,,,,,,,,7,,,,,,,,,,,,,y,,,,,,,2,,,,,,,,,,,,,,,,
1588,KWIK TRIP #588,11085 STATE HIGHWAY 70 E,ARBOR VITAE,WI,54568,45.92032,-89.69458,2.989,,3.989,3.169,fuel,USA,USD,Schneider,KwikTrip,,,,,,,,,,,,,,,,,,,,,,,,,,,,,,,,,,,,,y,,,,,,,,,,,,,,,,,,,,,,,,,,,,,,,,,,,,,,,,,,,,,,,,6,,,,,,,,,,,,,y,,,,,,,2,,,,,,,,,,,,,,,,
1413,KWIK TRIP #413,1625 E MAIN ST,ARCADIA,WI,54612,44.25024,-91.47257,2.999,,3.999,3.399,fuel,USA,USD,Schneider,KwikTrip,,,,,,,,,,,,,,,,,,,,,,,,,,,,,,,,,,,,,y,,,,,,,,,,,,,,,,,,,,,,,,,,,,,,,,,,,,,,,,,,,,,,,,7,,,,,,,,,,,,,y,,,,,,,2,,,,,,,,,,,,,,,,
1110,KWIK TRIP #110,1814 LAKE SHORE DR W,ASHLAND,WI,54806,46.58314,-90.90471,3.079,,4.079,3.599,fuel,USA,USD,Schneider,KwikTrip,,,,,,,,,,,,,,,,,,,,,,,,,,,,,,,,,,,,,y,,,,,,,,,,,,,,,,,,,,,,,,,,,,,,,,1,,,,,,,,,,,,,,,,,,,,,,,,,,,,,y,,,,,,,2,,,,,,,,,,,,,,,,
1118,KWIK TRIP #118,2300 LAKE SHORE DR E,ASHLAND,WI,54806,46.60412,-90.85499,3.079,,4.079,3.599,fuel,USA,USD,Schneider,KwikTrip,,,,,,,,,,,,,,,,,,,,,,,,,,,,,,,,,,,,,y,,,,,,,,,,,,,,,,,,,,,,,,,,,,,,,,1,,,,y,,,,,,,,,,,,3,,,,,,,,,,,,,y,,,,,,,2,,,,,,,y,,,,,,,,,
11270,KWIK TRIP #1270,2499 S POINT RD,ASHWAUBENON,WI,54313,44.49734,-88.11281,2.839,,3.839,3.279,fuel,USA,USD,Schneider,KwikTrip,,,,,,,,,,,,,,,,,,,,,,,,,,,1,,,,,,,,,,y,,,,,,,,,,,,,,,,,,,,,,,,,,,,,,,,1,,,,,,,,,,,,,,,,,,,,,,,,,,,,,y,,,,,,,2,,,,,,,,,,,,,,,,
1696,KWIK TRIP #696,940 BALDWIN PLAZA DR,BALDWIN,WI,54002,44.9412,-92.37375,2.999,,3.999,3.639,fuel,USA,USD,Schneider,KwikTrip,,,,,,,,,,,,,,,,,,,,,,,,,,,,,,,,,,,,,y,,,,,,,,,,y,,,,,,,,,,,,,,,,,,,,,,,,,,,,,,,,,,,,,,29,,,,,2,,,,,,,,y,,,,,,,2,,,,,,,y,,,,,,,,,
1747,KWIK TRIP #747,950 CURTIS ST,BALDWIN,WI,54002,44.97076,-92.37417,2.999,,3.999,3.639,fuel,USA,USD,Schneider,KwikTrip,,,,,,,,,,,,,,,,,,,,,,,,,,,,,,,,,,,,,y,,,,,,,,,,,,,,,,,,,,,,,,,,,,,,,,1,,,,,,,,,,,,,,,,,,,,,,,,,,,,,y,,,,,,,1,,,,,,,,,,,,,,,,
1855,KWIK TRIP #855,1330 SOUTH BLVD,BARABOO,WI,53913,43.46012,-89.76731,2.949,,3.949,3.299,fuel,USA,USD,Schneider,KwikTrip,,,,,,,,,,,,,,,,,,,,,,,,,,,1,,,,,,,,,,y,,,,,,,,,,,,,,,,,,,,,,,,,,,,,,,,,,,,,,,,,,,,,,,,,,,,,,,,,,,,,y,,,,,,,2,,,,,,,,,,,,,,,,
1657,KWIK TRIP #657,604 8TH ST,BARABOO,WI,53913,43.47445,-89.73353,2.949,,,3.299,fuel,USA,USD,Schneider,KwikTrip,,,,,,,,,,,,,,,,,,,,,,,,,,,,,,,,,,,,,,,,,,,,,,,,,,,,,,,,,,,,,,,,,,,,,,,,,,,,,,,,,,,,,,,,,,,,,,,,,,,,,,,,,2,,,,,,,,,,,,,,,,
1834,KWIK TRIP #834,617 W PINE ST,BARABOO,WI,53913,43.4751,-89.76812,2.949,,3.949,3.299,fuel,USA,USD,Schneider,KwikTrip,,,,,,,,,,,,,,,,,,,,,,,,,,,,,,,,,,,,,,,,,,,,,,,,,,,,,,,,,,,,,,,,,,,,,,,,,,,,,,,,,,,,,,,,,,,,,,,,,,,,,,,,,2,,,,,,,,,,,,,,,,
11508,KWIK TRIP #1508,100 E INDUSTRIAL DR,BARNEVELD,WI,53507,43.00844,-89.90075,2.999,,3.999,3.499,fuel,USA,USD,Schneider,KwikTrip,,,,,,,,,,,,,,,,,,,,,,,,,,,,,,,,,,,,,y,,,,,,,,,,,,,,,,,,,,,,,,,,,,,,,,1,,,,,,,,,,,,,,,,,,,,,,,,,,,,,y,,,,,,,2,,,,,,,,,,,,,,,,
1748,KWIK TRIP #748,1456 E LA SALLE AVE,BARRON,WI,54812,45.40061,-91.83492,2.999,,3.999,3.499,fuel,USA,USD,Schneider,KwikTrip,,,,,,,,,,,,,,,,,,,,,,,,,,,1,,,,,,,,,,y,,,,,,,,,,,,,,,,,,,,,,,,,,,,,,,,1,,,,,,,,,,,,,,,,,,,,,,,,,,,,,y,,,,,,,2,,,,,,,,,,,,,,,,
1346,KWIK TRIP #346,1201 MADISON ST,BEAVER DAM,WI,53916,43.44087,-88.85676,2.999,,3.999,3.259,fuel,USA,USD,Schneider,KwikTrip,,,,,,,,,,,,,,,,,,,,,,,,,,,1,,,,,,,,,,y,,,,,,,,,,,,,,,,,,,,,,,,,,,,,,,,1,,,,,,,,,,,,,,,,,,,,,,,,,,,,,y,,,,,,,2,,,,,,,,,,,,,,,,
1400,KWIK TRIP #400,2006 N SPRING ST,BEAVER DAM,WI,53916,43.48604,-88.81828,2.999,,3.999,3.259,fuel,USA,USD,Schneider,KwikTrip,,,,,,,,,,,,,,,,,,,,,,,,,,,,,,,,,,,,,,,,,,,,,,,,,,,,,,,,,,,,,,,,,,,,,2,,,,,,,,,,,,,,,,,,,,,,,,,,,,,,,,,,,,2,,,,,,,,,,,,,,,,
1785,KWIK TRIP #785,1504 N CENTER ST,BEAVER DAM,WI,53916,43.47428,-88.83947,2.999,,3.999,3.259,fuel,USA,USD,Schneider,KwikTrip,,,,,,,,,,,,,,,,,,,,,,,,,,,,,,,,,,,,,,,,,,,,,,,,,,,,,,,,,,,,,,,,,,,,,,,,,,,,,,,,,,,,,,,,,,,,,,,,,,,,,,,,,2,,,,,,,,,,,,,,,,
11281,KWIK TRIP #1281,106 N ROYAL AVE,BELGIUM,WI,53004,43.50051,-87.83421,2.999,,3.999,3.399,fuel,USA,USD,Schneider,KwikTrip,,,,,,,,,,,,,,,,,,,,,,,,,,,1,,,,,,,,,,y,,,,,,,,,,y,,,,,,,,,,,,,,,,,,,,,,1,,,,y,,,,,,,,,,,,41,,,,,4,,,,,,,,y,,,,,,,2,,,,,,,,,,,,,,,,
11140,KWIK TRIP #1140,1120 BELLWEST BLVD,BELLEVILLE,WI,53508,42.86172,-89.56047,2.999,,3.999,3.499,fuel,USA,USD,Schneider,KwikTrip,,,,,,,,,,,,,,,,,,,,,,,,,,,1,,,,,,,,,,y,,,,,,,,,,,,,,,,,,,,,,,,,,,,,,,,1,,,,,,,,,,,,,,,,,,,,,,,,,,,,,y,,,,,,,2,,,,,,,,,,,,,,,,
11197,KWIK TRIP #1197,102 W MOUND VIEW AVE,BELMONT,WI,53510,42.74603,-90.34131,3.099,,4.099,3.499,fuel,USA,USD,Schneider,KwikTrip,,,,,,,,,,,,,,,,,,,,,,,,,,,,,,,,,,,,,y,,,,,,,,,,y,,,,,,,,,,,,,,,,,,,,,,,,,,y,,,,,,,,,,,,64,,,,,3,,,,,,,,y,,,,,,,2,,,,,,,,,,,,,,,,
11518,STOP N GO #1518,907 E INMAN PKWY,BELOIT,WI,53511,42.55433,-89.02542,2.899,,3.899,3.499,fuel,USA,USD,Schneider,KwikTrip,,,,,,,,,,,,,,,,,,,,,,,,,,,,,,,,,,,,,,,,,,,,,,,,,,,,,,,,,,,,,,,,,,,,,,,,,,,,,,,,,,,,,,,,,,,,,,,,,,,,,,,,,1,,,,,,,,,,,,,,,,
11151,KWIK TRIP #1151,3155 S PRAIRIE AVE,BELOIT,WI,53511,42.55447,-89.01041,2.899,,3.899,3.499,fuel,USA,USD,Schneider,KwikTrip,,,,,,,,,,,,,,,,,,,,,,,,,,,1,,,,,,,,,,y,,,,,,,,,,,,,,,,,,,,,,,,,,,,,,,,1,,,,,,,,,,,,,,,,,,,,,,,,,,,,,y,,,,,,,2,,,,,,,,,,,,,,,,
1777,KWIK TRIP #777,270 BROADWAY,BERLIN,WI,54923,43.96861,-88.95305,2.999,,3.999,3.499,fuel,USA,USD,Schneider,KwikTrip,,,,,,,,,,,,,,,,,,,,,,,,,,,1,,,,,,,,,,y,,,,,,,,,,,,,,,,,,,,,,,,,,,,,,,,,,,,,,,,,,,,,,,,,,,,,,,,,,,,,y,,,,,,,2,,,,,,,,,,,,,,,,
1239,KWIK TRIP #239,W235S7125 BIG BEND DR,BIG BEND,WI,53103,42.91504,-88.2196,2.899,,3.899,3.499,fuel,USA,USD,Schneider,KwikTrip,,,,,,,,,,,,,,,,,,,,,,,,,,,1,,,,,,,,,,y,,,,,,,,,,,,,,,,,,,,,,,,,,,,,,,,,,,,,,,,,,,,,,,,4,,,,,,,,,,,,,y,,,,,,,2,,,,,,,,,,,,,,,,
1596,KWIK TRIP #596,1110 STATE ST,BLACK EARTH,WI,53515,43.14293,-89.7466,2.999,,3.999,3.399,fuel,USA,USD,Schneider,KwikTrip,,,,,,,,,,,,,,,,,,,,,,,,,,,1,,,,,,,,,,y,,,,,,,,,,,,,,,,,,,,,,,,,,,,,,,,,,,,,,,,,,,,,,,,2,,,,,,,,,,,,,y,,,,,,,2,,,,,,,,,,,,,,,,
1240,KWIK TRIP #240,15 COUNTY ROAD A,BLACK RIVER FALLS,WI,54615,44.30497,-90.84568,2.809,,3.809,3.399,fuel,USA,USD,Schneider,KwikTrip,,,,,,,,,,,,,,,,,,,,,,,,,,,1,,,,,,,,,,y,,,,,,,,,,,,,,,,,,,,,,,,,,,,,,,,,,,,,,,,,,,,,,,,,,,,,,,,,,,,,y,,,,,,,2,,,,,,,,,,,,,,,,
1648,KWIK TRIP #648,751 STATE HIGHWAY 54,BLACK RIVER FALLS,WI,54615,44.29381,-90.8306,2.809,,3.809,3.399,fuel,USA,USD,Schneider,KwikTrip,,,,,,,,,,,,,,,,,,,,,,,,,,,,,,,,,,,,,y,,,,,,,,,,y,,,,,,,,,,,,,,,,,,,,,,,,,,,,,,,,,,,,,,10,,,,,3,,,,,,,,y,,,,,,,2,,,,,,,y,,,,,,,,,
1328,KWIK TRIP #328,511 W 4TH ST,BLAIR,WI,54616,44.29042,-91.24121,2.999,,3.999,3.399,fuel,USA,USD,Schneider,KwikTrip,,,,,,,,,,,,,,,,,,,,,,,,,,,,,,,,,,,,,y,,,,,,,,,,,,,,,,,,,,,,,,,,,,,,,,,,,,,,,,,,,,,,,,,,,,,,,,,,,,,y,,,,,,,2,,,,,,,,,,,,,,,,
1427,KWIK TRIP #427,1625 WOODARD RD,BLOOMER,WI,54724,45.1002,-91.50874,2.969,,3.969,3.389,fuel,USA,USD,Schneider,KwikTrip,,,,,,,,,,,,,,,,,,,,,,,,,,,,,,,,,,,,,y,,,,,,,,,,,,,,,,,,,,,,,,,,,,,,,,,y,,,,,,,,,,,,,,,20,,,,,,,,,,,,,y,,,,,,,2,,,,,,,y,,,,,,,,,
1621,KWIK TRIP #621,102 EXPRESS WAY,BONDUEL,WI,54107,44.72975,-88.44672,2.999,,4.099,3.349,fuel,USA,USD,Schneider,KwikTrip,,,,,,,,,,,,,,,,,,,,,,,,,,,,,,,,,,,,,y,,,,,,,,,,y,,,,,,,,,,,,,,,,,,,,,,,,,,y,,,,,,,,,,,,51,,,,,4,,,,,,,,y,,,,,,,2,,,,,,,,,,,,,,,,
1231,KWIK TRIP #231,305 W PRAIRIE ST,BOSCOBEL,WI,53805,43.1406,-90.70944,2.999,,3.999,3.499,fuel,USA,USD,Schneider,KwikTrip,,,,,,,,,,,,,,,,,,,,,,,,,,,,,,,,,,,,,y,,,,,,,,,,,,,,,,,,,,,,,,,,,,,,,,,,,,,,,,,,,,,,,,3,,,,,,,,,,,,,y,,,,,,,2,,,,,,,,,,,,,,,,
11021,KWIK TRIP #1021,2107 1ST CENTER AVE,BRODHEAD,WI,53520,42.60942,-89.37685,2.979,,3.979,3.389,fuel,USA,USD,Schneider,KwikTrip,,,,,,,,,,,,,,,,,,,,,,,,,,,1,,,,,,,,,,y,,,,,,,,,,,,,,,,,,,,,,,,,,,,,,,,1,,,,,,,,,,,,,,,,,,,,,,,,,,,,,y,,,,,,,2,,,,,,,,,,,,,,,,
1462,KWIK TRIP #462,1164 S PINE ST,BURLINGTON,WI,53105,42.6597,-88.2602,2.919,,3.919,3.499,fuel,USA,USD,Schneider,KwikTrip,,,,,,,,,,,,,,,,,,,,,,,,,,,1,,,,,,,,,,y,,,,,,,,,,,,,,,,,,,,,,,,,,,,,,,,2,,,,,,,,,,,,,,,,,,,,,,,,,,,,,y,,,,,,,2,,,,,,,,,,,,,,,,
1401,KWIK TRIP #401,500 FALCON RIDGE DR,BURLINGTON,WI,53105,42.69278,-88.26606,2.919,,3.919,3.499,fuel,USA,USD,Schneider,KwikTrip,,,,,,,,,,,,,,,,,,,,,,,,,,,,,,,,,,,,,,,,,,,,,,,,,,,,,,,,,,,,,,,,,,,,,2,,,,,,,,,,,,,,,,,,,,,,,,,,,,,,,,,,,,2,,,,,,,,,,,,,,,,
1586,KWIK TRIP #586,12501 W ARDEN PL,BUTLER,WI,53007,43.09912,-88.06749,2.999,,3.999,3.499,fuel,USA,USD,Schneider,KwikTrip,,,,,,,,,,,,,,,,,,,,,,,,,,,,,,,,,,,,,y,,,,,,,,,,,,,,,,,,,,,,,,,,,,,,,,,,,,,,,,,,,,,,,,,,,,,,,,,,,,,y,,,,,,,2,,,,,,,,,,,,,,,,
11269,KWIK TRIP #1269,340 S HIGHWAY 27,CADOTT,WI,54727,44.94201,-91.14598,2.839,,3.839,3.399,fuel,USA,USD,Schneider,KwikTrip,,,,,,,,,,,,,,,,,,,,,,,,,,,,,,,,,,,,,y,,,,,,,,,,,,,,,,,,,,,,,,,,,,,,,,,,,,,,,,,,,,,,,,2,,,,,,,,,,,,,y,,,,,,,2,,,,,,,,,,,,,,,,
11507,KWIK TRIP #1507,550 WESTGATE CT,CAMBRIDGE,WI,53523,43.00983,-89.02433,2.989,,3.989,3.299,fuel,USA,USD,Schneider,KwikTrip,,,,,,,,,,,,,,,,,,,,,,,,,,,,,,,,,,,,,y,,,,,,,,,,,,,,,,,,,,,,,,,,,,,,,,1,,,,,,,,,,,,,,,,9,,,,,,,,,,,,,y,,,,,,,2,,,,,,,,,,,,,,,,
1922,KWIK TRIP #922,201 S 1ST ST,CAMERON,WI,54822,45.40678,-91.73524,2.999,,3.999,3.499,fuel,USA,USD,Schneider,KwikTrip,,,,,,,,,,,,,,,,,,,,,,,,,,,1,,,,,,,,,,y,,,,,,,,,,,,,,,,,,,,,,,,,,,,,,,,1,,,,,,,,,,,,,,,,4,,,,,,,,,,,,,y,,,,,,,2,,,,,,,,,,,,,,,,
11010,KWIK TRIP #1010,1299 WASHINGTON AVE,CEDARBURG,WI,53012,43.32221,-88.00611,2.999,,3.999,3.499,fuel,USA,USD,Schneider,KwikTrip,,,,,,,,,,,,,,,,,,,,,,,,,,,,,,,,,,,,,,,,,,,,,,,,,,,,,,,,,,,,,,,,,,,,,,,,,,,,,,,,,,,,,,,,,,,,,,,,,,,,,,,,,2,,,,,,,y,,,,,,,,,
1630,KWIK TRIP #630,45 E CHESTNUT ST,CHILTON,WI,53014,44.0238,-88.16104,2.999,,3.999,3.399,fuel,USA,USD,Schneider,KwikTrip,,,,,,,,,,,,,,,,,,,,,,,,,,,,,,,,,,,,,y,,,,,,,,,,,,,,,,,,,,,,,,,,,,,,,,,,,,,,,,,,,,,,,,4,,,,,,,,,,,,,y,,,,,,,2,,,,,,,,,,,,,,,,
11267,KWIK TRIP #1267,1267 CHIPPEWA CROSSING BLVD,CHIPPEWA FALLS,WI,54729,44.92195,-91.36887,2.839,,3.839,3.399,fuel,USA,USD,Schneider,KwikTrip,,,,,,,,,,,,,,,,,,,,,,,,,,,1,,,,,,,,,,y,,,,,,,,,,y,,,,,,,,,,,,,,,,,,,,,,1,,,,,,,,,,,,,,,,55,,,,,,,,,,,,,y,,,,,,,2,,,,,,,,,,,,,,,,
1352,KWIK TRIP #352,2997 COMMERCIAL BLVD,CHIPPEWA FALLS,WI,54729,44.88592,-91.41764,2.999,,3.999,3.399,fuel,USA,USD,Schneider,KwikTrip,,,,,,,,,,,,,,,,,,,,,,,,,,,,,,,,,,,,,y,,,,,,,,,,,,,,,,,,,,,,,,,,,,,,,,,,,,,,,,,,,,,,,,11,,,,,,,,,,,,,y,,,,,,,2,,,,,,,y,,,,,,,,,
1884,KWIK TRIP #884,12 W MADISON ST,CLINTONVILLE,WI,54929,44.61685,-88.76342,2.999,,3.999,3.399,fuel,USA,USD,Schneider,KwikTrip,,,,,,,,,,,,,,,,,,,,,,,,,,,,,,,,,,,,,y,,,,,,,,,,,,,,,,,,,,,,,,,,,,,,,,1,,,,,,,,,,,,,,,,,,,,,,,,,,,,,y,,,,,,,2,,,,,,,,,,,,,,,,
11108,KWIK TRIP #1108,W260N9579 STATE ROAD 164,COLGATE,WI,53017,43.19278,-88.26181,2.899,,3.899,3.499,fuel,USA,USD,Schneider,KwikTrip,,,,,,,,,,,,,,,,,,,,,,,,,,,1,,,,,,,,,,y,,,,,,,,,,,,,,,,,,,,,,,,,,,,,,,,,,,,,,,,,,,,,,,,,,,,,,,,,,,,,y,,,,,,,2,,,,,,,,,,,,,,,,
1808,KWIK TRIP #808,204 DIX ST,COLUMBUS,WI,53925,43.34508,-89.03056,2.849,,3.849,3.229,fuel,USA,USD,Schneider,KwikTrip,,,,,,,,,,,,,,,,,,,,,,,,,,,,,,,,,,,,,,,,,,,,,,,,,,,,,,,,,,,,,,,,,,,,,1,,,,,,,,,,,,,,,,,,,,,,,,,,,,,,,,,,,,2,,,,,,,,,,,,,,,,
11061,KWIK TRIP #1061,459 DEBRUIN RD,COMBINED LOCKS,WI,54113,44.25658,-88.29342,2.999,,3.999,3.359,fuel,USA,USD,Schneider,KwikTrip,,,,,,,,,,,,,,,,,,,,,,,,,,,1,,,,,,,,,,y,,,,,,,,,,,,,,,,,,,,,,,,,,,,,,,,2,,,,,,,,,,,,,,,,,,,,,,,,,,,,,y,,,,,,,2,,,,,,,,,,,,,,,,
11512,KWIK TRIP #1512,1100 N WINDSOR AVE,COTTAGE GROVE,WI,53527,43.09962,-89.20023,2.999,,3.999,3.499,fuel,USA,USD,Schneider,KwikTrip,,,,,,,,,,,,,,,,,,,,,,,,,,,,,,,,,,,,,,,,,,,,,,,,,,,,,,,,,,,,,,,,,,,,,,,,,,,,,,,,,,,,,,,,,,,,,,,,,,,,,,,,,2,,,,,,,,,,,,,,,,
11517,STOP N GO #1517,401 W COTTAGE GROVE RD,COTTAGE GROVE,WI,53527,43.08703,-89.20935,2.999,,3.999,3.499,fuel,USA,USD,Schneider,KwikTrip,,,,,,,,,,,,,,,,,,,,,,,,,,,,,,,,,,,,,,,,,,,,,,,,,,,,,,,,,,,,,,,,,,,,,1,,,,,,,,,,,,,,,,,,,,,,,,,,,,,,,,,,,,1,,,,,,,,,,,,,,,,
11101,KWIK TRIP #1101,212 S US HIGHWAY 141,CRIVITZ,WI,54114,45.22251,-87.99627,3.079,,4.179,3.379,fuel,USA,USD,Schneider,KwikTrip,,,,,,,,,,,,,,,,,,,,,,,,,,,1,,,,,,,,,,y,,,,,,,,,,,,,,,,,,,,,,,,,,,,,,,,1,,,,,,,,,,,,,,,,15,,,,,,,,,,,,,y,,,,,,,2,,,,,,,,,,,,,,,,
1833,KWIK TRIP #833,2508 MAIN ST,CROSS PLAINS,WI,53528,43.11108,-89.64494,2.999,,3.999,3.399,fuel,USA,USD,Schneider,KwikTrip,,,,,,,,,,,,,,,,,,,,,,,,,,,1,,,,,,,,,,,,,,,,,,,,,,,,,,,,,,,,,,,,,,,,,,,,,,,,,,,,,,,,,,,,,,,,,,,,,,,,,,,,,,2,,,,,,,,,,,,,,,,
1339,KWIK TRIP #339,212 S MAIN ST,CUBA CITY,WI,53807,42.60485,-90.4305,3.099,,4.099,3.499,fuel,USA,USD,Schneider,KwikTrip,,,,,,,,,,,,,,,,,,,,,,,,,,,,,,,,,,,,,,,,,,,,,,,,,,,,,,,,,,,,,,,,,,,,,,,,,,,,,,,,,,,,,,,,,,,,,,,,,,,,,,,,,2,,,,,,,,,,,,,,,,
1815,KWIK TRIP #815,1530 ELM ST,CUMBERLAND,WI,54829,45.53305,-92.02987,2.999,,3.999,3.499,fuel,USA,USD,Schneider,KwikTrip,,,,,,,,,,,,,,,,,,,,,,,,,,,1,,,,,,,,,,y,,,,,,,,,,,,,,,,,,,,,,,,,,,,,,,,,,,,,,,,,,,,,,,,,,,,,,,,,,,,,y,,,,,,,2,,,,,,,,,,,,,,,,
11199,KWIK TRIP #1199,500 N WALWORTH ST,DARIEN,WI,53114,42.60562,-88.72009,2.999,,3.999,3.499,fuel,USA,USD,Schneider,KwikTrip,,,,,,,,,,,,,,,,,,,,,,,,,,,1,,,,,,,,,,y,,,,,,,,,,,,,,,,,,,,,,,,,,,,,,,,,,,,,,,,,,,,,,,,5,,,,,,,,,,,,,y,,,,,,,2,,,,,,,,,,,,,,,,
1416,KWIK TRIP #416,2618 MONROE RD,DE PERE,WI,54115,44.4539,-87.99528,2.999,,3.999,3.359,fuel,USA,USD,Schneider,KwikTrip,,,,,,,,,,,,,,,,,,,,,,,,,,,,,,,,,,,,,y,,,,,,,,,,,,,,,,,,,,,,,,,,,,,,,,1,,,,,,,,,,,,,,,,,,,,,,,,,,,,,y,,,,,,,2,,,,,,,y,,,,,,,,,
1105,KWIK TRIP #105,2746 FREEDOM RD,DE PERE,WI,54115,44.38657,-88.16708,2.999,,3.999,3.259,fuel,USA,USD,Schneider,KwikTrip,,,,,,,,,,,,,,,,,,,,,,,,,,,,,,,,,,,,,y,,,,,,,,,,,,,,,,,,,,,,,,,,,,,,,,,,,,,,,,,,,,,,,,,,,,,,,,,,,,,y,,,,,,,2,,,,,,,,,,,,,,,,
1557,KWIK TRIP #557,4848 COUNTY ROAD V,DEFOREST,WI,53532,43.25065,-89.36939,2.899,,3.899,3.399,fuel,USA,USD,Schneider,KwikTrip,,,,,,,,,,,,,,,,,,,,,,,,,,,1,,,,,,,,,,y,,,,,,,,,,y,,,,,,,,,,,,,,,,,,,,,,2,,,,,,,,,,,,,,,,16,,,,,,,,,,,,,y,,,,,,,2,,,,,,,,,,,,,,,,
11093,KWIK TRIP #1093,4665 DALMORE RD,DEFOREST,WI,53532,43.19525,-89.35698,2.999,,3.999,3.399,fuel,USA,USD,Schneider,KwikTrip,,,,,,,,,,,,,,,,,,,,,,,,,,,1,,,,,,,,,,,,,,,,,,,,,,,,,,,,,,,,,,,,,,,,,,1,,,,,,,,,,,,,,,,,,,,,,,,,,,,,,,,,,,,2,,,,,,,,,,,,,,,,
11516,STOP N GO #1516,781 S MAIN ST,DEFOREST,WI,53532,43.23841,-89.34291,2.899,,3.899,3.399,fuel,USA,USD,Schneider,KwikTrip,,,,,,,,,,,,,,,,,,,,,,,,,,,,,,,,,,,,,,,,,,,,,,,,,,,,,,,,,,,,,,,,,,,,,,,,,,,,,,,,,,,,,,,,,,,,,,,,,,,,,,,,,1,,,,,,,,,,,,,,,,
1124,KWIK TRIP #124,7372 NORTH TOWNE RD,DEFOREST,WI,53532,43.25148,-89.32518,2.899,,3.899,3.399,fuel,USA,USD,Schneider,KwikTrip,,,,,,,,,,,,,,,,,,,,,,,,,,,1,,,,,,,,,,y,,,,,,,,,,,,,,,,,,,,,,,,,,,,,,,,2,,,,,,,,,,,,,,,,,,,,,,,,,,,,,y,,,,,,,2,,,,,,,,,,,,,,,,
1972,KWIK TRIP #972,2694 SUN VALLEY DR,DELAFIELD,WI,53018,43.0501,-88.37439,2.999,,3.999,3.499,fuel,USA,USD,Schneider,KwikTrip,,,,,,,,,,,,,,,,,,,,,,,,,,,1,,,,,,,,,,,,,,,,,,,,,,,,,,,,,,,,,,,,,,,,,,,,,,,,,,,,,,,,,,,,,,,,,,,,,,,,,,,,,,2,,,,,,,,,,,,,,,,
11046,KWIK TRIP #1046,408 S WRIGHT ST,DELAVAN,WI,53115,42.62894,-88.62602,2.789,,3.789,3.499,fuel,USA,USD,Schneider,KwikTrip,,,,,,,,,,,,,,,,,,,,,,,,,,,1,,,,,,,,,,,,,,,,,,,,,,,,,,,,,,,,,,,,,,,,,,1,,,,,,,,,,,,,,,,,,,,,,,,,,,,,,,,,,,,2,,,,,,,,,,,,,,,,
11504,KWIK TRIP #1504,750 BELOIT ST,DELAVAN,WI,53115,42.62319,-88.66661,2.789,,3.789,3.499,fuel,USA,USD,Schneider,KwikTrip,,,,,,,,,,,,,,,,,,,,,,,,,,,,,,,,,,,,,,,,,,,,,,,,,,,,,,,,,,,,,,,,,,,,,,,,,,,,,,,,,,,,,,,,,,,,,,,,,,,,,,,,,1,,,,,,,,,,,,,,,,
11015,KWIK TRIP #1015,111 BOHEMIA DR,DENMARK,WI,54208,44.34558,-87.84225,2.949,,3.949,3.289,fuel,USA,USD,Schneider,KwikTrip,,,,,,,,,,,,,,,,,,,,,,,,,,,1,,,,,,,,,,y,,,,,,,,,,,,,,,,,,,,,,,,,,,,,,,,1,,,,y,,,,,,,,,,,,9,,,,,,,,,,,,,y,,,,,,,2,,,,,,,,,,,,,,,,
1765,KWIK TRIP #765,115 S IOWA ST,DODGEVILLE,WI,53533,42.95976,-90.13001,2.999,,3.999,3.329,fuel,USA,USD,Schneider,KwikTrip,,,,,,,,,,,,,,,,,,,,,,,,,,,,,,,,,,,,,,,,,,,,,,,,,,,,,,,,,,,,,,,,,,,,,,,,,,,,,,,,,,,,,,,,,,,,,,,,,,,,,,,,,1,,,,,,,,,,,,,,,,
1340,KWIK TRIP #340,1122 N BEQUETTE ST,DODGEVILLE,WI,53533,42.97217,-90.13358,2.999,,3.999,3.329,fuel,USA,USD,Schneider,KwikTrip,,,,,,,,,,,,,,,,,,,,,,,,,,,1,,,,,,,,,,y,,,,,,,,,,,,,,,,,,,,,,,,,,,,,,,,1,,,,,,,,,,,,,,,,,,,,,,,,,,,,,y,,,,,,,2,,,,,,,,,,,,,,,,
11133,KWIK TRIP #1133,1101 HARDY ST,DURAND,WI,54736,44.63449,-91.95471,2.949,,3.949,3.399,fuel,USA,USD,Schneider,KwikTrip,,,,,,,,,,,,,,,,,,,,,,,,,,,1,,,,,,,,,,y,,,,,,,,,,,,,,,,,,,,,,,,,,,,,,,,1,,,,,,,,,,,,,,,,5,,,,,,,,,,,,,y,,,,,,,2,,,,,,,,,,,,,,,,
11029,KWIK TRIP #1029,1880 COUNTY ROAD ES,EAST TROY,WI,53120,42.79356,-88.38771,2.999,,3.999,3.499,fuel,USA,USD,Schneider,KwikTrip,,,,,,,,,,,,,,,,,,,,,,,,,,,1,,,,,,,,,,y,,,,,,,,,,,,,,,,,,,,,,,,,,,,,,,,1,,,,,,,,,,,,,,,,,,,,,,,,,,,,,y,,,,,,,2,,,,,,,,,,,,,,,,
1210,KWIK TRIP #210,1506 BLACK AVE,EAU CLAIRE,WI,54703,44.8337,-91.44828,2.999,,3.999,3.399,fuel,USA,USD,Schneider,KwikTrip,,,,,,,,,,,,,,,,,,,,,,,,,,,,,,,,,,,,,y,,,,,,,,,,y,,,,,,,,,,,,,,,,,,,,,,1,,,,,,,,,,,,,,,,24,,,,,,,,,,,,,y,,,,,,,2,,,,,,,y,,,,,,,,,
1573,KWIK TRIP #573,4395 N TOWN HALL RD,EAU CLAIRE,WI,54703,44.84283,-91.58939,2.999,,3.999,3.399,fuel,USA,USD,Schneider,KwikTrip,,,,,,,,,,,,,,,,,,,,,,,,,,,1,,,,,,,,,,y,,,,,,,,,,y,,,,,,,,,,,,,,,,,,,,,,,y,,,y,,,,,,,,,,,,50,,,,,3,,,,,,,,y,,,,,,,2,,,,,,,y,,,,,,,,,
11161,KWIK TRIP #1161,3426 MELBY ST,EAU CLAIRE,WI,54703,44.86505,-91.45667,2.999,,3.999,3.399,fuel,USA,USD,Schneider,KwikTrip,,,,,,,,,,,,,,,,,,,,,,,,,,,1,,,,,,,,,,y,,,,,,,,,,y,,,,,,,,,,,,,,,,,,,,,,1,,,,,,,,,,,,,,,,9,,,,,,,,,,,,,y,,,,,,,3,,,,,,,,,,,,,,,,
11500,STOP N GO #1500,1 S MAIN ST,EDGERTON,WI,53534,42.83304,-89.06959,2.999,,3.999,3.499,fuel,USA,USD,Schneider,KwikTrip,,,,,,,,,,,,,,,,,,,,,,,,,,,,,,,,,,,,,,,,,,,,,,,y,,,,,,,,,,,,,,,,,,,,,,,,,,,,,,,,,,,,,,,,,,,,,,,,,,,,,,,,,,1,,,,,,,,,,,,,,,,
1485,KWIK TRIP #485,6 W HIDDEN TRL,ELKHORN,WI,53121,42.69472,-88.5425,2.899,,3.899,3.499,fuel,USA,USD,Schneider,KwikTrip,,,,,,,,,,,,,,,,,,,,,,,,,,,,,,,,,,,,,,,,,,,,,,,,,,,,,,,,,,,,,,,,,,,,,2,,,,,,,,,,,,,,,,,,,,,,,,,,,,,,,,,,,,2,,,,,,,,,,,,,,,,
1320,KWIK TRIP #320,1003 ACADEMY ST,ELROY,WI,53929,43.74583,-90.27277,2.839,,3.839,3.299,fuel,USA,USD,Schneider,KwikTrip,,,,,,,,,,,,,,,,,,,,,,,,,,,,,,,,,,,,,,,,,,,,,,,,,,,,,,,,,,,,,,,,,,,,,,,,,,,,,,,,,,,,,,,,,,,,,,,,,,,,,,,,,1,,,,,,,,,,,,,,,,
1755,KWIK TRIP #755,745 LINCOLN AVE,FENNIMORE,WI,53809,42.98482,-90.65524,3.099,,4.099,3.449,fuel,USA,USD,Schneider,KwikTrip,,,,,,,,,,,,,,,,,,,,,,,,,,,,,,,,,,,,,y,,,,,,,,,,,,,,,,,,,,,,,,,,,,,,,,,,,,,,,,,,,,,,,,,,,,,,,,,,,,,y,,,,,,,2,,,,,,,,,,,,,,,,
11166,KWIK TRIP #1166,2792 S SYENE RD,FITCHBURG,WI,53711,43.00662,-89.39539,2.999,,3.999,3.499,fuel,USA,USD,Schneider,KwikTrip,,,,,,,,,,,,,,,,,,,,,,,,,,,1,,,,,,,,,,,,,,,,,,,,,,,,,,,,,,,,,,,,,,,,,,1,,,,,,,,,,,,,,,,,,,,,,,,,,,,,,,,,,,,2,,,,,,,,,,,,,,,,
1957,KWIK TRIP #957,6133 MCKEE RD,FITCHBURG,WI,53719,43.01519,-89.46916,2.999,,3.999,3.499,fuel,USA,USD,Schneider,KwikTrip,,,,,,,,,,,,,,,,,,,,,,,,,,,,,,,,,,,,,y,,,,,,,,,,,,,,,,,,,,,,,,,,,,,,,,2,,,,,,,,,,,,,,,,,,,,,,,,,,,,,y,,,,,,,2,,,,,,,,,,,,,,,,
1242,KWIK TRIP #242,980 S HICKORY ST,FOND DU LAC,WI,54935,43.75236,-88.46291,2.979,,3.829,3.439,fuel,USA,USD,Schneider,KwikTrip,,,,,,,,,,,,,,,,,,,,,,,,,,,1,,,,,,,,,,y,,,,,,,,,,y,,,,,,,,,,,,,,,,,,,,,,,,,,y,,,,,,,,,,,,28,,,,,3,,,,,,,,y,,,,,,,2,,,,,,,y,,,,,,,,,
1235,KWIK TRIP #235,158 N MAIN ST,FOND DU LAC,WI,54935,43.78342,-88.44745,2.999,,3.999,3.399,fuel,USA,USD,Schneider,KwikTrip,,,,,,,,,,,,,,,,,,,,,,,,,,,,,,,,,,,,,,,,,,,,,,,,,,,,,,,,,,,,,,,,,,,,,,,,,,,,,,,,,,,,,,,,,,,,,,,,,,,,,,,,,3,,,,,,,,,,,,,,,,
11176,KWIK TRIP #1176,168 N PIONEER RD,FOND DU LAC,WI,54935,43.78368,-88.48071,2.999,,3.999,3.399,fuel,USA,USD,Schneider,KwikTrip,,,,,,,,,,,,,,,,,,,,,,,,,,,1,,,,,,,,,,,,,,,,,,,,,,,,,,,,,,,,,,,,,,,,,,1,,,,,,,,,,,,,,,,,,,,,,,,,,,,,,,,,,,,2,,,,,,,,,,,,,,,,
1486,KWIK TRIP #486,1061 E JOHNSON ST,FOND DU LAC,WI,54935,43.78419,-88.40745,2.999,,3.999,3.399,fuel,USA,USD,Schneider,KwikTrip,,,,,,,,,,,,,,,,,,,,,,,,,,,,,,,,,,,,,,,,,,,,,,,,,,,,,,,,,,,,,,,,,,,,,1,,,,,,,,,,,,,,,,,,,,,,,,,,,,,,,,,,,,2,,,,,,,,,,,,,,,,
11506,KWIK TRIP #1506,1680 JANESVILLE AVE,FORT ATKINSON,WI,53538,42.90413,-88.85484,2.959,,3.959,3.499,fuel,USA,USD,Schneider,KwikTrip,,,,,,,,,,,,,,,,,,,,,,,,,,,1,,,,,,,,,,y,,,,,,,,,,,,,,,,,,,,,,,,,,,,,,,,1,,,,,,,,,,,,,,,,,,,,,,,,,,,,,y,,,,,,,2,,,,,,,,,,,,,,,,
1439,KWIK TRIP #439,1565 MADISON AVE,FORT ATKINSON,WI,53538,42.9411,-88.86267,2.959,,3.959,3.499,fuel,USA,USD,Schneider,KwikTrip,,,,,,,,,,,,,,,,,,,,,,,,,,,,,,,,,,,,,,,,,,,,,,,,,,,,,,,,,,,,,,,,,,,,,1,,,,,,,,,,,,,,,,,,,,,,,,,,,,,,,,,,,,2,,,,,,,,,,,,,,,,
1367,KWIK TRIP #367,701 W STATE ST,FOX LAKE,WI,53933,43.56701,-88.91619,2.999,,3.999,3.259,fuel,USA,USD,Schneider,KwikTrip,,,,,,,,,,,,,,,,,,,,,,,,,,,,,,,,,,,,,y,,,,,,,,,,,,,,,,,,,,,,,,,,,,,,,,,,,,,,,,,,,,,,,,,,,,,,,,,,,,,y,,,,,,,2,,,,,,,,,,,,,,,,
1287,KWIK TRIP #287,5040 W RAWSON AVE,FRANKLIN,WI,53132,42.91657,-87.97851,2.999,,3.999,3.499,fuel,USA,USD,Schneider,KwikTrip,,,,,,,,,,,,,,,,,,,,,,,,,,,,,,,,,,,,,,,,,,,,,,,,,,,,,,,,,,,,,,,,,,,,,2,,,,,,,,,,,,,,,,,,,,,,,,,,,,,,,,,,,,2,,,,,,,,,,,,,,,,
1857,KWIK TRIP #857,10750 W SPEEDWAY DR,FRANKLIN,WI,53132,42.92585,-88.04919,2.899,,3.899,3.499,fuel,USA,USD,Schneider,KwikTrip,,,,,,,,,,,,,,,,,,,,,,,,,,,1,,,,,,,,,,,,,,,,,,,,,,,,,,,,,,,,,,,,,,,,,,2,,,,,,,,,,,,,,,,,,,,,,,,,,,,,,,,,,,,2,,,,,,,,,,,,,,,,
1921,KWIK TRIP #921,1610 STATE HIGHWAY 13,FRIENDSHIP,WI,53934,44.02403,-89.81027,3.049,,4.049,3.399,fuel,USA,USD,Schneider,KwikTrip,,,,,,,,,,,,,,,,,,,,,,,,,,,,,,,,,,,,,y,,,,,,,,,,,,,,,,,,,,,,,,,,,,,,,,,,,,,,,,,,,,,,,,6,,,,,,,,,,,,,y,,,,,,,2,,,,,,,,,,,,,,,,
1631,KWIK TRIP #631,W188N10963 MAPLE RD,GERMANTOWN,WI,53022,43.22039,-88.14184,2.959,,3.959,3.499,fuel,USA,USD,Schneider,KwikTrip,,,,,,,,,,,,,,,,,,,,,,,,,,,,,,,,,,,,,,,,,,,,,,,,,,,,,,,,,,,,,,,,,,,,,2,,,,,,,,,,,,,,,,,,,,,,,,,,,,,,,,,,,,2,,,,,,,,,,,,,,,,
1887,KWIK TRIP #887,4735 W CONVERTERS DR,GRAND CHUTE,WI,54913,44.28861,-88.47736,2.849,,3.849,3.259,fuel,USA,USD,Schneider,KwikTrip,,,,,,,,,,,,,,,,,,,,,,,,,,,,,,,,,,,,,y,,,,,,,,,,,,,,,,,,,,,,,,,,,,,,,,1,,,,,,,,,,,,,,,,,,,,,,,,,,,,,y,,,,,,,2,,,,,,,y,,,,,,,,,
11051,KWIK TRIP #1051,3525 HUMBOLDT RD,GREEN BAY,WI,54311,44.51316,-87.90574,2.919,,3.919,3.399,fuel,USA,USD,Schneider,KwikTrip,,,,,,,,,,,,,,,,,,,,,,,,,,,,,,,,,,,,,y,,,,,,,,,,,,,,,,,,,,,,,,,,,,,,,,1,,,,,,,,,,,,,,,,,,,,,,,,,,,,,y,,,,,,,2,,,,,,,,,,,,,,,,
1292,KWIK TRIP #292,840 S HURON RD,GREEN BAY,WI,54311,44.48549,-87.9187,2.919,,3.919,3.399,fuel,USA,USD,Schneider,KwikTrip,,,,,,,,,,,,,,,,,,,,,,,,,,,1,,,,,,,,,,y,,,,,,,,,,,,,,,,,,,,,,,,,,,,,,,,1,,,,,,,,,,,,,,,,,,,,,,,,,,,,,y,,,,,,,2,,,,,,,,,,,,,,,,
1655,KWIK TRIP #655,1411 E SUMNER ST,HARTFORD,WI,53027,43.31697,-88.35494,2.959,,3.959,3.199,fuel,USA,USD,Schneider,KwikTrip,,,,,,,,,,,,,,,,,,,,,,,,,,,,,,,,,,,,,,,,,,,,,,,,,,,,,,,,,,,,,,,,,,,,,,,,,,,,,,,,,,,,,,,,,,,,,,,,,,,,,,,,,2,,,,,,,y,,,,,,,,,
11283,KWIK TRIP #1283,715 W CAPITOL DR,HARTLAND,WI,53029,43.10142,-88.36181,2.959,,3.959,3.199,fuel,USA,USD,Schneider,KwikTrip,,,,,,,,,,,,,,,,,,,,,,,,,,,,,,,,,,,,,y,,,,,,,,,,,,,,,,,,,,,,,,,,,,,,,,2,,,,,,,,,,,,,,,,15,,,,,,,,,,,,,y,,,,,,,2,,,,,,,,,,,,,,,,
11112,KWIK TRIP #1112,15870 US HIGHWAY 63,HAYWARD,WI,54843,46.01191,-91.48738,3.099,,4.099,3.599,fuel,USA,USD,Schneider,KwikTrip,,,,,,,,,,,,,,,,,,,,,,,,,,,1,,,,,,,,,,y,,,,,,,,,,,,,,,,,,,,,,,,,,,,,,,,1,,,,,,,,,,,,,,,,,,,,,,,,,,,,,y,,,,,,,3,,,,,,,,,,,,,,,,
1841,KWIK TRIP #841,229 MILL ST,HILLSBORO,WI,54634,43.65175,-90.34159,2.839,,3.839,3.299,fuel,USA,USD,Schneider,KwikTrip,,,,,,,,,,,,,,,,,,,,,,,,,,,,,,,,,,,,,,,,,,,,,,,,,,,,,,,,,,,,,,,,,,,,,,,,,,,,,,,,,,,,,,,,,,,,,,,,,,,,,,,,,1,,,,,,,,,,,,,,,,
11709,STOP N GO #1709,151 INTERSTATE RD N,HIXTON,WI,54635,44.38469,-91.00786,2.999,,3.999,3.399,fuel,USA,USD,Schneider,KwikTrip,,,,,,,,,,,,,,,,,,,,,,,,,,,,,,,,,,,,,y,,,,,,,,,,y,,,,,,,,,,,,,,,,,,,,,,,,,,,,,,,,,,,,,,36,,,,,4,,,,,,,,y,,,,,,,2,,,,,,,,,,,,,,,,
11114,KWIK TRIP #1114,1760 TEMTE ST,HOLMEN,WI,54636,43.99951,-91.29188,2.889,,3.889,3.399,fuel,USA,USD,Schneider,KwikTrip,,,,,,,,,,,,,,,,,,,,,,,,,,,1,,,,,,,,,,y,,,,,,,,,,,,,,,,,,,,,,,,,,,,,,,,1,,,,,,,,,,,,,,,,13,,,,,,,,,,,,,y,,,,,,,2,,,,,,,,,,,,,,,,
1332,KWIK TRIP #332,305 BARSTOW ST,HORICON,WI,53032,43.44808,-88.6354,2.999,3.299,3.999,3.299,fuel,USA,USD,Schneider,KwikTrip,,,,,,,,,,,,,,,,,,,,,,,,,,,,,,,,,,,,,y,,,,,,,,,,,,,,,,,,,,,,,,,,,,,,,,,,,,,,,,,,,,,,,,,,,,,,,,,,,,,,,,,,,,1,,,,,,,,,,,,,,,,
1740,KWIK TRIP #740,261 E MAIN ST,HORTONVILLE,WI,54944,44.3359,-88.63099,2.839,,3.839,3.349,fuel,USA,USD,Schneider,KwikTrip,,,,,,,,,,,,,,,,,,,,,,,,,,,,,,,,,,,,,y,,,,,,,,,,,,,,,,,,,,,,,,,,,,,,,,1,,,,,,,,,,,,,,,,,,,,,,,,,,,,,y,,,,,,,2,,,,,,,,,,,,,,,,
11145,KWIK TRIP #1145,1100 N WRIGHT RD,JANESVILLE,WI,53546,42.69827,-88.97317,2.899,,3.899,3.499,fuel,USA,USD,Schneider,KwikTrip,,,,,,,,,,,,,,,,,,,,,,,,,,,1,,,,,,,,,,,,,,,,,,,,,,,,,,,,,,,,,,,,,,,,,,1,,,,,,,,,,,,,,,,,,,,,,,,,,,,,,,,,,,,2,,,,,,,,,,,,,,,,
1384,KWIK TRIP #384,3359 MILTON AVE,JANESVILLE,WI,53545,42.72202,-88.99641,2.899,,,3.499,fuel,USA,USD,Schneider,KwikTrip,,,,,,,,,,,,,,,,,,,,,,,,,,,,,,,,,,,,,,,,,,,,,,,,,,,,,,,,,,,,,,,,,,,,,,,,,,,,,,,,,,,,,,,,,,,,,,,,,,,,,,,,,2,,,,,,,,,,,,,,,,
11134,KWIK TRIP #1134,1919 HUMES RD,JANESVILLE,WI,53545,42.72217,-89.00021,2.899,,3.899,3.499,fuel,USA,USD,Schneider,KwikTrip,,,,,,,,,,,,,,,,,,,,,,,,,,,1,,,,,,,,,,y,,,,,,,,,,,,,,,,,,,,,,,,,,,,,,,,1,,,,,,,,,,,,,,,,,,,,,,,,,,,,,,,,,,,,3,,,,,,,,,,,,,,,,
11505,STOP N GO #1505,714 CENTER AVE,JANESVILLE,WI,53548,42.67151,-89.03189,2.899,,3.899,3.499,fuel,USA,USD,Schneider,KwikTrip,,,,,,,,,,,,,,,,,,,,,,,,,,,,,,,,,,,,,,,,,,,,,,,,,,,,,,,,,,,,,,,,,,,,,,,,,,,,,,,,,,,,,,,,,,,,,,,,,,,,,,,,,1,,,,,,,,,,,,,,,,
11503,STOP N GO #1503,1604 E RACINE ST,JANESVILLE,WI,53545,42.6786,-89.00223,2.899,,3.899,3.499,fuel,USA,USD,Schneider,KwikTrip,,,,,,,,,,,,,,,,,,,,,,,,,,,,,,,,,,,,,,,,,,,,,,,,,,,,,,,,,,,,,,,,,,,,,,,,,,,,,,,,,,,,,,,,,,,,,,,,,,,,,,,,,1,,,,,,,,,,,,,,,,
11159,KWIK TRIP #1159,2810 E MILWAUKEE ST,JANESVILLE,WI,53545,42.69596,-88.98561,2.899,,3.899,3.499,fuel,USA,USD,Schneider,KwikTrip,,,,,,,,,,,,,,,,,,,,,,,,,,,1,,,,,,,,,,,,,,,,,,,,,,,,,,,,,,,,,,,,,,,,,,1,,,,,,,,,,,,,,,,,,,,,,,,,,,,,,,,,,,,3,,,,,,,,,,,,,,,,
1326,KWIK TRIP #326,3123 S US HIGHWAY 51,JANESVILLE,WI,53546,42.63442,-89.03064,2.899,,3.899,3.499,fuel,USA,USD,Schneider,KwikTrip,,,,,,,,,,,,,,,,,,,,,,,,,,,1,,,,,,,,,,y,,,,,,,,,,,,,,,,,,,,,,,,,,,,,,,,1,,,,,,,,,,,,,,,,,,,,,,,,,,,,,y,,,,,,,3,,,,,,,,,,,,,,,,
1872,KWIK TRIP #872,102 COLLINS RD,JEFFERSON,WI,53549,42.99023,-88.80763,3.099,,4.099,3.499,fuel,USA,USD,Schneider,KwikTrip,,,,,,,,,,,,,,,,,,,,,,,,,,,1,,,,,,,,,,y,,,,,,,,,,,,,,,,,,,,,,,,,,,,,,,,1,,,,,,,,,,,,,,,,2,,,,,,,,,,,,,y,,,,,,,2,,,,,,,,,,,,,,,,
11121,KWIK TRIP #1121,1080 REMMEL DR,JOHNSON CREEK,WI,53094,43.09375,-88.7593,2.959,,3.959,3.499,fuel,USA,USD,Schneider,KwikTrip,,,,,,,,,,,,,,,,,,,,,,,,,,,1,,,,,,,,,,y,,,,,,,,,,y,,,,,,,,,,,,,,,,,,,,,,1,,,,y,,,,,,,,,,,,31,,,,,3,,,,,,,,y,,,,,,,2,,,,,,,y,,,,,,,,,
1324,KWIK TRIP #324,210 S MAIN ST,JUNEAU,WI,53039,43.40509,-88.70454,2.999,,3.999,3.299,fuel,USA,USD,Schneider,KwikTrip,,,,,,,,,,,,,,,,,,,,,,,,,,,,,,,,,,,,,,,,,,,,,,,,,,,,,,,,,,,,,,,,,,,,,,,,,,,,,,,,,,,,,,,,,,,,,,,,,,,,,,,,,2,,,,,,,,,,,,,,,,
1209,KWIK TRIP #209,1101 GERTRUDE ST,KAUKAUNA,WI,54130,44.29713,-88.27101,2.999,,3.999,3.259,fuel,USA,USD,Schneider,KwikTrip,,,,,,,,,,,,,,,,,,,,,,,,,,,,,,,,,,,,,y,,,,,,,,,,,,,,,,,,,,,,,,,,,,,,,,,,,,,,,,,,,,,,,,,,,,,,,,,,,,,y,,,,,,,2,,,,,,,y,,,,,,,,,
1975,KWIK TRIP #975,8800 75TH ST,KENOSHA,WI,53142,42.56694,-87.91497,2.899,,3.899,3.599,fuel,USA,USD,Schneider,KwikTrip,,,,,,,,,,,,,,,,,,,,,,,,,,,,,,,,,,,,,,,,,,,,,,,,,,,,,,,,,,,,,,,,,,,,,1,,,,,,,,,,,,,,,,,,,,,,,,,,,,,,,,,,,,2,,,,,,,y,,,,,,,,,
1371,KWIK TRIP #371,6300 52ND ST,KENOSHA,WI,53144,42.58944,-87.88333,2.999,,3.999,3.599,fuel,USA,USD,Schneider,KwikTrip,,,,,,,,,,,,,,,,,,,,,,,,,,,,,,,,,,,,,,,,,,,,,,,,,,,,,,,,,,,,,,,,,,,,,2,,,,,,,,,,,,,,,,,,,,,,,,,,,,,,,,,,,,2,,,,,,,,,,,,,,,,
1938,KWIK TRIP #938,12224 74TH ST,KENOSHA,WI,53142,42.56886,-87.9549,2.899,,3.899,3.599,fuel,USA,USD,Schneider,KwikTrip,,,,,,,,,,,,,,,,,,,,,,,,,,,1,,,,,,,,,,,,,,,,,,,,,,,,,,,,,,,,,,,,,,,,,,1,,,,,,,,,,,,,,,,,,,,,,,,,,,,,,,,,,,,2,,,,,,,,,,,,,,,,
1974,KWIK TRIP #974,8012 39TH AVE,KENOSHA,WI,53142,42.55859,-87.85519,2.999,,3.999,3.599,fuel,USA,USD,Schneider,KwikTrip,,,,,,,,,,,,,,,,,,,,,,,,,,,1,,,,,,,,,,,,,,,,,,,,,,,,,,,,,,,,,,,,,,,,,,,,,,,,,,,,,,,,,,,,,,,,,,,,,,,,,,,,,,2,,,,,,,,,,,,,,,,
1597,KWIK TRIP #597,11350 28TH ST,KENOSHA,WI,53144,42.61349,-87.94673,2.999,,3.999,3.769,fuel,USA,USD,Schneider,KwikTrip,,,,,,,,,,,,,,,,,,,,,,,,,,,1,,,,,,,,,,y,,,,,,,,,,y,,,,,,,,,,,,,,,,,,,,,,1,,,,y,,,,,,,,,,,,106,,,,,5,,,,,,,,y,,,,,,,2,,,,,,,,,,,,,,,,
1107,KWIK TRIP #107,5800 31ST ST,KENOSHA,WI,53144,42.61153,-87.87791,2.999,,3.999,3.599,fuel,USA,USD,Schneider,KwikTrip,,,,,,,,,,,,,,,,,,,,,,,,,,,1,,,,,,,,,,,,,,,,,,,,,,,,,,,,,,,,,,,,,,,,,,2,,,,,,,,,,,,,,,,,,,,,,,,,,,,,,,,,,,,2,,,,,,,,,,,,,,,,
1634,KWIK TRIP #634,1140 STATE ROAD 67,KIEL,WI,53042,43.91995,-88.02189,2.999,,3.999,3.399,fuel,USA,USD,Schneider,KwikTrip,,,,,,,,,,,,,,,,,,,,,,,,,,,1,,,,,,,,,,,,,,,,,,,,,,,,,,,,,,,,,,,,,,,,,,,,,,,,,,,,,,,,,,,,,,,,,,,,,,,,,,,,,,2,,,,,,,,,,,,,,,,
1870,KWIK TRIP #870 ALT FUELS,2002 KWIK TRIP WAY,LA CROSSE,WI,54603,43.85172,-91.22697,2.999,,3.999,3.499,fuel,USA,USD,Schneider,KwikTrip,,,,,,,,,,,,,,,,,,,,,,,,,,,,,,,,,,,,,,,,,,,,,,,,,,,,,,,,,,,,,,,,,,,,,,,,,,,,,,,,,,,,,,,,,,,,,,,,,,y,,,,,,,,,,,,,,,,,,,,,,,
1750,KWIK TRIP #750,4828 MORMON COULEE RD,LA CROSSE,WI,54601,43.76422,-91.2103,2.999,,3.999,3.499,fuel,USA,USD,Schneider,KwikTrip,,,,,,,,,,,,,,,,,,,,,,,,,,,,,,,,,,,,,y,,,,,,,,,,,,,,,,,,,,,,,,,,,,,,,,2,,,,,,,,,,,,,,,,,,,,,,,,,,,,,y,,,,,,,2,,,,,,,y,,,,,,,,,
11126,KWIK TRIP #1126,1922 WARD AVE,LA CROSSE,WI,54601,43.78316,-91.22763,2.999,,3.999,3.499,fuel,USA,USD,Schneider,KwikTrip,,,,,,,,,,,,,,,,,,,,,,,,,,,2,,,,,,,,,,y,,,,,,,,,,,,,,,,,,,,,,,,,,,,,,,,1,,,,,,,,,,,,,,,,,,,,,,,,,,,,,y,,,,,,,2,,,,,,,,,,,,,,,,
1455,KWIK TRIP #455,100 W 9TH ST N,LADYSMITH,WI,54848,45.46454,-91.11177,2.959,,3.959,3.319,fuel,USA,USD,Schneider,KwikTrip,,,,,,,,,,,,,,,,,,,,,,,,,,,,,,,,,,,,,y,,,,,,,,,,,,,,,,,,,,,,,,,,,,,,,,1,,,,,,,,,,,,,,,,,,,,,,,,,,,,,y,,,,,,,2,,,,,,,,,,,,,,,,
1219,KWIK TRIP #219,710 WILLIAMS ST,LAKE GENEVA,WI,53147,42.59755,-88.43592,2.959,,3.959,3.499,fuel,USA,USD,Schneider,KwikTrip,,,,,,,,,,,,,,,,,,,,,,,,,,,,,,,,,,,,,,,,,,,,,,,,,,,,,,,,,,,,,,,,,,,,,1,,,,,,,,,,,,,,,,,,,,,,,,,,,,,,,,,,,,2,,,,,,,,,,,,,,,,
11520,KWIK TRIP #1520,850 S WELLS ST,LAKE GENEVA,WI,53147,42.58174,-88.42437,2.959,,3.959,3.499,fuel,USA,USD,Schneider,KwikTrip,,,,,,,,,,,,,,,,,,,,,,,,,,,,,,,,,,,,,,,,,,,,,,,,,,,,,,,,,,,,,,,,,,,,,1,,,,,,,,,,,,,,,,,,,,,,,,,,,,,,,,,,,,2,,,,,,,,,,,,,,,,
1306,KWIK TRIP #306,105 W TYRANENA PARK RD,LAKE MILLS,WI,53551,43.09048,-88.90996,2.979,,3.979,3.499,fuel,USA,USD,Schneider,KwikTrip,,,,,,,,,,,,,,,,,,,,,,,,,,,,,,,,,,,,,y,,,,,,,,,,,,,,,,,,,,,,,,,,,,,,,,,,,,,,,,,,,,,,,,9,,,,,,,,,,,,,y,,,,,,,2,,,,,,,,,,,,,,,,
11117,KWIK TRIP #1117,939 N MADISON ST,LANCASTER,WI,53813,42.85668,-90.7091,3.089,,4.089,3.449,fuel,USA,USD,Schneider,KwikTrip,,,,,,,,,,,,,,,,,,,,,,,,,,,1,,,,,,,,,,,,,,,,,,,,,,,,,,,,,,,,,,,,,,,,,,1,,,,,,,,,,,,,,,,,,,,,,,,,,,,,,,,,,,,2,,,,,,,,,,,,,,,,
1628,KWIK TRIP #628,5600 COUNTY ROAD II,LARSEN,WI,54947,44.1991,-88.68053,2.899,,3.899,3.399,fuel,USA,USD,Schneider,KwikTrip,,,,,,,,,,,,,,,,,,,,,,,,,,,,,,,,,,,,,y,,,,,,,,,,,,,,,,,,,,,,,,,,,,,,,,,,,,,,,,,,,,,,,,8,,,,,,,,,,,,,y,,,,,,,2,,,,,,,y,,,,,,,,,
1587,KWIK TRIP #587,5908 DUAME RD,LENA,WI,54139,44.88768,-88.04518,3.059,,4.159,3.289,fuel,USA,USD,Schneider,KwikTrip,,,,,,,,,,,,,,,,,,,,,,,,,,,,,,,,,,,,,y,,,,,,,,,,,,,,,,,,,,,,,,,,,,,,,,,,,,,,,,,,,,,,,,,,,,,,,,,,,,,y,,,,,,,2,,,,,,,y,,,,,,,,,
11299,KWIK TRIP #1299,W221N6314 LIEDS LN,LISBON,WI,53089,43.13257,-88.18797,2.999,,3.999,3.499,fuel,USA,USD,Schneider,KwikTrip,,,,,,,,,,,,,,,,,,,,,,,,,,,1,,,,,,,,,,y,,,,,,,,,,,,,,,,,,,,,,,,,,,,,,,,1,,,,,,,,,,,,,,,,,,,,,,,,,,,,,y,,,,,,,2,,,,,,,,,,,,,,,,
1923,KWIK TRIP #923,1650 FREEDOM RD,LITTLE CHUTE,WI,54140,44.29083,-88.31289,2.999,,3.999,3.259,fuel,USA,USD,Schneider,KwikTrip,,,,,,,,,,,,,,,,,,,,,,,,,,,1,,,,,,,,,,y,,,,,,,,,,,,,,,,,,,,,,,,,,,,,,,,2,,,,,,,,,,,,,,,,,,,,,,,,,,,,,y,,,,,,,2,,,,,,,,,,,,,,,,
11141,KWIK TRIP #1141,113 N MAIN ST,LUXEMBURG,WI,54217,44.54656,-87.70549,2.999,,3.999,3.499,fuel,USA,USD,Schneider,KwikTrip,,,,,,,,,,,,,,,,,,,,,,,,,,,1,,,,,,,,,,y,,,,,,,,,,,,,,,,,,,,,,,,,,,,,,,,1,,,,,,,,,,,,,,,,6,,,,,,,,,,,,,y,,,,,,,2,,,,,,,,,,,,,,,,
1952,KWIK TRIP #952,2538 FISH HATCHERY RD,MADISON,WI,53713,43.03721,-89.40573,2.999,,3.999,3.449,fuel,USA,USD,Schneider,KwikTrip,,,,,,,,,,,,,,,,,,,,,,,,,,,,,,,,,,,,,,,,,,,,,,,,,,,,,,,,,,,,,,,,,,,,,1,,,,,,,,,,,,,,,,,,,,,,,,,,,,,,,,,,,,2,,,,,,,,,,,,,,,,
1960,KWIK TRIP #960,401 N 3RD ST,MADISON,WI,53704,43.0979,-89.35908,2.999,,3.999,3.489,fuel,USA,USD,Schneider,KwikTrip,,,,,,,,,,,,,,,,,,,,,,,,,,,,,,,,,,,,,,,,,,,,,,,,,,,,,,,,,,,,,,,,,,,,,2,,,,,,,,,,,,,,,,,,,,,,,,,,,,,,,,,,,,2,,,,,,,,,,,,,,,,
11514,KWIK TRIP #1514,5445 UNIVERSITY AVE,MADISON,WI,53705,43.08198,-89.47539,2.939,,3.939,3.499,fuel,USA,USD,Schneider,KwikTrip,,,,,,,,,,,,,,,,,,,,,,,,,,,,,,,,,,,,,,,,,,,,,,,,,,,,,,,,,,,,,,,,,,,,,,,,,,,,,,,,,,,,,,,,,,,,,,,,,,,,,,,,,2,,,,,,,,,,,,,,,,
1953,KWIK TRIP #953,7502 MINERAL POINT RD,MADISON,WI,53717,43.06098,-89.51309,2.999,,3.999,3.459,fuel,USA,USD,Schneider,KwikTrip,,,,,,,,,,,,,,,,,,,,,,,,,,,,,,,,,,,,,,,,,,,,,,,,,,,,,,,,,,,,,,,,,,,,,1,,,,,,,,,,,,,,,,,,,,,,,,,,,,,,,,,,,,2,,,,,,,,,,,,,,,,
1187,KWIK TRIP #187,4825 AMERICAN PKWY,MADISON,WI,53718,43.14944,-89.2899,2.999,,3.999,3.489,fuel,USA,USD,Schneider,KwikTrip,,,,,,,,,,,,,,,,,,,,,,,,,,,1,,,,,,,,,,,,,,,,,,,,,,,,,,,,,,,,,,,,,,,,,,2,,,,,,,,,,,,,,,,,,,,,,,,,,,,,,,,,,,,2,,,,,,,,,,,,,,,,
1949,KWIK TRIP #949,4112 MILWAUKEE ST,MADISON,WI,53714,43.09858,-89.31388,2.999,,3.999,3.489,fuel,USA,USD,Schneider,KwikTrip,,,,,,,,,,,,,,,,,,,,,,,,,,,,,,,,,,,,,,,,,,,,,,,,,,,,,,,,,,,,,,,,,,,,,2,,,,,,,,,,,,,,,,,,,,,,,,,,,,,,,,,,,,2,,,,,,,y,,,,,,,,,
1951,KWIK TRIP #951,6702 RAYMOND RD,MADISON,WI,53719,43.0319,-89.4974,2.999,,3.999,3.499,fuel,USA,USD,Schneider,KwikTrip,,,,,,,,,,,,,,,,,,,,,,,,,,,,,,,,,,,,,,,,,,,,,,,,,,,,,,,,,,,,,,,,,,,,,,,,,,,,,,,,,,,,,,,,,,,,,,,,,,,,,,,,,2,,,,,,,,,,,,,,,,
1954,KWIK TRIP #954,7717 MINERAL POINT RD,MADISON,WI,53717,43.06037,-89.51683,2.999,,3.999,3.459,fuel,USA,USD,Schneider,KwikTrip,,,,,,,,,,,,,,,,,,,,,,,,,,,,,,,,,,,,,,,,,,,,,,,,,,,,,,,,,,,,,,,,,,,,,,,,,,,,,,,,,,,,,,,,,,,,,,,,,,,,,,,,,2,,,,,,,,,,,,,,,,
1955,KWIK TRIP #955,1625 N STOUGHTON RD,MADISON,WI,53704,43.12034,-89.32466,2.999,,3.999,3.489,fuel,USA,USD,Schneider,KwikTrip,,,,,,,,,,,,,,,,,,,,,,,,,,,,,,,,,,,,,,,,,,,,,,,,,,,,,,,,,,,,,,,,,,,,,,,,,,,,,,,,,,,,,,,,,,,,,,,,,,,,,,,,,1,,,,,,,,,,,,,,,,
1958,KWIK TRIP #958,4741 LIEN RD,MADISON,WI,53704,43.12068,-89.30028,2.999,,3.999,3.489,fuel,USA,USD,Schneider,KwikTrip,,,,,,,,,,,,,,,,,,,,,,,,,,,,,,,,,,,,,,,,,,,,,,,,,,,,,,,,,,,,,,,,,,,,,1,,,,,,,,,,,,,,,,,,,,,,,,,,,,,,,,,,,,1,,,,,,,,,,,,,,,,
1961,KWIK TRIP #961,3528 E WASHINGTON AVE,MADISON,WI,53704,43.11528,-89.32802,2.999,,3.999,3.489,fuel,USA,USD,Schneider,KwikTrip,,,,,,,,,,,,,,,,,,,,,,,,,,,,,,,,,,,,,,,,,,,,,,,,,,,,,,,,,,,,,,,,,,,,,2,,,,,,,,,,,,,,,,,,,,,,,,,,,,,,,,,,,,2,,,,,,,,,,,,,,,,
1155,KWIK TRIP #155,6525 KILPATRICK LN,MADISON,WI,53718,43.08585,-89.26606,2.999,,3.999,3.499,fuel,USA,USD,Schneider,KwikTrip,,,,,,,,,,,,,,,,,,,,,,,,,,,1,,,,,,,,,,,,,,,,,,,,,,,,,,,,,,,,,,,,,,,,,,1,,,,,,,,,,,,,,,,,,,,,,,,,,,,,,,,,,,,2,,,,,,,,,,,,,,,,
11286,KWIK TRIP #1286,485 N BUSINESS PKWY,MARATHON,WI,54448,44.94786,-89.84346,2.999,,3.999,3.279,fuel,USA,USD,Schneider,KwikTrip,,,,,,,,,,,,,,,,,,,,,,,,,,,,,,,,,,,,,y,,,,,,,,,,y,,,,,,,,,,,,,,,,,,,,,,,,,,y,,,,,,,,,,,,35,,,,,4,,,,,,,,y,,,,,,,2,,,,,,,,,,,,,,,,
1721,KWIK TRIP #721,504 PLAZA DR,MARSHALL,WI,53559,43.16998,-89.06879,2.959,,3.959,3.499,fuel,USA,USD,Schneider,KwikTrip,,,,,,,,,,,,,,,,,,,,,,,,,,,1,,,,,,,,,,y,,,,,,,,,,,,,,,,,,,,,,,,,,,,,,,,1,,,,,,,,,,,,,,,,,,,,,,,,,,,,,y,,,,,,,2,,,,,,,,,,,,,,,,
1142,KWIK TRIP #142,4000 S DRAXLER DR,MARSHFIELD,WI,54449,44.62722,-90.13773,2.999,,3.999,3.399,fuel,USA,USD,Schneider,KwikTrip,,,,,,,,,,,,,,,,,,,,,,,,,,,1,,,,,,,,,,y,,,,,,,,,,,,,,,,,,,,,,,,,,,,,,,,,,,,y,,,,,,,,,,,,7,,,,,,,,,,,,,y,,,,,,,2,,,,,,,y,,,,,,,,,
11084,KWIK TRIP #1084,2001 N PEACH AVE,MARSHFIELD,WI,54449,44.68787,-90.15894,2.999,,3.999,3.399,fuel,USA,USD,Schneider,KwikTrip,,,,,,,,,,,,,,,,,,,,,,,,,,,1,,,,,,,,,,y,,,,,,,,,,,,,,,,,,,,,,,,,,,,,,,,1,,,,,,,,,,,,,,,,,,,,,,,,,,,,,y,,,,,,,2,,,,,,,,,,,,,,,,
1775,KWIK TRIP #775,611 GATEWAY AVE,MAUSTON,WI,53948,43.79729,-90.06136,2.999,,3.999,3.399,fuel,USA,USD,Schneider,KwikTrip,,,,,,,,,,,,,,,,,,,,,,,,,,,,,,,,,,y,,,y,,,,,,,,,,y,,,,,,,,,,,,,,,,,,,,,,,y,,,y,,,,,,,,,,,,85,,,,,4,,,,,,,,y,,,,,,,2,,,,,,,y,,,,,,,,,
1488,KWIK TRIP #488,205 S CLARK ST,MAYVILLE,WI,53050,43.49366,-88.55667,2.999,,,3.299,fuel,USA,USD,Schneider,KwikTrip,,,,,,,,,,,,,,,,,,,,,,,,,,,,,,,,,,,,,,,,,,,,,,,,,,,,,,,,,,,,,,,,,,,,,,,,,,,,,,,,,,,,,,,,,,,,,,,,,,,,,,,,,2,,,,,,,,,,,,,,,,
1766,KWIK TRIP #766,4701 FARWELL ST,MCFARLAND,WI,53558,43.01302,-89.3026,2.959,,3.959,3.499,fuel,USA,USD,Schneider,KwikTrip,,,,,,,,,,,,,,,,,,,,,,,,,,,1,,,,,,,,,,,,,,,,,,,,,,,,,,,,,,,,,,,,,,,,,,,,,,,,,,,,,,,,,,,,,,,,,,,,,,,,,,,,,,2,,,,,,,,,,,,,,,,
11106,KWIK TRIP #1106,1275 N 8TH ST,MEDFORD,WI,54451,45.15666,-90.33483,2.979,,3.979,3.459,fuel,USA,USD,Schneider,KwikTrip,,,,,,,,,,,,,,,,,,,,,,,,,,,1,,,,,,,,,,y,,,,,,,,,,,,,,,,,,,,,,,,,,,,,,,,1,,,,,,,,,,,,,,,,,,,,,,,,,,,,,y,,,,,,,2,,,,,,,,,,,,,,,,
1351,KWIK TRIP #351,823 E PERKINS ST,MEDFORD,WI,54451,45.13484,-90.33229,2.979,,3.979,3.459,fuel,USA,USD,Schneider,KwikTrip,,,,,,,,,,,,,,,,,,,,,,,,,,,1,,,,,,,,,,y,,,,,,,,,,,,,,,,,,,,,,,,,,,,,,,,1,,,,,,,,,,,,,,,,,,,,,,,,,,,,,y,,,,,,,2,,,,,,,,,,,,,,,,
1743,KWIK TRIP #743,1870 US HIGHWAY 10 STATE HIGHWAY 114,MENASHA,WI,54952,44.21275,-88.40349,2.959,,3.959,3.449,fuel,USA,USD,Schneider,KwikTrip,,,,,,,,,,,,,,,,,,,,,,,,,,,,,,,,,,,,,y,,,,,,,,,,,,,,,,,,,,,,,,,,,,,,,,,,,,,,,,,,,,,,,,4,,,,,,,,,,,,,y,,,,,,,2,,,,,,,y,,,,,,,,,
1297,KWIK TRIP #297,1499 APPLETON RD,MENASHA,WI,54952,44.22949,-88.4231,2.959,,3.959,3.449,fuel,USA,USD,Schneider,KwikTrip,,,,,,,,,,,,,,,,,,,,,,,,,,,1,,,,,,,,,,y,,,,,,,,,,,,,,,,,,,,,,,,,,,,,,,,2,,,,,,,,,,,,,,,,,,,,,,,,,,,,,y,,,,,,,2,,,,,,,,,,,,,,,,
1244,KWIK TRIP #244,N88W15476 MAIN ST,MENOMONEE FALLS,WI,53051,43.17977,-88.10175,2.899,,3.899,3.499,fuel,USA,USD,Schneider,KwikTrip,,,,,,,,,,,,,,,,,,,,,,,,,,,,,,,,,,,,,,,,,,,,,,,,,,,,,,,,,,,,,,,,,,,,,,,,,,,,,,,,,,,,,,,,,,,,,,,,,,,,,,,,,2,,,,,,,,,,,,,,,,
1892,KWIK TRIP #892,N56W14150 SILVER SPRING DR,MENOMONEE FALLS,WI,53051,43.11968,-88.08819,2.879,,3.879,3.499,fuel,USA,USD,Schneider,KwikTrip,,,,,,,,,,,,,,,,,,,,,,,,,,,1,,,,,,,,,,,,,,,,,,,,,,,,,,,,,,,,,,,,,,,,,,1,,,,,,,,,,,,,,,,,,,,,,,,,,,,,,,,,,,,2,,,,,,,,,,,,,,,,
1164,KWIK TRIP #164,2008 STOUT RD,MENOMONIE,WI,54751,44.88042,-91.90574,2.959,,3.959,3.639,fuel,USA,USD,Schneider,KwikTrip,,,,,,,,,,,,,,,,,,,,,,,,,,,1,,,,,,,,,,y,,,,,,,,,,,,,,,,,,,,,,,,,,,,,,,,2,,,,,,,,,,,,,,,,,,,,,,,,,,,,,y,,,,,,,2,,,,,,,,,,,,,,,,
1674,KWIK TRIP #674,6107 3M DR,MENOMONIE,WI,54751,44.90144,-91.85635,2.999,,3.999,3.639,fuel,USA,USD,Schneider,KwikTrip,,,,,,,,,,,,,,,,,,,,,,,,,,,,,,,,,,,,,y,,,,,,,,,,y,,,,,,,,,,,,,,,,,,,,,,1,y,,,y,,,,,,,,,,,,75,,,,,7,,,,,,,,y,,,,,,,2,,,,,,,y,,,,,,,,,
1593,KWIK TRIP #593,319 OAK AVE,MENOMONIE,WI,54751,44.90456,-91.93424,2.959,,3.959,3.639,fuel,USA,USD,Schneider,KwikTrip,,,,,,,,,,,,,,,,,,,,,,,,,,,,,,,,,,,,,y,,,,,,,,,,,,,,,,,,,,,,,,,,,,,,,,1,,,,,,,,,,,,,,,,15,,,,,,,,,,,,,y,,,,,,,2,,,,,,,,,,,,,,,,
1325,KWIK TRIP #325,10360 N CEDARBURG RD,MEQUON,WI,53092,43.20666,-87.97191,2.959,,3.959,3.499,fuel,USA,USD,Schneider,KwikTrip,,,,,,,,,,,,,,,,,,,,,,,,,,,1,,,,,,,,,,,,,,,,,,,,,,,,,,,,,,,,,,,,,,,,,,2,,,,,,,,,,,,,,,,,,,,,,,,,,,,,,,,,,,,2,,,,,,,,,,,,,,,,
1241,KWIK TRIP #241,300 S PINE RIDGE AVE,MERRILL,WI,54452,45.17917,-89.65263,2.949,,3.949,3.299,fuel,USA,USD,Schneider,KwikTrip,,,,,,,,,,,,,,,,,,,,,,,,,,,,,,,,,,,,,y,,,,,,,,,,,,,,,,,,,,,,,,,,,,,,,,,,,,,,,,,,,,,,,,,,,,,,,,,,,,,y,,,,,,,2,,,,,,,,,,,,,,,,
1964,KWIK TRIP #964,7508 CENTURY AVE,MIDDLETON,WI,53562,43.1117,-89.51115,2.999,,3.999,3.459,fuel,USA,USD,Schneider,KwikTrip,,,,,,,,,,,,,,,,,,,,,,,,,,,,,,,,,,,,,y,,,,,,,,,,,,,,,,,,,,,,,,,,,,,,,,2,,,,,,,,,,,,,,,,,,,,,,,,,,,,,y,,,,,,,2,,,,,,,y,,,,,,,,,
1295,KWIK TRIP #295,1157 GATEWAY DR,MILTON,WI,53563,42.77046,-88.93027,2.999,,3.999,3.499,fuel,USA,USD,Schneider,KwikTrip,,,,,,,,,,,,,,,,,,,,,,,,,,,1,,,,,,,,,,y,,,,,,,,,,,,,,,,,,,,,,,,,,,,,,,,,,,,,,,,,,,,,,,,,,,,,,,,,,,,,y,,,,,,,2,,,,,,,,,,,,,,,,
1768,KWIK TRIP #768,622 DODGE ST,MINERAL POINT,WI,53565,42.87041,-90.17635,2.999,,3.999,3.499,fuel,USA,USD,Schneider,KwikTrip,,,,,,,,,,,,,,,,,,,,,,,,,,,1,,,,,,,,,,,,,,,,,,,,,,,,,,,,,,,,,,,,,,,,,,1,,,,,,,,,,,,,,,,,,,,,,,,,,,,,,,,,,,,2,,,,,,,,,,,,,,,,
1159,KWIK TRIP #159,8690 US HIGHWAY 51 N,MINOCQUA,WI,54548,45.88644,-89.70347,2.989,,3.989,,fuel,USA,USD,Schneider,KwikTrip,,,,,,,,,,,,,,,,,,,,,,,,,,,1,,,,,,,,,,,,,,,,,,,,,,,,,,,,,,,,,,,,,,,,,,2,,,,,,,,,,,,,,,,2,,,,,,,,,,,,,,,,,,,,2,,,,,,,,,,,,,,,,
11298,KWIK TRIP #1298,530 E MAIN ST,MONDOVI,WI,54755,44.56807,-91.66419,2.999,,3.999,3.089,fuel,USA,USD,Schneider,KwikTrip,,,,,,,,,,,,,,,,,,,,,,,,,,,,,,,,,,,,,y,,,,,,,,,,,,,,,,,,,,,,,,,,,,,,,,,,,,,,,,,,,,,,,,,,,,,,,,,,,,,y,,,,,,,2,,,,,,,,,,,,,,,,
1966,KWIK TRIP #966,105 E BROADWAY,MONONA,WI,53716,43.04789,-89.32408,2.959,,3.959,3.499,fuel,USA,USD,Schneider,KwikTrip,,,,,,,,,,,,,,,,,,,,,,,,,,,,,,,,,,,,,,,,,,,,,,,,,,,,,,,,,,,,,,,,,,,,,2,,,,,,,,,,,,,,,,,,,,,,,,,,,,,,,,,,,,2,,,,,,,y,,,,,,,,,
1661,KWIK TRIP #661,720 8TH AVE,MONROE,WI,53566,42.60435,-89.64944,3.099,,4.099,3.389,fuel,USA,USD,Schneider,KwikTrip,,,,,,,,,,,,,,,,,,,,,,,,,,,1,,,,,,,,,,y,,,,,,,,,,,,,,,,,,,,,,,,,,,,,,,,1,,,,,,,,,,,,,,,,,,,,,,,,,,,,,y,,,,,,,2,,,,,,,,,,,,,,,,
11130,KWIK TRIP #1130,9255 RIDGEVIEW RD,MOUNT HOREB,WI,53572,43.00647,-89.70275,2.999,,3.999,3.499,fuel,USA,USD,Schneider,KwikTrip,,,,,,,,,,,,,,,,,,,,,,,,,,,1,,,,,,,,,,y,,,,,,,,,,,,,,,,,,,,,,,,,,,,,,,,1,,,,,,,,,,,,,,,,12,,,,,,,,,,,,,y,,,,,,,2,,,,,,,,,,,,,,,,
1794,KWIK TRIP #794,525 SPRINGDALE ST,MOUNT HOREB,WI,53572,43.00952,-89.73102,2.999,,3.999,3.499,fuel,USA,USD,Schneider,KwikTrip,,,,,,,,,,,,,,,,,,,,,,,,,,,1,,,,,,,,,,,,,,,,,,,,,,,,,,,,,,,,,,,,,,,,,,,,,,,,,,,,,,,,,,,,,,,,,,,,,,,,,,,,,,2,,,,,,,y,,,,,,,,,
1134,KWIK TRIP #134,4924 SPRING ST,MOUNT PLEASANT,WI,53406,42.73764,-87.83962,2.999,,3.999,3.499,fuel,USA,USD,Schneider,KwikTrip,,,,,,,,,,,,,,,,,,,,,,,,,,,1,,,,,,,,,,,,,,,,,,,,,,,,,,,,,,,,,,,,,,,,,,,,,,,,,,,,,,,,,,,,,,,,,,,,,,,,,,,,,,2,,,,,,,,,,,,,,,,
1686,KWIK TRIP #686,944 SE FRONTAGE RD,MOUNT PLEASANT,WI,53177,42.72389,-87.95194,3.099,,4.099,3.769,fuel,USA,USD,Schneider,KwikTrip,,,,,,,,,,,,,,,,,,,,,,,,,,,,,,,,,,,,,y,,,,,,,,,,,,,,,,,,,,,,,,,,,,,,,,2,,,,y,,,,,,,,,,,,8,,,,,,,,,,,,,y,,,,,,,2,,,,,,,y,,,,,,,,,
1395,KWIK TRIP #395,7155 DURAND AVE,MOUNT PLEASANT,WI,53177,42.69667,-87.86972,2.999,,3.999,3.499,fuel,USA,USD,Schneider,KwikTrip,,,,,,,,,,,,,,,,,,,,,,,,,,,,,,,,,,,,,,,,,,,,,,,,,,,,,,,,,,,,,,,,,,,,,1,,,,,,,,,,,,,,,,,,,,,,,,,,,,,,,,,,,,2,,,,,,,,,,,,,,,,
1580,KWIK TRIP #580,6801 WASHINGTON AVE,MOUNT PLEASANT,WI,53406,42.71927,-87.86418,2.999,,3.999,3.499,fuel,USA,USD,Schneider,KwikTrip,,,,,,,,,,,,,,,,,,,,,,,,,,,1,,,,,,,,,,,,,,,,,,,,,,,,,,,,,,,,,,,,,,,,,,2,,,,,,,,,,,,,,,,,,,,,,,,,,,,,,,,,,,,2,,,,,,,,,,,,,,,,
1282,KWIK TRIP #282,1212 N ROCHESTER ST,MUKWONAGO,WI,53149,42.88111,-88.34009,2.999,,3.999,3.499,fuel,USA,USD,Schneider,KwikTrip,,,,,,,,,,,,,,,,,,,,,,,,,,,1,,,,,,,,,,y,,,,,,,,,,,,,,,,,,,,,,,,,,,,,,,,1,,,,,,,,,,,,,,,,4,,,,,,,,,,,,,y,,,,,,,2,,,,,,,,,,,,,,,,
11080,KWIK TRIP #1080,S63W13510 JANESVILLE RD,MUSKEGO,WI,53150,42.92941,-88.08305,2.899,,3.899,3.499,fuel,USA,USD,Schneider,KwikTrip,,,,,,,,,,,,,,,,,,,,,,,,,,,1,,,,,,,,,,,,,,,,,,,,,,,,,,,,,,,,,,,,,,,,,,1,,,,,,,,,,,,,,,,,,,,,,,,,,,,,,,,,,,,2,,,,,,,,,,,,,,,,
1313,KWIK TRIP #313,110 E DIVISION ST,NEILLSVILLE,WI,54456,44.55241,-90.59546,2.999,,3.999,3.469,fuel,USA,USD,Schneider,KwikTrip,,,,,,,,,,,,,,,,,,,,,,,,,,,,,,,,,,,,,y,,,,,,,,,,,,,,,,,,,,,,,,,,,,,,,,,,,,,,,,,,,,,,,,,,,,,,,,,,,,,y,,,,,,,2,,,,,,,y,,,,,,,,,
1977,KWIK TRIP #977,15075 W NATIONAL AVE,NEW BERLIN,WI,53151,42.98062,-88.1018,2.899,,3.899,3.499,fuel,USA,USD,Schneider,KwikTrip,,,,,,,,,,,,,,,,,,,,,,,,,,,,,,,,,,,,,,,,,,,,,,,,,,,,,,,,,,,,,,,,,,,,,,,,,,,,,,,,,,,,,,,,,,,,,,,,,,,,,,,,,2,,,,,,,,,,,,,,,,
1971,KWIK TRIP #971,2101 S MOORLAND RD,NEW BERLIN,WI,53151,43.00698,-88.10788,2.899,,3.899,3.499,fuel,USA,USD,Schneider,KwikTrip,,,,,,,,,,,,,,,,,,,,,,,,,,,,,,,,,,,,,,,,,,,,,,,,,,,,,,,,,,,,,,,,,,,,,2,,,,,,,,,,,,,,,,,,,,,,,,,,,,,,,,,,,,2,,,,,,,,,,,,,,,,
1499,KWIK TRIP #499,15700 W SMALL RD,NEW BERLIN,WI,53151,42.94495,-88.11001,2.899,,3.899,3.499,fuel,USA,USD,Schneider,KwikTrip,,,,,,,,,,,,,,,,,,,,,,,,,,,,,,,,,,,,,y,,,,,,,,,,,,,,,,,,,,,,,,,,,,,,,,2,,,,,,,,,,,,,,,,,,,,,,,,,,,,,y,,,,,,,2,,,,,,,,,,,,,,,,
1644,KWIK TRIP #644,1517 WISCONSIN AVE,NEW HOLSTEIN,WI,53061,43.94944,-88.08482,2.999,,3.999,3.399,fuel,USA,USD,Schneider,KwikTrip,,,,,,,,,,,,,,,,,,,,,,,,,,,1,,,,,,,,,,y,,,,,,,,,,,,,,,,,,,,,,,,,,,,,,,,1,,,,,,,,,,,,,,,,,,,,,,,,,,,,,y,,,,,,,2,,,,,,,,,,,,,,,,
1791,KWIK TRIP #791,984 N SHAWANO ST,NEW LONDON,WI,54961,44.40205,-88.74291,2.899,,3.899,3.399,fuel,USA,USD,Schneider,KwikTrip,,,,,,,,,,,,,,,,,,,,,,,,,,,,,,,,,,,,,y,,,,,,,,,,,,,,,,,,,,,,,,,,,,,,,,2,,,,,,,,,,,,,,,,,,,,,,,,,,,,,y,,,,,,,2,,,,,,,,,,,,,,,,
1792,KWIK TRIP #792,1500 MILL ST,NEW LONDON,WI,54961,44.38068,-88.73189,2.899,,3.899,3.399,fuel,USA,USD,Schneider,KwikTrip,,,,,,,,,,,,,,,,,,,,,,,,,,,,,,,,,,,,,,,,,,,,,,,,,,,,,,,,,,,,,,,,,,,,,1,,,,,,,,,,,,,,,,,,,,,,,,,,,,,,,,,,,,2,,,,,,,,,,,,,,,,
1337,KWIK TRIP #337,124 PAPERJACK DR,NEW RICHMOND,WI,54017,45.1039,-92.53688,2.999,,3.999,3.639,fuel,USA,USD,Schneider,KwikTrip,,,,,,,,,,,,,,,,,,,,,,,,,,,,,,,,,,,,,y,,,,,,,,,,,,,,,,,,,,,,,,,,,,,,,,1,,,,,,,,,,,,,,,,,,,,,,,,,,,,,y,,,,,,,2,,,,,,,y,,,,,,,,,
1290,KWIK TRIP #290,7880 S 10TH ST,OAK CREEK,WI,53154,42.9025,-87.92699,2.999,,3.999,3.769,fuel,USA,USD,Schneider,KwikTrip,,,,,,,,,,,,,,,,,,,,,,,,,,,1,,,,,,,,,,y,,,,,,,,,,,,,,,,,,,,,,,,,,,,,,,,,,,,,,,,,,,,,,,,4,,,,,,,,,,,,,y,,,,,,,2,,,,,,,,,,,,,,,,
1976,KWIK TRIP #976,6300 S 27TH ST,OAK CREEK,WI,53154,42.92967,-87.9491,2.899,,3.899,3.499,fuel,USA,USD,Schneider,KwikTrip,,,,,,,,,,,,,,,,,,,,,,,,,,,,,,,,,,,,,,,,,,,,,,,,,,,,,,,,,,,,,,,,,,,,,2,,,,,,,,,,,,,,,,,,,,,,,,,,,,,y,,,,,,,2,,,,,,,,,,,,,,,,
1422,KWIK TRIP #422,9535 S 13TH ST,OAK CREEK,WI,53154,42.87136,-87.93302,2.999,,3.999,3.769,fuel,USA,USD,Schneider,KwikTrip,,,,,,,,,,,,,,,,,,,,,,,,,,,,,,,,,,,,,y,,,,,,,,,,,,,,,,,,,,,,,,,,,,,,,,2,,,,,,,,,,,,,,,,8,,,,,,,,,,,,,y,,,,,,,2,,,,,,,y,,,,,,,,,
1576,KWIK TRIP #576,2040 W RYAN RD,OAK CREEK,WI,53154,42.87333,-87.9437,2.999,3.299,3.999,3.769,fuel,USA,USD,Schneider,KwikTrip,,,,,,,,,,,,,,,,,,,,,,,,,,,,,,,,,,,,,,,,,,,,,,,,,,,,,,,,,,,,,,,,,,,,,1,,,,,,,,,,,,,,,,,,,,,,,,,,,,,,,,,,,,2,,,,,,,,,,,,,,,,
1360,KWIK TRIP #360,N56W39345 WISCONSIN AVE,OCONOMOWOC,WI,53066,43.12278,-88.5272,2.959,,3.959,3.499,fuel,USA,USD,Schneider,KwikTrip,,,,,,,,,,,,,,,,,,,,,,,,,,,,,,,,,,,,,,,,,,,,,,,,,,,,,,,,,,,,,,,,,,,,,,,,,,,,,,,,,,,,,,,,,,,,,,,,,,,,,,,,,1,,,,,,,,,,,,,,,,
1858,KWIK TRIP #858,1301 OCONOMOWOC PKWY,OCONOMOWOC,WI,53066,43.08059,-88.4696,2.959,,3.959,3.499,fuel,USA,USD,Schneider,KwikTrip,,,,,,,,,,,,,,,,,,,,,,,,,,,1,,,,,,,,,,,,,,,,,,,,,,,,,,,,,,,,,,,,,,,,,,2,,,,,,,,,,,,,,,,,,,,,,,,,,,,,,,,,,,,2,,,,,,,,,,,,,,,,
11132,KWIK TRIP #1132,110 BROOKE DR,OMRO,WI,54963,44.04058,-88.71359,2.869,,3.869,3.189,fuel,USA,USD,Schneider,KwikTrip,,,,,,,,,,,,,,,,,,,,,,,,,,,1,,,,,,,,,,y,,,,,,,,,,,,,,,,,,,,,,,,,,,,,,,,1,,,,,,,,,,,,,,,,9,,,,,,,,,,,,,y,,,,,,,2,,,,,,,,,,,,,,,,
1784,KWIK TRIP #784,244 E MAIN ST,OMRO,WI,54963,44.03918,-88.74129,2.869,,3.869,3.189,fuel,USA,USD,Schneider,KwikTrip,,,,,,,,,,,,,,,,,,,,,,,,,,,,,,,,,,,,,,,,,,,,,,,,,,,,,,,,,,,,,,,,,,,,,,,,,,,,,,,,,,,,,,,,,,,,,,,,,,,,,,,,,2,,,,,,,,,,,,,,,,
1494,KWIK TRIP #494,2800 ABBEY RD,ONALASKA,WI,54650,43.92289,-91.24498,2.999,,3.999,3.399,fuel,USA,USD,Schneider,KwikTrip,,,,,,,,,,,,,,,,,,,,,,,,,,,,,,,,,,,,,y,,,,,,,,,,,,,,,,,,,,,,,,,,,,,,,,1,,,,,,,,,,,,,,,,,,,,,,,,,,,,,y,,,,,,,2,,,,,,,,,,,,,,,,
11198,KWIK TRIP #1198,21 N BUSINESS PARK DR,OOSTBURG,WI,53070,43.62328,-87.77621,2.809,,3.809,3.419,fuel,USA,USD,Schneider,KwikTrip,,,,,,,,,,,,,,,,,,,,,,,,,,,1,,,,,,,,,,y,,,,,,,,,,y,,,,,,,,,,,,,,,,,,,,,,1,,,,y,,,,,,,,,,,,17,,,,,,,,,,,,,y,,,,,,,2,,,,,,,,,,,,,,,,
1372,KWIK TRIP #372,951 JANESVILLE ST,OREGON,WI,53575,42.91829,-89.37258,2.959,,3.959,3.499,fuel,USA,USD,Schneider,KwikTrip,,,,,,,,,,,,,,,,,,,,,,,,,,,1,,,,,,,,,,,,,,,,,,,,,,,,,,,,,,,,,,,,,,,,,,1,,,,,,,,,,,,,,,,,,,,,,,,,,,,,,,,,,,,2,,,,,,,,,,,,,,,,
1302,KWIK TRIP #302,856 N MAIN ST,OREGON,WI,53575,42.93922,-89.38291,2.959,,3.959,3.499,fuel,USA,USD,Schneider,KwikTrip,,,,,,,,,,,,,,,,,,,,,,,,,,,,,,,,,,,,,,,,,,,,,,,,,,,,,,,,,,,,,,,,,,,,,,,,,,,,,,,,,,,,,,,,,,,,,,,,,,,,,,,,,1,,,,,,,,,,,,,,,,
11083,KWIK TRIP #1083,100 RIDGE RD,OSCEOLA,WI,54020,45.31336,-92.70365,2.899,,3.899,3.449,fuel,USA,USD,Schneider,KwikTrip,,,,,,,,,,,,,,,,,,,,,,,,,,,,,,,,,,,,,y,,,,,,,,,,y,,,,,,,,,,,,,,,,,,,,,,1,,,,,,,,,,,,,,,,10,,,,,,,,,,,,,y,,,,,,,2,,,,,,,,,,,,,,,,
1741,KWIK TRIP #741,215 W 20TH AVE,OSHKOSH,WI,54902,43.99527,-88.54309,2.899,,3.899,3.189,fuel,USA,USD,Schneider,KwikTrip,,,,,,,,,,,,,,,,,,,,,,,,,,,,,,,,,,,,,,,,,,,,,,,,,,,,,,,,,,,,,,,,,,,,,1,,,,,,,,,,,,,,,,,,,,,,,,,,,,,,,,,,,,2,,,,,,,,,,,,,,,,
1881,KWIK TRIP #881,1725 W 9TH AVE,OSHKOSH,WI,54902,44.01044,-88.57844,2.769,,3.769,3.449,fuel,USA,USD,Schneider,KwikTrip,,,,,,,,,,,,,,,,,,,,,,,,,,,,,,,,,,,,,,,,,,,,,,,,,,,,,,,,,,,,,,,,,,,,,,,,,,,,,,,,,,,,,,,,,,,,,,,,,,,,,,,,,2,,,,,,,,,,,,,,,,
1742,KWIK TRIP #742,2115 JACKSON ST,OSHKOSH,WI,54901,44.04343,-88.54277,2.899,,3.899,3.549,fuel,USA,USD,Schneider,KwikTrip,,,,,,,,,,,,,,,,,,,,,,,,,,,,,,,,,,,,,,,,,,,,,,,,,,,,,,,,,,,,,,,,,,,,,2,,,,,,,,,,,,,,,,,,,,,,,,,,,,,,,,,,,,3,,,,,,,,,,,,,,,,
1457,KWIK TRIP #457,2400 S WASHBURN ST,OSHKOSH,WI,54904,43.98933,-88.58573,2.899,,3.899,3.299,fuel,USA,USD,Schneider,KwikTrip,,,,,,,,,,,,,,,,,,,,,,,,,,,,,,,,,,,,,y,,,,,,,,,,,,,,,,,,,,,,,,,,,,,,,,2,,,,,,,,,,,,,,,,,,,,,,,,,,,,,y,,,,,,,2,,,,,,,,,,,,,,,,
1871,KWIK TRIP #871,5821 GREEN VALLEY RD,OSHKOSH,WI,54904,44.10014,-88.54273,2.789,,3.789,3.299,fuel,USA,USD,Schneider,KwikTrip,,,,,,,,,,,,,,,,,,,,,,,,,,,,,,,,,,,,,y,,,,,,,,,,y,,,,,,,,,,,,,,,,,,,,,,,,,,y,,,,,,,,,,,,16,,,,,,,,,,,,,y,,,,,,,2,,,,,,,y,,,,,,,,,
1862,KWIK TRIP #862,1090 N WASHBURN ST,OSHKOSH,WI,54904,44.03176,-88.58615,2.899,,3.899,3.699,fuel,USA,USD,Schneider,KwikTrip,,,,,,,,,,,,,,,,,,,,,,,,,,,,,,,,,,,,,,,,,,,,,,,,,,,,,,,,,,,,,,,,,,,,,2,,,,,,,,,,,,,,,,,,,,,,,,,,,,,,,,,,,,2,,,,,,,,,,,,,,,,
1314,KWIK TRIP #314,108 N MAIN ST,PARDEEVILLE,WI,53954,43.54741,-89.31674,2.959,,3.959,3.399,fuel,USA,USD,Schneider,KwikTrip,,,,,,,,,,,,,,,,,,,,,,,,,,,,,,,,,,,,,,,,,,,,,,,,,,,,,,,,,,,,,,,,,,,,,,,,,,,,,,,,,,,,,,,,,,,,,,,,,,,,,,,,,2,,,,,,,,,,,,,,,,
1138,KWIK TRIP #138,1083 4TH AVE S,PARK FALLS,WI,54552,45.92375,-90.4499,2.979,,3.979,3.359,fuel,USA,USD,Schneider,KwikTrip,,,,,,,,,,,,,,,,,,,,,,,,,,,,,,,,,,,,,y,,,,,,,,,,,,,,,,,,,,,,,,,,,,,,,,,,,,,,,,,,,,,,,,,,,,,,,,,,,,,y,,,,,,,2,,,,,,,y,,,,,,,,,
1865,KWIK TRIP #865,130 DYNEX DR,PEWAUKEE,WI,53072,43.08292,-88.25319,2.899,,3.899,3.499,fuel,USA,USD,Schneider,KwikTrip,,,,,,,,,,,,,,,,,,,,,,,,,,,1,,,,,,,,,,,,,,,,,,,,,,,,,,,,,,,,,,,,,,,,,,2,,,,,,,,,,,,,,,,,,,,,,,,,,,,,,,,,,,,2,,,,,,,,,,,,,,,,
11526,STOP N GO #1526,405 RYAN ST,PEWAUKEE,WI,53072,43.08881,-88.27551,2.899,3.299,3.899,3.499,fuel,USA,USD,Schneider,KwikTrip,,,,,,,,,,,,,,,,,,,,,,,,,,,,,,,,,,,,,,,,,,,,,,,,,,,,,,,,,,,,,,,,,,,,,,,,,,,,,,,,,,,,,,,,,,,,,,,,,,,,,,,,,1,,,,,,,,,,,,,,,,
1184,KWIK TRIP #184,2001 GOLF RD,PEWAUKEE,WI,53072,43.04796,-88.25837,2.999,,3.999,3.499,fuel,USA,USD,Schneider,KwikTrip,,,,,,,,,,,,,,,,,,,,,,,,,,,1,,,,,,,,,,y,,,,,,,,,,,,,,,,,,,,,,,,,,,,,,,,,,,,y,,,,,,,,,,,,11,,,,,,,,,,,,,y,,,,,,,2,,,,,,,y,,,,,,,,,
11067,KWIK TRIP #1067,1424 N LAKE AVE,PHILLIPS,WI,54555,45.70649,-90.41734,2.939,,3.939,3.369,fuel,USA,USD,Schneider,KwikTrip,,,,,,,,,,,,,,,,,,,,,,,,,,,,,,,,,,,,,y,,,,,,,,,,,,,,,,,,,,,,,,,,,,,,,,1,,,,,,,,,,,,,,,,9,,,,,,,,,,,,,y,,,,,,,2,,,,,,,,,,,,,,,,
11196,KWIK TRIP #1196,1805 VISION DR,PLATTEVILLE,WI,53818,42.73215,-90.43807,3.099,,4.099,3.499,fuel,USA,USD,Schneider,KwikTrip,,,,,,,,,,,,,,,,,,,,,,,,,,,1,,,,,,,,,,y,,,,,,,,,,,,,,,,,,,,,,,,,,,,,,,,1,,,,,,,,,,,,,,,,3,,,,,,,,,,,,,y,,,,,,,2,,,,,,,,,,,,,,,,
1795,KWIK TRIP #795,430 S WATER ST,PLATTEVILLE,WI,53818,42.72948,-90.47651,3.099,,4.099,3.499,fuel,USA,USD,Schneider,KwikTrip,,,,,,,,,,,,,,,,,,,,,,,,,,,,,,,,,,,,,,,,,,,,,,,,,,,,,,,,,,,,,,,,,,,,,,,,,,,,,,,,,,,,,,,,,,,,,,,,,,,,,,,,,2,,,,,,,,,,,,,,,,
1230,KWIK TRIP #230,10451 72ND AVE,PLEASANT PRAIRIE,WI,53158,42.5225,-87.89409,2.999,,3.999,3.599,fuel,USA,USD,Schneider,KwikTrip,,,,,,,,,,,,,,,,,,,,,,,,,,,,,,,,,,,,,,,,,,,,,,,,,,,,,,,,,,,,,,,,,,,,,2,,,,,,,,,,,,,,,,,,,,,,,,,,,,,,,,,,,,2,,,,,,,,,,,,,,,,
1296,KWIK TRIP #296,10215 120TH AVE,PLEASANT PRAIRIE,WI,53158,42.52479,-87.94735,2.999,,3.999,3.599,fuel,USA,USD,Schneider,KwikTrip,,,,,,,,,,,,,,,,,,,,,,,,,,,,,,,,,,,,,,,,,,,,,,,,,,,,,,,,,,,,,,,,,,,,,2,,,,,,,,,,,,,,,,,,,,,,,,,,,,,,,,,,,,2,,,,,,,,,,,,,,,,
11091,KWIK TRIP #1091,10160 OLD GREEN BAY RD,PLEASANT PRAIRIE,WI,53158,42.52509,-87.89041,2.999,,3.999,3.599,fuel,USA,USD,Schneider,KwikTrip,,,,,,,,,,,,,,,,,,,,,,,,,,,1,,,,,,,,,,,,,,,,,,,,,,,,,,,,,,,,,,,,,,,,,,1,,,,,,,,,,,,,,,,,,,,,,,,,,,,,,,,,,,,2,,,,,,,,,,,,,,,,
1172,KWIK TRIP #172,8900 76TH ST,PLEASANT PRAIRIE,WI,53158,42.56532,-87.91486,2.899,,3.899,3.599,fuel,USA,USD,Schneider,KwikTrip,,,,,,,,,,,,,,,,,,,,,,,,,,,,,,,,,,,,,,,,,,,,,,,,,,,,,,,,,,,,,,,,,,,,,2,,,,,,,,,,,,,,,,,,,,,,,,,,,,,,,,,,,,2,,,,,,,,,,,,,,,,
1338,KWIK TRIP #338,1900 POST RD,PLOVER,WI,54467,44.46927,-89.5457,2.909,,3.909,3.399,fuel,USA,USD,Schneider,KwikTrip,,,,,,,,,,,,,,,,,,,,,,,,,,,,,,,,,,,,,y,,,,,,,,,,,,,,,,,,,,,,,,,,,,,,,,1,,,,,,,,,,,,,,,,,,,,,,,,,,,,,y,,,,,,,2,,,,,,,,,,,,,,,,
1202,KWIK TRIP #202,5339 HARDING AVE,PLOVER,WI,54467,44.4275,-89.51578,2.909,,3.909,3.399,fuel,USA,USD,Schneider,KwikTrip,,,,,,,,,,,,,,,,,,,,,,,,,,,,,,,,,,,,,y,,,,,,,,,,y,,,,,,,,,,,,,,,,,,,,,,,y,,,y,,,,,,,,,,,,102,,,,,4,,,,,,,,y,,,,,,,2,,,,,,,y,,,,,,,,,
1683,KWIK TRIP #683,2970 NEW PINERY RD,PORTAGE,WI,53901,43.57194,-89.47052,2.999,,3.999,3.399,fuel,USA,USD,Schneider,KwikTrip,,,,,,,,,,,,,,,,,,,,,,,,,,,,,,,,,,,,,y,,,,,,,,,,,,,,,,,,,,,,,,,,,,,,,,,,,,,,,,,,,,,,,,,,,,,,,,,,,,,y,,,,,,,2,,,,,,,,,,,,,,,,
1653,KWIK TRIP #653,1223 E WISCONSIN ST,PORTAGE,WI,53901,43.53359,-89.44254,2.999,,3.999,3.399,fuel,USA,USD,Schneider,KwikTrip,,,,,,,,,,,,,,,,,,,,,,,,,,,,,,,,,,,,,y,,,,,,,,,,,,,,,,,,,,,,,,,,,,,,,,2,,,,,,,,,,,,,,,,,,,,,,,,,,,,,y,,,,,,,2,,,,,,,,,,,,,,,,
1307,KWIK TRIP #307,37947 SELCH RD,PRAIRIE DU CHIEN,WI,53821,43.01794,-91.11128,2.989,,3.989,3.499,fuel,USA,USD,Schneider,KwikTrip,,,,,,,,,,,,,,,,,,,,,,,,,,,1,,,,,,,,,,y,,,,,,,,,,,,,,,,,,,,,,,,,,,,,,,,1,,,,,,,,,,,,,,,,,,,,,,,,,,,,,y,,,,,,,2,,,,,,,,,,,,,,,,
1842,KWIK TRIP #842,211 S MARQUETTE RD,PRAIRIE DU CHIEN,WI,53821,43.04985,-91.14135,2.989,,3.989,3.499,fuel,USA,USD,Schneider,KwikTrip,,,,,,,,,,,,,,,,,,,,,,,,,,,,,,,,,,,,,,,,,,,,,,,,,,,,,,,,,,,,,,,,,,,,,,,,,,,,,,,,,,,,,,,,,,,,,,,,,,,,,,,,,2,,,,,,,,,,,,,,,,
11038,KWIK TRIP #1038,2850 PRAIRIE ST,PRAIRIE DU SAC,WI,53578,43.29532,-89.75838,2.999,,3.999,3.459,fuel,USA,USD,Schneider,KwikTrip,,,,,,,,,,,,,,,,,,,,,,,,,,,1,,,,,,,,,,y,,,,,,,,,,,,,,,,,,,,,,,,,,,,,,,,2,,,,,,,,,,,,,,,,,,,,,,,,,,,,,y,,,,,,,2,,,,,,,,,,,,,,,,
1786,KWIK TRIP #786,303 S FULTON ST,PRINCETON,WI,54968,43.84821,-89.12315,2.999,,3.999,3.499,fuel,USA,USD,Schneider,KwikTrip,,,,,,,,,,,,,,,,,,,,,,,,,,,,,,,,,,,,,,,,,,,,,,,,,,,,,,,,,,,,,,,,,,,,,,,,,,,,,,,,,,,,,,,,,,,,,,,,,,,,,,,,,2,,,,,,,,,,,,,,,,
1946,KWIK TRIP #946,717 S WISCONSIN ST,PULASKI,WI,54162,44.66673,-88.22892,2.959,,3.959,3.349,fuel,USA,USD,Schneider,KwikTrip,,,,,,,,,,,,,,,,,,,,,,,,,,,1,,,,,,,,,,y,,,,,,,,,,,,,,,,,,,,,,,,,,,,,,,,1,,,,,,,,,,,,,,,,,,,,,,,,,,,,,y,,,,,,,2,,,,,,,,,,,,,,,,
1781,KWIK TRIP #781,549 W BANNERMAN AVE,REDGRANITE,WI,54970,44.04419,-89.10807,2.999,,3.999,3.189,fuel,USA,USD,Schneider,KwikTrip,,,,,,,,,,,,,,,,,,,,,,,,,,,,,,,,,,,,,y,,,,,,,,,,,,,,,,,,,,,,,,,,,,,,,,,,,,,,,,,,,,,,,,3,,,,,,,,,,,,,y,,,,,,,2,,,,,,,,,,,,,,,,
1838,KWIK TRIP #838,1690 E MAIN ST,REEDSBURG,WI,53959,43.53224,-89.98501,2.939,,3.939,3.369,fuel,USA,USD,Schneider,KwikTrip,,,,,,,,,,,,,,,,,,,,,,,,,,,,,,,,,,,,,y,,,,,,,,,,,,,,,,,,,,,,,,,,,,,,,,2,,,,,,,,,,,,,,,,12,,,,,,,,,,,,,y,,,,,,,1,,,,,,,y,,,,,,,,,
1173,KWIK TRIP #173,1539 N STEVENS ST,RHINELANDER,WI,54501,45.65592,-89.39888,2.979,,3.979,3.379,fuel,USA,USD,Schneider,KwikTrip,,,,,,,,,,,,,,,,,,,,,,,,,,,,,,,,,,,,,y,,,,,,,,,,,,,,,,,,,,,,,,,,,,,,,,,,,,,,,,,,,,,,,,,,,,,,,,,,,,,y,,,,,,,2,,,,,,,,,,,,,,,,
1860,KWIK TRIP #860,235 S EISENHOWER PKWY,RHINELANDER,WI,54501,45.63565,-89.3805,2.979,,3.979,3.379,fuel,USA,USD,Schneider,KwikTrip,,,,,,,,,,,,,,,,,,,,,,,,,,,,,,,,,,,,,y,,,,,,,,,,,,,,,,,,,,,,,,,,,,,,,,,,,,,,,,,,,,,,,,,,,,,,,,,,,,,y,,,,,,,2,,,,,,,,,,,,,,,,
1476,KWIK TRIP #476,2851 DECKER DR,RICE LAKE,WI,54868,45.47389,-91.75416,3.079,,4.079,3.599,fuel,USA,USD,Schneider,KwikTrip,,,,,,,,,,,,,,,,,,,,,,,,,,,,,,,,,,,,,y,,,,,,,,,,,,,,,,,,,,,,,,,,,,,,,,2,,,,,,,,,,,,,,,,,,,,,,,,,,,,,y,,,,,,,2,,,,,,,,,,,,,,,,
11013,KWIK TRIP #1013,2900 STATE ROAD 167,RICHFIELD,WI,53076,43.25188,-88.18449,2.959,,3.959,3.499,fuel,USA,USD,Schneider,KwikTrip,,,,,,,,,,,,,,,,,,,,,,,,,,,1,,,,,,,,,,y,,,,,,,,,,y,,,,,,,,,,,,,,,,,,,,,,,,,,y,,,,,,,,,,,,116,,,,,3,,,,,,,,y,,,,,,,2,,,,,,,,,,,,,,,,
1788,KWIK TRIP #788,378 W SEMINARY ST,RICHLAND CENTER,WI,53581,43.3349,-90.38702,2.999,,3.999,3.289,fuel,USA,USD,Schneider,KwikTrip,,,,,,,,,,,,,,,,,,,,,,,,,,,1,,,,,,,,,,,,,,,,,,,,,,,,,,,,,,,,,,,,,,,,,,,,,,,,,,,,,,,,,,,,,,,,,,,,,,,,,,,,,,2,,,,,,,,,,,,,,,,
1363,KWIK TRIP #363,2393 US HIGHWAY 14 E,RICHLAND CENTER,WI,53581,43.31485,-90.35114,2.999,,3.999,3.289,fuel,USA,USD,Schneider,KwikTrip,,,,,,,,,,,,,,,,,,,,,,,,,,,,,,,,,,,,,y,,,,,,,,,,,,,,,,,,,,,,,,,,,,,,,,,,,,,,,,,,,,,,,,4,,,,,,,,,,,,,y,,,,,,,2,,,,,,,,,,,,,,,,
1392,KWIK TRIP #392,1123 W FOND DU LAC ST,RIPON,WI,54971,43.85379,-88.86175,2.999,,3.999,3.499,fuel,USA,USD,Schneider,KwikTrip,,,,,,,,,,,,,,,,,,,,,,,,,,,,,,,,,,,,,y,,,,,,,,,,,,,,,,,,,,,,,,,,,,,,,,,,,,,,,,,,,,,,,,10,,,,,,,,,,,,,y,,,,,,,2,,,,,,,y,,,,,,,,,
1453,KWIK TRIP #453,1238 N MAIN ST,RIVER FALLS,WI,54022,44.87278,-92.62083,3.099,,4.099,3.439,fuel,USA,USD,Schneider,KwikTrip,,,,,,,,,,,,,,,,,,,,,,,,,,,,,,,,,,,,,y,,,,,,,,,,,,,,,,,,,,,,,,,,,,,,,,2,,,,,,,,,,,,,,,,,,,,,,,,,,,,,y,,,,,,,2,,,,,,,,,,,,,,,,
11104,KWIK TRIP #1104,1536 CEMETERY RD,RIVER FALLS,WI,54022,44.84056,-92.60444,3.099,,4.099,3.439,fuel,USA,USD,Schneider,KwikTrip,,,,,,,,,,,,,,,,,,,,,,,,,,,,,,,,,,,,,y,,,,,,,,,,,,,,,,,,,,,,,,,,,,,,,,1,,,,,,,,,,,,,,,,,,,,,,,,,,,,,y,,,,,,,1,,,,,,,,,,,,,,,,
11260,KWIK TRIP #1260,1080 WILKENS WAY,ROBERTS,WI,54023,44.96382,-92.56006,2.999,,3.999,3.589,fuel,USA,USD,Schneider,KwikTrip,,,,,,,,,,,,,,,,,,,,,,,,,,,1,,,,,,,,,,y,,,,,,,,,,y,,,,,,,,,,,,,,,,,,,,,,,,,,y,,,,,,,,,,,,124,,,,,5,,,,,,,,y,,,,,,,2,,,,,,,,,,,,,,,,
11137,KWIK TRIP #1137,2072 US HIGHWAY 8,SAINT CROIX FALLS,WI,54024,45.39705,-92.5848,2.889,,3.889,3.449,fuel,USA,USD,Schneider,KwikTrip,,,,,,,,,,,,,,,,,,,,,,,,,,,1,,,,,,,,,,y,,,,,,,,,,,,,,,,,,,,,,,,,,,,,,,,1,,,,,,,,,,,,,,,,,,,,,,,,,,,,,y,,,,,,,2,,,,,,,,,,,,,,,,
11092,KWIK TRIP #1092,7640 ANTIOCH RD,SALEM,WI,53168,42.56592,-88.11593,2.879,,3.879,3.399,fuel,USA,USD,Schneider,KwikTrip,,,,,,,,,,,,,,,,,,,,,,,,,,,1,,,,,,,,,,,,,,,,,,,,,,,,,,,,,,,,,,,,,,,,,,1,,,,,,,,,,,,,,,,,,,,,,,,,,,,,,,,,,,,2,,,,,,,,,,,,,,,,
1763,KWIK TRIP #763,110 PHILLIPS BLVD,SAUK CITY,WI,53583,43.27053,-89.72288,2.999,,3.999,3.459,fuel,USA,USD,Schneider,KwikTrip,,,,,,,,,,,,,,,,,,,,,,,,,,,,,,,,,,,,,,,,,,,,,,,,,,,,,,,,,,,,,,,,,,,,,,,,,,,,,,,,,,,,,,,,,,,,,,,,,,,,,,,,,2,,,,,,,,,,,,,,,,
1879,KWIK TRIP #879,750 E GREEN BAY AVE,SAUKVILLE,WI,53080,43.3853,-87.92954,2.969,,3.969,3.499,fuel,USA,USD,Schneider,KwikTrip,,,,,,,,,,,,,,,,,,,,,,,,,,,1,,,,,,,,,,,,,,,,,,,,,,,,,,,,,,,,,,,,,,,,,,2,,,,,,,,,,,,,,,,,,,,,,,,,,,,,,,,,,,,2,,,,,,,,,,,,,,,,
1225,KWIK TRIP #225,1020 S MAINLINE DR,SEYMOUR,WI,54165,44.50134,-88.31953,2.959,,3.959,3.349,fuel,USA,USD,Schneider,KwikTrip,,,,,,,,,,,,,,,,,,,,,,,,,,,,,,,,,,,,,y,,,,,,,,,,,,,,,,,,,,,,,,,,,,,,,,,,,,,,,,,,,,,,,,,,,,,,,,,,,,,y,,,,,,,2,,,,,,,,,,,,,,,,
11138,KWIK TRIP #1138,1526 BROADWAY AVE,SHEBOYGAN,WI,53081,43.73602,-87.72583,2.939,,3.939,3.169,fuel,USA,USD,Schneider,KwikTrip,,,,,,,,,,,,,,,,,,,,,,,,,,,1,,,,,,,,,,y,,,,,,,,,,,,,,,,,,,,,,,,,,,,,,,,1,,,,,,,,,,,,,,,,,,,,,,,,,,,,,y,,,,,,,2,,,,,,,,,,,,,,,,
1679,KWIK TRIP #679,4220 COUNTY ROAD J,SHEBOYGAN,WI,53083,43.79074,-87.76171,2.769,,3.769,3.169,fuel,USA,USD,Schneider,KwikTrip,,,,,,,,,,,,,,,,,,,,,,,,,,,,,,,,,,,,,y,,,,,,,,,,,,,,,,,,,,,,,,,,,,,,,,,,,,,,,,,,,,,,,,,,,,,,,,,,,,,y,,,,,,,2,,,,,,,y,,,,,,,,,
1139,KWIK TRIP #139,7002 SAUK TRAIL RD,SHEBOYGAN,WI,53081,43.67446,-87.75823,2.999,,3.999,3.169,fuel,USA,USD,Schneider,KwikTrip,,,,,,,,,,,,,,,,,,,,,,,,,,,,,,,,,,,,,y,,,,,,,,,,,,,,,,,,,,,,,,,,,,,,,,,,,,,,,,,,,,,,,,15,,,,,,,,,,,,,y,,,,,,,2,,,,,,,,,,,,,,,,
1112,KWIK TRIP #112,1000 N MAIN ST,SHEBOYGAN FALLS,WI,53085,43.74676,-87.82069,2.999,,3.999,3.169,fuel,USA,USD,Schneider,KwikTrip,,,,,,,,,,,,,,,,,,,,,,,,,,,1,,,,,,,,,,y,,,,,,,,,,,,,,,,,,,,,,,,,,,,,,,,2,,,,,,,,,,,,,,,,,,,,,,,,,,,,,y,,,,,,,2,,,,,,,,,,,,,,,,
11074,KWIK TRIP #1074,726 HIGHWAY 35,SOMERSET,WI,54025,45.12568,-92.67029,3.079,,4.079,3.599,fuel,USA,USD,Schneider,KwikTrip,,,,,,,,,,,,,,,,,,,,,,,,,,,1,,,,,,,,,,y,,,,,,,,,,,,,,,,,,,,,,,,,,,,,,,,1,,,,,,,,,,,,,,,,,,,,,,,,,,,,,y,,,,,,,2,,,,,,,,,,,,,,,,
1317,KWIK TRIP #317,1751 E WISCONSIN ST,SPARTA,WI,54656,43.94029,-90.78625,2.949,,3.949,3.399,fuel,USA,USD,Schneider,KwikTrip,,,,,,,,,,,,,,,,,,,,,,,,,,,1,,,,,,,,,,y,,,,,,,,,,,,,,,,,,,,,,,,,,,,,,,,,,,,y,,,,,,,,,,,,,,,,,,,,,,,,,y,,,,,,,2,,,,,,,,,,,,,,,,
1318,KWIK TRIP #318,1014 S BLACK RIVER ST,SPARTA,WI,54656,43.93311,-90.82067,2.949,,3.949,3.399,fuel,USA,USD,Schneider,KwikTrip,,,,,,,,,,,,,,,,,,,,,,,,,,,1,,,,,,,,,,y,,,,,,,,,,,,,,,,,,,,,,,,,,,,,,,,2,,,,,,,,,,,,,,,,,,,,,,,,,,,,,y,,,,,,,2,,,,,,,,,,,,,,,,
1319,KWIK TRIP #319,410 S PACIFIC ST,SPENCER,WI,54479,44.7535,-90.29152,2.999,,3.999,3.499,fuel,USA,USD,Schneider,KwikTrip,,,,,,,,,,,,,,,,,,,,,,,,,,,1,,,,,,,,,,y,,,,,,,,,,,,,,,,,,,,,,,,,,,,,,,,1,,,,,,,,,,,,,,,,,,,,,,,,,,,,,y,,,,,,,2,,,,,,,y,,,,,,,,,
11164,KWIK TRIP #1164,W7140 GREEN VALLEY RD,SPOONER,WI,54801,45.80818,-91.89944,2.999,,3.999,3.499,fuel,USA,USD,Schneider,KwikTrip,,,,,,,,,,,,,,,,,,,,,,,,,,,1,,,,,,,,,,y,,,,,,,,,,,,,,,,,,,,,,,,,,,,,,,,1,,,,,,,,,,,,,,,,,,,,,,,,,,,,,y,,,,,,,2,,,,,,,,,,,,,,,,
1939,KWIK TRIP #939,105 E MAPLE ST,STANLEY,WI,54768,44.95898,-90.93761,2.919,,3.919,3.189,fuel,USA,USD,Schneider,KwikTrip,,,,,,,,,,,,,,,,,,,,,,,,,,,,,,,,,,,,,y,,,,,,,,,,,,,,,,,,,,,,,,,,,,,,,,,,,,,,,,,,,,,,,,,,,,,,,,,,,,,y,,,,,,,2,,,,,,,,,,,,,,,,
1691,KWIK TRIP #691,1600 MARIA DR,STEVENS POINT,WI,54481,44.53431,-89.57563,2.949,,3.949,3.399,fuel,USA,USD,Schneider,KwikTrip,,,,,,,,,,,,,,,,,,,,,,,,,,,,,,,,,,,,,y,,,,,,,,,,,,,,,,,,,,,,,,,,,,,,,,1,,,,,,,,,,,,,,,,,,,,,,,,,,,,,y,,,,,,,2,,,,,,,,,,,,,,,,
1863,KWIK TRIP #863,5311 OLD HIGHWAY 18,STEVENS POINT,WI,54482,44.5219,-89.52476,2.949,,3.949,3.399,fuel,USA,USD,Schneider,KwikTrip,,,,,,,,,,,,,,,,,,,,,,,,,,,,,,,,,,,,,y,,,,,,,,,,,,,,,,,,,,,,,,,,,,,,,,,,,,,,,,,,,,,,,,,,,,,,,,,,,,,y,,,,,,,2,,,,,,,,,,,,,,,,
1893,KWIK TRIP #893,1359 US HIGHWAY 51,STOUGHTON,WI,53589,42.91977,-89.25175,2.999,,3.999,3.499,fuel,USA,USD,Schneider,KwikTrip,,,,,,,,,,,,,,,,,,,,,,,,,,,1,,,,,,,,,,,,,,,,,,,,,,,,,,,,,,,,,,,,,,,,,,2,,,,,,,,,,,,,,,,,,,,,,,,,,,,,,,,,,,,2,,,,,,,,,,,,,,,,
1739,KWIK TRIP #739,517 W MAIN ST,STOUGHTON,WI,53589,42.91649,-89.22683,2.999,,3.999,3.499,fuel,USA,USD,Schneider,KwikTrip,,,,,,,,,,,,,,,,,,,,,,,,,,,,,,,,,,,,,,,,,,,,,,,,,,,,,,,,,,,,,,,,,,,,,,,,,,,,,,,,,,,,,,,,,,,,,,,,,,,,,,,,,2,,,,,,,,,,,,,,,,
11209,KWIK TRIP #1209,1639 EGG HARBOR RD,STURGEON BAY,WI,54235,44.85047,-87.35567,2.949,,3.949,3.369,fuel,USA,USD,Schneider,KwikTrip,,,,,,,,,,,,,,,,,,,,,,,,,,,1,,,,,,,,,,y,,,,,,,,,,,,,,,,,,,,,,,,,,,,,,,,1,,,,,,,,,,,,,,,,,,,,,,,,,,,,,y,,,,,,,2,,,,,,,,,,,,,,,,
11282,KWIK TRIP #1282,901 S DULUTH AVE,STURGEON BAY,WI,54235,44.82035,-87.39946,2.949,,3.949,3.369,fuel,USA,USD,Schneider,KwikTrip,,,,,,,,,,,,,,,,,,,,,,,,,,,1,,,,,,,,,,y,,,,,,,,,,,,,,,,,,,,,,,,,,,,,,,,1,,,,,,,,,,,,,,,,10,,,,,,,,,,,,,y,,,,,,,2,,,,,,,,,,,,,,,,
11041,KWIK TRIP #1041,10500 DURAND AVE,STURTEVANT,WI,53177,42.69888,-87.91564,2.999,,3.999,3.769,fuel,USA,USD,Schneider,KwikTrip,,,,,,,,,,,,,,,,,,,,,,,,,,,1,,,,,,,,,,y,,,,,,,,,,y,,,,,,,,,,,,,,,,,,,,,,1,,,,,,,,,,,,,,,,33,,,,,3,,,,,,,,y,,,,,,,2,,,,,,,,,,,,,,,,
1393,KWIK TRIP #393,1252 W MAIN ST,SUN PRAIRIE,WI,53590,43.18044,-89.23373,2.999,,3.999,3.499,fuel,USA,USD,Schneider,KwikTrip,,,,,,,,,,,,,,,,,,,,,,,,,,,,,,,,,,,,,,,,,,,,,,,,,,,,,,,,,,,,,,,,,,,,,1,,,,,,,,,,,,,,,,,,,,,,,,,,,,,,,,,,,,3,,,,,,,,,,,,,,,,
11521,KWIK TRIP #1521,9 TOWER DR,SUN PRAIRIE,WI,53590,43.19842,-89.21192,2.999,,3.999,3.499,fuel,USA,USD,Schneider,KwikTrip,,,,,,,,,,,,,,,,,,,,,,,,,,,,,,,,,,,,,,,,,,,,,,,,,,,,,,,,,,,,,,,,,,,,,,,,,,,,,,,,,,,,,,,,,,,,,,,,,,,,,,,,,2,,,,,,,,,,,,,,,,
11523,KWIK TRIP #1523,1706 WINDSOR ST,SUN PRAIRIE,WI,53590,43.18775,-89.2418,2.999,,3.999,3.499,fuel,USA,USD,Schneider,KwikTrip,,,,,,,,,,,,,,,,,,,,,,,,,,,1,,,,,,,,,,,,,,,,,,,,,,,,,,,,,,,,,,,,,,,,,,,,,,,,,,,,,,,,,,,,,,,,,,,,,,,,,,,,,,3,,,,,,,,,,,,,,,,
1496,KWIK TRIP #496,2599 IRONWOOD DR,SUN PRAIRIE,WI,53590,43.18444,-89.2638,2.999,,3.999,3.499,fuel,USA,USD,Schneider,KwikTrip,,,,,,,,,,,,,,,,,,,,,,,,,,,,,,,,,,,,,,,,,,,,,,,,,,,,,,,,,,,,,,,,,,,,,2,,,,,,,,,,,,,,,,,,,,,,,,,,,,,,,,,,,,2,,,,,,,,,,,,,,,,
1203,KWIK TRIP #203,1419 BANKS AVE,SUPERIOR,WI,54880,46.7213,-92.10629,3.099,,4.099,3.529,fuel,USA,USD,Schneider,KwikTrip,,,,,,,,,,,,,,,,,,,,,,,,,,,,,,,,,,,,,y,,,,,,,,,,,,,,,,,,,,,,,,,,,,,,,,2,,,,,,,,,,,,,,,,,,,,,,,,,,,,,y,,,,,,,2,,,,,,,,,,,,,,,,
1222,KWIK TRIP #222,3027 E 2ND ST,SUPERIOR,WI,54880,46.69773,-92.03523,3.059,,4.059,3.529,fuel,USA,USD,Schneider,KwikTrip,,,,,,,,,,,,,,,,,,,,,,,,,,,,,,,,,,,,,y,,,,,,,,,,,,,,,,,,,,,,,,,,,,,,,,,,,,y,,,,,,,,,,,,5,,,,,,,,,,,,,y,,,,,,,2,,,,,,,y,,,,,,,,,
1135,KWIK TRIP #135,6007 TOWER AVE,SUPERIOR,WI,54880,46.66657,-92.10527,3.099,,4.099,3.599,fuel,USA,USD,Schneider,KwikTrip,,,,,,,,,,,,,,,,,,,,,,,,,,,1,,,,,,,,,,y,,,,,,,,,,,,,,,,,,,,,,,,,,,,,,,,1,,,,,,,,,,,,,,,,,,,,,,,,,,,,,y,,,,,,,2,,,,,,,,,,,,,,,,
1973,KWIK TRIP #973,N67W27619 SILVER SPRING DR,SUSSEX,WI,53089,43.1411,-88.29579,2.999,,3.999,3.499,fuel,USA,USD,Schneider,KwikTrip,,,,,,,,,,,,,,,,,,,,,,,,,,,,,,,,,,,,,,,,,,,,,,,,,,,,,,,,,,,,,,,,,,,,,,,,,,,,,,,,,,,,,,,,,,,,,,,,,,,,,,,,,2,,,,,,,,,,,,,,,,
11124,KWIK TRIP #1124,W250N5279 BUSINESS DR,SUSSEX,WI,53089,43.11248,-88.24768,2.999,,3.999,3.499,fuel,USA,USD,Schneider,KwikTrip,,,,,,,,,,,,,,,,,,,,,,,,,,,1,,,,,,,,,,y,,,,,,,,,,,,,,,,,,,,,,,,,,,,,,,,1,,,,,,,,,,,,,,,,,,,,,,,,,,,,,y,,,,,,,2,,,,,,,,,,,,,,,,
11167,KWIK TRIP #1167,103 E HILL ST,THORP,WI,54771,44.95312,-90.79964,2.839,,3.839,3.399,fuel,USA,USD,Schneider,KwikTrip,,,,,,,,,,,,,,,,,,,,,,,,,,,1,,,,,,,,,,y,,,,,,,,,,,,,,,,,,,,,,,,,,,,,,,,1,,,,,,,,,,,,,,,,,,,,,,,,,,,,,y,,,,,,,2,,,,,,,,,,,,,,,,
1484,KWIK TRIP #484,124 W MCCOY BLVD,TOMAH,WI,54660,44.0185,-90.50658,2.999,,3.999,3.399,fuel,USA,USD,Schneider,KwikTrip,,,,,,,,,,,,,,,,,,,,,,,,,,,,,,,,,,,,,,,,,,,,,,,,,,,,,,,,,,,,,,,,,,,,,,,,,,,,,,,,,,,,,,,,,,,,,,,,,,,,,,,,,2,,,,,,,,,,,,,,,,
1796,KWIK TRIP #796,310 E MCCOY BLVD,TOMAH,WI,54660,44.01746,-90.50153,2.889,,3.889,3.399,fuel,USA,USD,Schneider,KwikTrip,,,,,,,,,,,,,,,,,,,,,,,,,,,,,,,,,,y,,,y,,,,,,,,,,y,,,,,,,,,,,,,,,,,,,,,,,,,,y,,,,,,,,,,,,70,,,,,7,,,,,,,,y,,,,,,,2,,,,,,,y,,,,,,,,,
11115,KWIK TRIP #1115,730 US HIGHWAY 8 63,TURTLE LAKE,WI,54889,45.39431,-92.16179,2.889,,3.889,3.499,fuel,USA,USD,Schneider,KwikTrip,,,,,,,,,,,,,,,,,,,,,,,,,,,1,,,,,,,,,,y,,,,,,,,,,y,,,,,,,,,,,,,,,,,,,,,,1,,,,,,,,,,,,,,,,13,,,,,,,,,,,,,y,,,,,,,2,,,,,,,,,,,,,,,,
1638,KWIK TRIP #638,2107 WASHINGTON ST,TWO RIVERS,WI,54241,44.15303,-87.56803,2.959,,4.059,3.289,fuel,USA,USD,Schneider,KwikTrip,,,,,,,,,,,,,,,,,,,,,,,,,,,1,,,,,,,,,,y,,,,,,,,,,,,,,,,,,,,,,,,,,,,,,,,2,,,,,,,,,,,,,,,,,,,,,,,,,,,,,y,,,,,,,2,,,,,,,,,,,,,,,,
1837,KWIK TRIP #837,400 E VERONA AVE,VERONA,WI,53593,42.99237,-89.52951,2.999,,3.999,3.499,fuel,USA,USD,Schneider,KwikTrip,,,,,,,,,,,,,,,,,,,,,,,,,,,,,,,,,,,,,,,,,,,,,,,,,,,,,,,,,,,,,,,,,,,,,,,,,,,,,,,,,,,,,,,,,,,,,,,,,,,,,,,,,2,,,,,,,,,,,,,,,,
1456,KWIK TRIP #456,2145 COUNTY ROAD PB,VERONA,WI,53593,42.97112,-89.51296,2.999,,3.999,3.499,fuel,USA,USD,Schneider,KwikTrip,,,,,,,,,,,,,,,,,,,,,,,,,,,,,,,,,,,,,y,,,,,,,,,,,,,,,,,,,,,,,,,,,,,,,,2,,,,,,,,,,,,,,,,,,,,,,,,,,,,,y,,,,,,,2,,,,,,,,,,,,,,,,
11075,KWIK TRIP #1075,233 WILDCAT WAY,VERONA,WI,53593,42.98654,-89.55269,2.999,,3.999,3.499,fuel,USA,USD,Schneider,KwikTrip,,,,,,,,,,,,,,,,,,,,,,,,,,,1,,,,,,,,,,,,,,,,,,,,,,,,,,,,,,,,,,,,,,,,,,1,,,,,,,,,,,,,,,,,,,,,,,,,,,,,,,,,,,,2,,,,,,,,,,,,,,,,
1757,KWIK TRIP #757,1301 N MAIN ST,VIROQUA,WI,54665,43.57522,-90.8881,2.949,,3.949,3.499,fuel,USA,USD,Schneider,KwikTrip,,,,,,,,,,,,,,,,,,,,,,,,,,,,,,,,,,,,,y,,,,,,,,,,,,,,,,,,,,,,,,,,,,,,,,2,,,,,,,,,,,,,,,,,,,,,,,,,,,,,y,,,,,,,2,,,,,,,y,,,,,,,,,
1366,KWIK TRIP #366,115 PORTLAND RD,WATERLOO,WI,53594,43.18468,-88.98186,2.959,,3.959,3.499,fuel,USA,USD,Schneider,KwikTrip,,,,,,,,,,,,,,,,,,,,,,,,,,,,,,,,,,,,,,,,,,,,,,,,,,,,,,,,,,,,,,,,,,,,,,,,,,,,,,,,,,,,,,,,,,,,,,,,,,,,,,,,,2,,,,,,,,,,,,,,,,
1444,KWIK TRIP #444,1184 N 4TH ST,WATERTOWN,WI,53098,43.20718,-88.70805,2.849,,3.849,3.499,fuel,USA,USD,Schneider,KwikTrip,,,,,,,,,,,,,,,,,,,,,,,,,,,1,,,,,,,,,,,,,,,,,,,,,,,,,,,,,,,,,,,,,,,,,,1,,,,,,,,,,,,,,,,,,,,,,,,,,,,,,,,,,,,2,,,,,,,,,,,,,,,,
1354,KWIK TRIP #354,1731 S CHURCH ST,WATERTOWN,WI,53094,43.17024,-88.73171,2.849,,3.849,3.499,fuel,USA,USD,Schneider,KwikTrip,,,,,,,,,,,,,,,,,,,,,,,,,,,,,,,,,,,,,y,,,,,,,,,,,,,,,,,,,,,,,,,,,,,,,,,,,,,,,,,,,,,,,,,,,,,,,,,,,,,y,,,,,,,2,,,,,,,,,,,,,,,,
11529,STOP N GO #1529,910 W SAINT PAUL AVE,WAUKESHA,WI,53188,43.00724,-88.24521,2.899,3.299,3.899,3.499,fuel,USA,USD,Schneider,KwikTrip,,,,,,,,,,,,,,,,,,,,,,,,,,,,,,,,,,,,,,,,,,,,,,,,,,,,,,,,,,,,,,,,,,,,,,,,,,,,,,,,,,,,,,,,,,,,,,,,,,,,,,,,,1,,,,,,,,,,,,,,,,
1527,KWIK TRIP #527,1700 PEWAUKEE RD,WAUKESHA,WI,53188,43.0263,-88.22648,2.939,,3.939,3.499,fuel,USA,USD,Schneider,KwikTrip,,,,,,,,,,,,,,,,,,,,,,,,,,,1,,,,,,,,,,,,,,,,,,,,,,,,,,,,,,,,,,,,,,,,,,,,,,,,,,,,,,,,,,,,,,,,,,,,,,,,,,,,,,2,,,,,,,,,,,,,,,,
1425,KWIK TRIP #425,2530 N GRANDVIEW BLVD,WAUKESHA,WI,53188,43.03914,-88.25655,2.999,,3.999,3.499,fuel,USA,USD,Schneider,KwikTrip,,,,,,,,,,,,,,,,,,,,,,,,,,,,,,,,,,,,,,,,,,,,,,,,,,,,,,,,,,,,,,,,,,,,,2,,,,,,,,,,,,,,,,,,,,,,,,,,,,,,,,,,,,2,,,,,,,,,,,,,,,,
1970,KWIK TRIP #970,2106 S WEST AVE,WAUKESHA,WI,53189,42.97606,-88.23675,2.899,,3.899,3.499,fuel,USA,USD,Schneider,KwikTrip,,,,,,,,,,,,,,,,,,,,,,,,,,,,,,,,,,,,,y,,,,,,,,,,,,,,,,,,,,,,,,,,,,,,,,1,,,,,,,,,,,,,,,,,,,,,,,,,,,,,y,,,,,,,2,,,,,,,,,,,,,,,,
1968,KWIK TRIP #968,2302 E MORELAND BLVD,WAUKESHA,WI,53186,43.03102,-88.18097,2.899,,3.899,3.499,fuel,USA,USD,Schneider,KwikTrip,,,,,,,,,,,,,,,,,,,,,,,,,,,,,,,,,,,,,,,,,,,,,,,,,,,,,,,,,,,,,,,,,,,,,,,,,,,,,,,,,,,,,,,,,,,,,,,,,,,,,,,,,2,,,,,,,,,,,,,,,,
1969,KWIK TRIP #969,21980 WATERTOWN RD,WAUKESHA,WI,53186,43.04963,-88.18555,2.939,,3.939,3.499,fuel,USA,USD,Schneider,KwikTrip,,,,,,,,,,,,,,,,,,,,,,,,,,,,,,,,,,,,,,,,,,,,,,,,,,,,,,,,,,,,,,,,,,,,,,,,,,,,,,,,,,,,,,,,,,,,,,,,,,,,,,,,,2,,,,,,,,,,,,,,,,
1373,KWIK TRIP #373,1809 W SAINT PAUL AVE,WAUKESHA,WI,53188,42.99621,-88.25912,2.899,,3.899,3.499,fuel,USA,USD,Schneider,KwikTrip,,,,,,,,,,,,,,,,,,,,,,,,,,,,,,,,,,,,,y,,,,,,,,,,,,,,,,,,,,,,,,,,,,,,,,1,,,,,,,,,,,,,,,,,,,,,,,,,,,,,y,,,,,,,2,,,,,,,y,,,,,,,,,
1396,KWIK TRIP #396,W229N2086 REDFORD BLVD,WAUKESHA,WI,53186,43.05892,-88.2046,2.939,,3.939,3.499,fuel,USA,USD,Schneider,KwikTrip,,,,,,,,,,,,,,,,,,,,,,,,,,,,,,,,,,,,,y,,,,,,,,,,,,,,,,,,,,,,,,,,,,,,,,2,,,,,,,,,,,,,,,,,,,,,,,,,,,,,y,,,,,,,2,,,,,,,y,,,,,,,,,
11219,KWIK TRIP #1219,2807 RIVER VALLEY RD,WAUKESHA,WI,53189,42.97898,-88.27241,2.899,,3.899,3.499,fuel,USA,USD,Schneider,KwikTrip,,,,,,,,,,,,,,,,,,,,,,,,,,,1,,,,,,,,,,,,,,,,,,,,,,,,,,,,,,,,,,,,,,,,,,1,,,,,,,,,,,,,,,,,,,,,,,,,,,,,,,,,,,,2,,,,,,,,,,,,,,,,
1436,KWIK TRIP #436,924 FLEETFOOT DR,WAUKESHA,WI,53186,42.99482,-88.20146,2.899,,3.899,3.499,fuel,USA,USD,Schneider,KwikTrip,,,,,,,,,,,,,,,,,,,,,,,,,,,,,,,,,,,,,,,,,,,,,,,,,,,,,,,,,,,,,,,,,,,,,2,,,,,,,,,,,,,,,,,,,,,,,,,,,,,,,,,,,,2,,,,,,,,,,,,,,,,
11059,KWIK TRIP #1059,1350 WATER WHEEL DR,WAUNAKEE,WI,53597,43.16838,-89.46093,2.959,,3.959,3.299,fuel,USA,USD,Schneider,KwikTrip,,,,,,,,,,,,,,,,,,,,,,,,,,,1,,,,,,,,,,,,,,,,,,,,,,,,,,,,,,,,,,,,,,,,,,1,,,,,,,,,,,,,,,,,,,,,,,,,,,,,,,,,,,,2,,,,,,,,,,,,,,,,
1832,KWIK TRIP #832,208 E MAIN ST,WAUNAKEE,WI,53597,43.19164,-89.45247,2.959,,3.959,3.299,fuel,USA,USD,Schneider,KwikTrip,,,,,,,,,,,,,,,,,,,,,,,,,,,1,,,,,,,,,,,,,,,,,,,,,,,,,,,,,,,,,,,,,,,,,,,,,,,,,,,,,,,,,,,,,,,,,,,,,,,,,,,,,,2,,,,,,,,,,,,,,,,
1529,KWIK TRIP #529,5420 WILLOW RD,WAUNAKEE,WI,53597,43.15113,-89.41376,2.999,,3.999,3.399,fuel,USA,USD,Schneider,KwikTrip,,,,,,,,,,,,,,,,,,,,,,,,,,,,,,,,,,,,,,,,,,,,,,,,,,,,,,,,,,,,,,,,,,,,,1,,,,,,,,,,,,,,,,,,,,,,,,,,,,,,,,,,,,1,,,,,,,,,,,,,,,,
1888,KWIK TRIP #888,106 COUNTY ROAD QQ,WAUPACA,WI,54981,44.35514,-89.11893,2.999,,3.999,3.399,fuel,USA,USD,Schneider,KwikTrip,,,,,,,,,,,,,,,,,,,,,,,,,,,,,,,,,,,,,y,,,,,,,,,,,,,,,,,,,,,,,,,,,,,,,,2,,,,,,,,,,,,,,,,5,,,,,,,,,,,,,y,,,,,,,2,,,,,,,,,,,,,,,,
1651,KWIK TRIP #651,800 W MAIN ST,WAUPUN,WI,53963,43.63349,-88.74907,2.999,,3.999,3.259,fuel,USA,USD,Schneider,KwikTrip,,,,,,,,,,,,,,,,,,,,,,,,,,,,,,,,,,,,,,,,,,,,,,,,,,,,,,,,,,,,,,,,,,,,,,,,,,,,,,,,,,,,,,,,,,,,,,,,,,,,,,,,,2,,,,,,,,,,,,,,,,
11207,STOP N GO #1207,1001 E MAIN ST,WAUPUN,WI,53963,43.63272,-88.71685,2.999,,3.999,3.259,fuel,USA,USD,Schneider,KwikTrip,,,,,,,,,,,,,,,,,,,,,,,,,,,,,,,,,,,,,,,,,,,,,,,,,,,,,,,,,,,,,,,,,,,,,y,,,,,,,,,,,,,,,,,,,,,,,,,,,,,,,,,,,,2,,,,,,,,,,,,,,,,
1204,KWIK TRIP #204,225451 RIB MOUNTAIN DR,WAUSAU,WI,54401,44.91426,-89.64833,2.999,,3.999,3.299,fuel,USA,USD,Schneider,KwikTrip,,,,,,,,,,,,,,,,,,,,,,,,,,,,,,,,,,,,,y,,,,,,,,,,,,,,,,,,,,,,,,,,,,,,,,1,,,,,,,,,,,,,,,,,,,,,,,,,,,,,y,,,,,,,2,,,,,,,y,,,,,,,,,
1851,KWIK TRIP #851,2950 STEWART AVE,WAUSAU,WI,54401,44.95731,-89.67365,2.979,,3.979,3.299,fuel,USA,USD,Schneider,KwikTrip,,,,,,,,,,,,,,,,,,,,,,,,,,,,,,,,,,,,,,,,,,,,,,,,,,,,,,,,,,,,,,,,,,,,,2,,,,,,,,,,,,,,,,,,,,,,,,,,,,,,,,,,,,2,,,,,,,,,,,,,,,,
11033,KWIK TRIP #1033,1415 WEST ST,WAUSAU,WI,54401,44.95364,-89.65495,2.979,,3.979,3.299,fuel,USA,USD,Schneider,KwikTrip,,,,,,,,,,,,,,,,,,,,,,,,,,,1,,,,,,,,,,y,,,,,,,,,,,,,,,,,,,,,,,,,,,,,,,,1,,,,,,,,,,,,,,,,12,,,,,,,,,,,,,y,,,,,,,2,,,,,,,,,,,,,,,,
1845,KWIK TRIP #845,935 E MAIN ST,WAUTOMA,WI,54982,44.06956,-89.27095,2.999,,3.999,3.399,fuel,USA,USD,Schneider,KwikTrip,,,,,,,,,,,,,,,,,,,,,,,,,,,,,,,,,,,,,,,,,,,,,,,,,,,,,,,,,,,,,,,,,,,,,1,,,,,,,,,,,,,,,,,,,,,,,,,,,,,,,,,,,,2,,,,,,,,,,,,,,,,
11047,KWIK TRIP #1047,10923 W LAPHAM ST,WEST ALLIS,WI,53214,43.01344,-88.04838,2.899,,3.899,3.499,fuel,USA,USD,Schneider,KwikTrip,,,,,,,,,,,,,,,,,,,,,,,,,,,1,,,,,,,,,,y,,,,,,,,,,,,,,,,,,,,,,,,,,,,,,,,,,,,,,,,,,,,,,,,,,,,,,,,,,,,,y,,,,,,,2,,,,,,,,,,,,,,,,
11002,KWIK TRIP #1002,806 S MAIN ST,WEST BEND,WI,53095,43.41192,-88.1819,2.999,,3.999,3.499,fuel,USA,USD,Schneider,KwikTrip,,,,,,,,,,,,,,,,,,,,,,,,,,,1,,,,,,,,,,,,,,,,,,,,,,,,,,,,,,,,,,,,,,,,,,,,,,,,,,,,,,,,,,,,,,,,,,,,,,,,,,,,,,2,,,,,,,,,,,,,,,,
11058,KWIK TRIP #1058,1280 E PARADISE DR,WEST BEND,WI,53095,43.39812,-88.16156,2.999,,3.999,3.499,fuel,USA,USD,Schneider,KwikTrip,,,,,,,,,,,,,,,,,,,,,,,,,,,1,,,,,,,,,,,,,,,,,,,,,,,,,,,,,,,,,,,,,,,,,,1,,,,,,,,,,,,,,,,,,,,,,,,,,,,,,,,,,,,2,,,,,,,,,,,,,,,,
1136,KWIK TRIP #136,1750 S SILVERBROOK DR,WEST BEND,WI,53095,43.3993,-88.18907,2.999,,3.999,3.499,fuel,USA,USD,Schneider,KwikTrip,,,,,,,,,,,,,,,,,,,,,,,,,,,1,,,,,,,,,,,,,,,,,,,,,,,,,,,,,,,,,,,,,,,,,,2,,,,,,,,,,,,,,,,,,,,,,,,,,,,,,,,,,,,2,,,,,,,,,,,,,,,,
11082,KWIK TRIP #1082,1625 W WASHINGTON ST,WEST BEND,WI,53095,43.42678,-88.19873,2.999,,3.999,3.499,fuel,USA,USD,Schneider,KwikTrip,,,,,,,,,,,,,,,,,,,,,,,,,,,1,,,,,,,,,,,,,,,,,,,,,,,,,,,,,,,,,,,,,,,,,,1,,,,,,,,,,,,,,,,,,,,,,,,,,,,,,,,,,,,2,,,,,,,,,,,,,,,,
11062,KWIK TRIP #1062,1580 E WASHINGTON ST,WEST BEND,WI,53095,43.42705,-88.15881,2.999,,3.999,3.499,fuel,USA,USD,Schneider,KwikTrip,,,,,,,,,,,,,,,,,,,,,,,,,,,1,,,,,,,,,,y,,,,,,,,,,,,,,,,,,,,,,,,,,,,,,,,1,,,,,,,,,,,,,,,,8,,,,,,,,,,,,,y,,,,,,,2,,,,,,,,,,,,,,,,
11048,KWIK TRIP #1048,341 JEFFERSON ST E,WEST SALEM,WI,54669,43.89374,-91.07721,2.999,,3.999,3.399,fuel,USA,USD,Schneider,KwikTrip,,,,,,,,,,,,,,,,,,,,,,,,,,,1,,,,,,,,,,y,,,,,,,,,,y,,,,,,,,,,,,,,,,,,,,,,1,,,,y,,,,,,,,,,,,11,,,,,,,,,,,,,y,,,,,,,2,,,,,,,,,,,,,,,,
1787,KWIK TRIP #787,3207 SCHOFIELD AVE,WESTON,WI,54476,44.90417,-89.58333,2.999,,3.999,3.399,fuel,USA,USD,Schneider,KwikTrip,,,,,,,,,,,,,,,,,,,,,,,,,,,,,,,,,,,,,y,,,,,,,,,,,,,,,,,,,,,,,,,,,,,,,,1,,,,,,,,,,,,,,,,,,,,,,,,,,,,,y,,,,,,,2,,,,,,,,,,,,,,,,
1140,KWIK TRIP #140,7605 SCHOFIELD AVE,WESTON,WI,54476,44.90029,-89.52808,2.999,,3.999,3.399,fuel,USA,USD,Schneider,KwikTrip,,,,,,,,,,,,,,,,,,,,,,,,,,,,,,,,,,,,,y,,,,,,,,,,,,,,,,,,,,,,,,,,,,,,,,2,,,,,,,,,,,,,,,,,,,,,,,,,,,,,y,,,,,,,2,,,,,,,,,,,,,,,,
1493,KWIK TRIP #493,305 ELKHORN RD,WHITEWATER,WI,53190,42.83001,-88.70938,2.999,,3.999,3.499,fuel,USA,USD,Schneider,KwikTrip,,,,,,,,,,,,,,,,,,,,,,,,,,,1,,,,,,,,,,y,,,,,,,,,,,,,,,,,,,,,,,,,,,,,,,,1,,,,,,,,,,,,,,,,,,,,,,,,,,,,,y,,,,,,,1,,,,,,,,,,,,,,,,
11065,KWIK TRIP #1065,837 S JANESVILLE ST,WHITEWATER,WI,53190,42.82173,-88.74645,2.999,,3.999,3.499,fuel,USA,USD,Schneider,KwikTrip,,,,,,,,,,,,,,,,,,,,,,,,,,,1,,,,,,,,,,y,,,,,,,,,,,,,,,,,,,,,,,,,,,,,,,,1,,,,,,,,,,,,,,,,,,,,,,,,,,,,,y,,,,,,,2,,,,,,,,,,,,,,,,
1603,KWIK TRIP #603,531 HIGHWAY 128,WILSON,WI,54027,44.93511,-92.19572,2.999,,3.999,3.639,fuel,USA,USD,Schneider,KwikTrip,,,,,,,,,,,,,,,,,,,,,,,,,,,,,,,,,,y,,,y,,,,,,,,,,y,,,,,,,,,,,,,,,,,,,,,,,y,,,,,,,,,,,,,,,80,,,,,5,,,,,,,,y,,,,,,,2,,,,,,,y,,,,,,,,,
11023,KWIK TRIP #1023,4301 WINDSOR RD,WINDSOR,WI,53598,43.21635,-89.3293,2.999,,3.999,3.399,fuel,USA,USD,Schneider,KwikTrip,,,,,,,,,,,,,,,,,,,,,,,,,,,1,,,,,,,,,,,,,,,,,,,,,,,,,,,,,,,,,,,,,,,,,,1,,,,,,,,,,,,,,,,,,,,,,,,,,,,,,,,,,,,2,,,,,,,,,,,,,,,,
1673,KWIK TRIP #673,6325 PEPSI WAY,WINDSOR,WI,53598,43.19406,-89.33697,2.999,,3.999,3.399,fuel,USA,USD,Schneider,KwikTrip,,,,,,,,,,,,,,,,,,,,,,,,,,,,,,,,,,,,,y,,,,,,,,,,,,,,,,,,,,,,,,,,,,,,,,,,,,,,,,,,,,,,,,,,,,,,,,,,,,,y,,,,,,,2,,,,,,,,,,,,,,,,
1612,KWIK TRIP #612,905 E MAIN ST,WINNECONNE,WI,54986,44.11156,-88.69721,2.899,,3.899,3.399,fuel,USA,USD,Schneider,KwikTrip,,,,,,,,,,,,,,,,,,,,,,,,,,,1,,,,,,,,,,y,,,,,,,,,,,,,,,,,,,,,,,,,,,,,,,,1,,,,,,,,,,,,,,,,,,,,,,,,,,,,,y,,,,,,,2,,,,,,,,,,,,,,,,
11113,KWIK TRIP #1113,420 STATE HIGHWAY 13,WISCONSIN DELLS,WI,53965,43.62412,-89.78957,2.939,,3.939,3.459,fuel,USA,USD,Schneider,KwikTrip,,,,,,,,,,,,,,,,,,,,,,,,,,,1,,,,,,,,,,,,,,,,,,,,,,,,,,,,,,,,,,,,,,,,,,1,,,,,,,,,,,,,,,,,,,,,,,,,,,,,,,,,,,,2,,,,,,,,,,,,,,,,
1583,KWIK TRIP #583,532 W MUNROE AVE,WISCONSIN DELLS,WI,53965,43.58875,-89.8062,2.799,,3.799,3.399,fuel,USA,USD,Schneider,KwikTrip,,,,,,,,,,,,,,,,,,,,,,,,,,,,,,,,,,,,,y,,,,,,,,,,,,,,,,,,,,,,,,,,,,,,,,,,,,,,,,,,,,,,,,70,,,,,5,,,,,,,,y,,,,,,,2,,,,,,,,,,,,,,,,
1347,KWIK TRIP #347,4611 8TH ST S,WISCONSIN RAPIDS,WI,54494,44.35277,-89.8163,2.979,,3.979,3.399,fuel,USA,USD,Schneider,KwikTrip,,,,,,,,,,,,,,,,,,,,,,,,,,,,,,,,,,,,,y,,,,,,,,,,,,,,,,,,,,,,,,,,,,,,,,1,,,,,,,,,,,,,,,,2,,,,,,,,,,,,,y,,,,,,,2,,,,,,,,,,,,,,,,
1128,KWIK TRIP #128,1111 LINCOLN ST,WISCONSIN RAPIDS,WI,54494,44.38111,-89.8221,2.979,,3.979,3.399,fuel,USA,USD,Schneider,KwikTrip,,,,,,,,,,,,,,,,,,,,,,,,,,,1,,,,,,,,,,,,,,,,,,,,,,,,,,,,,,,,,,,,,,,,,,2,,,,,,,,,,,,,,,,,,,,,,,,,,,,,,,,,,,,2,,,,,,,,,,,,,,,,
1310,KWIK TRIP #310,2520 W GRAND AVE,WISCONSIN RAPIDS,WI,54495,44.39755,-89.85543,2.979,,3.979,,fuel,USA,USD,Schneider,KwikTrip,,,,,,,,,,,,,,,,,,,,,,,,,,,,,,,,,,,,,y,,,,,,,,,,,,,,,,,,,,,,,,,,,,,,,,,,,,,,,,,,,,,,,,6,,,,,,,,,,,,,y,,,,,,,2,,,,,,,,,,,,,,,,
1331,KWIK TRIP #331,3030 PLOVER RD,WISCONSIN RAPIDS,WI,54494,44.40674,-89.78896,2.979,,3.979,3.399,fuel,USA,USD,Schneider,KwikTrip,,,,,,,,,,,,,,,,,,,,,,,,,,,,,,,,,,,,,y,,,,,,,,,,,,,,,,,,,,,,,,,,,,,,,,1,,,,,,,,,,,,,,,,,,,,,,,,,,,,,y,,,,,,,2,,,,,,,,,,,,,,,,
1847,KWIK TRIP #847,321 BRIDGE ST,WONEWOC,WI,53968,43.68148,-90.26565,2.839,,3.839,3.299,fuel,USA,USD,Schneider,KwikTrip,,,,,,,,,,,,,,,,,,,,,,,,,,,,,,,,,,,,,y,,,,,,,,,,,,,,,,,,,,,,,,,,,,,,,,,,,,,,,,,,,,,,,,,,,,,,,,,,,,,y,,,,,,,1,,,,,,,y,,,,,,,,,
2794,Watonga - 794,1520 E Russworm Drive,Watonga,OK,73772,35.840683,-98.394747,2.899,3.299,3.699,3.429,fuel,USA,USD,MapUp,Loves,,,,,,,,,y,,,y,,,,,,y,,,,,,,,,,,,,,,,,,,,,,,,y,y,,,,,,,y,,,,,,,,,,,,,y,,,,,,,,,,,,y,,,,,,,,,,50,,,,,,,,,,,,,,,,,,,,y,y,,,,,,,y,,,,,,,,
2385,Hinton,4400 N. Broadway,Hinton,OK,73047,35.526555,-98.351492,2.949,3.349,3.649,3.479,fuel,USA,USD,MapUp,Loves,,,,,,,,,y,y,y,y,,,y,,,y,,,,,,,,,,,,,,,,,,,,,,y,,y,y,y,,,,,,y,,,,,,,y,,,,,,,,,,,,,,,,,,y,,,,,,,,,,90,,,,,,,,,,,,,,,,,,,y,y,y,,,,,,,y,,,,,y,,,
2248,Clinton,10331 N. 2310 Rd.,Clinton,OK,73601,35.51826,-98.870888,2.899,3.299,3.599,3.489,fuel,USA,USD,MapUp,Loves,,,,,,,,,,,,y,,,,,,y,,,,,,,,,,,,,,,,,,,,,,,,y,,y,,,,,,y,,,,,,,y,,,,,,,,,,,,,,,,,,y,,,,,,,,,,10,,,,,,,,,,,,,,,,,,,,y,y,,,,,,,,,,,,,,,
2737,El Reno - 737,3900 S Radio Rd,El Reno,OK,73036,35.496922,-97.902765,2.849,3.249,3.549,3.489,fuel,USA,USD,MapUp,Loves,,,,,,,,,y,,,y,,,,,,y,,y,,,,,,,,,,,,,,,,,,,,,,y,y,y,,,,,,y,,,,,,,y,,,,,,y,,,,,,,,,,,,y,,,,,,,,,,103,,,,,,,,,,,,,,,,,,,,y,y,,,,,,,y,,,,,,,,
2654,Union City,21000 SW 59th St,Union City,OK,73090,35.405613,-97.938429,2.849,3.249,3.549,3.429,fuel,USA,USD,MapUp,Loves,,,,,,,,,,,,y,,,,,,y,,y,,,,,,,,,,,,,,,,,,,,,,y,y,y,,,,,,y,,,,,,,y,,,,,,,,,,,,,,,,,,y,,,,,,,,,,45,,,,,,,,,,,,,,,,,,,,y,y,,,,,,,y,,,,,,,,
2203,OKC - Morgan Road- SRI,800 S. Morgan Rd.,Oklahoma City,OK,73128,35.457659,-97.688649,2.799,3.199,3.499,3.429,fuel,USA,USD,MapUp,Loves,,,,,,,,,,,,y,,,,,,y,,,,,,,,,,,,,,,,,,,,,,,,y,y,,,y,,,,y,,,,,,,,y,,,,,,,,,,,,,,,,,y,,,,,,,,,,26,,,,,,,,,,,,,,,,,,,,y,y,,,,,,,,,,,,,,,
2630,Enid,4104 E Randolph Ave,Enid,OK,73701,36.398834,-97.820024,2.899,3.299,3.599,3.889,fuel,USA,USD,MapUp,Loves,,,,,,,,,y,,,y,,,,,,y,,,,,,,,,,,,,,,,,,,,,,,,y,y,y,,,,,,y,,,,,,,y,,,,,y,,,,,,,,,,,,,y,,,,,,,,,,62,,,,,,,,,,,,,,,,,,,,y,y,,,,,,,y,,,,,,,,
2604,Guthrie - 604,2700 E OK Hwy-33,Guthrie,OK,73044,35.879761,-97.391931,2.599,2.999,3.299,3.589,fuel,USA,USD,MapUp,Loves,,,,,,,,,y,y,y,y,,,y,,y,y,,y,,,,,,,,,,,,,,,,,,,,y,,y,y,y,,y,,y,,y,,,,,,,y,y,,,,y,,,,,,,,,,,,,y,,,,,,,,,,105,,,,,,,,,,,,,,,,,,,y,y,y,,,,,,,y,,,,,y,,,
2205,Edmond,12225 N I-35,Oklahoma City,OK,73131,35.594066,-97.436685,2.599,2.999,3.299,3.389,fuel,USA,USD,MapUp,Loves,,,,,,,,,,,,y,,,,,,y,,y,,,,,,,,,,,,,,,,,,,,,,y,y,,,y,,,,y,,,,,,,y,,,,,,y,,,,,,,,,,,,y,,,,,,,,,,18,,,,,,,,,,,,,,,,,,,,y,y,,,,,,,y,,,,,,,,
2712,Newcastle,235 NW 24th St,Newcastle,OK,73065,35.277217,-97.601218,2.499,2.899,3.199,3.589,fuel,USA,USD,MapUp,Loves,,,,,,,,,y,,,y,,,,,,y,,y,,,,,,,,,,,,,,,,,,,,,,y,y,y,,,,,,y,,,,,,,,,,,,y,y,,,,,,,,,,,,y,,,,,,,,,,48,,,,,,,,,,,,,,,,,,,,y,y,,,,,,,y,,,,,,,,
2167,Chickasha Turnpike,1896 H.E. Bailey Turnpike,Chickasha,OK,73018,35.081871,-97.889421,2.969,3.369,3.669,3.389,fuel,USA,USD,MapUp,Loves,,,,,,,,,,,,,,,,,,,,,,,,,,,,,,,,,,,,,,,,,,,,,,,,,,y,,,,,,,,,,,,,,y,,,,,,,,,,,,,,,,,,,,,,,,,,,,,,,,,,,,,,,,,y,y,,,,,,,,,,,,,,,
2211,OKC - SE 89th,845 SE 89th St,Oklahoma City,OK,73149,35.377871,-97.495873,2.499,2.899,3.199,3.389,fuel,USA,USD,MapUp,Loves,,,,,,,,,,,,y,,,,,,y,,y,,,,,,,,,,,,,,,,,,,,,,y,,,,,,,,y,,,,,,,,,,,,,,,,,,,,,,,,,y,,,,,,,,,,14,,,,,,,,,,,,,,,,,,,,y,y,,,,,,,,,,,,,,,
2201,Elk City,2703 East Highway 66,Elk City,OK,73644,35.423039,-99.372528,2.879,3.279,3.679,3.489,fuel,USA,USD,MapUp,Loves,,,,,,,,,,,,y,,,,,,y,,,,,,,,,,,,,,,,,,,,,,,,y,,,,,,,,y,,,,,,,,,,,,,,,,,,,,,,,,,y,,,,,,,,,,,,,,,,,,,,,,,,,,,,,,y,y,,,,,,,,,,,,,,,
2865,Perry,2805 W Fir St,Perry,OK,73077,36.290484,-97.325421,2.859,3.259,3.559,3.629,fuel,USA,USD,MapUp,Loves,,,,,,,,,y,,,y,,,,,,y,,,,,,,,,,,,,,,,,,,,,,,,y,y,y,,,,y,,y,,,,,,,y,,,,,y,y,,,,,,,,,,,,y,,,,,,,,,,60,,,,,,,,,,,,,,,,,,,,y,y,,,,,,,y,,,,,,,,
2260,Norman,5317 SE 44th St,Norman,OK,73072,35.183634,-97.49899,2.499,2.899,3.199,3.389,fuel,USA,USD,MapUp,Loves,,,,,,,,,,,,y,,,,,,y,,,,,,,,,,,,,,,,,,,,,,,,y,,,,y,,,,y,,,,,,,,y,,,,,,,,,,,,,,,,,y,,,,,,,,,,20,,,,,,,,,,,,,,,,,,,,y,y,,,,,,,,,,,,,,,
2486,OKC - Choctaw RD,7401 S. Choctaw Rd.,Choctaw,OK,73020,35.395799,-97.266195,2.699,3.099,3.399,3.429,fuel,USA,USD,MapUp,Loves,,,,,,,,,,y,y,y,,,y,,,y,,y,,,,,,,,,,,,,,,,,,,,y,,y,y,y,,y,,,,y,,,,,,,y,y,,,,,,,,,,,,,,,,y,y,,,,,,,,,,85,,,,,,,,,,,,,,,,,,,y,y,y,,,,,,,y,,,,,y,,,
2263,Lawton,24169 State Highway 49,Lawton,OK,73507,34.713757,-98.401628,2.869,3.269,3.569,3.399,fuel,USA,USD,MapUp,Loves,,,,,,,,,,,,y,,,,,,y,,,,,,,,,,,,,,,,,,,,,,,,y,,,,y,,,,y,,,,,,,,,,,,,,,,,,,,,,,,,y,,,,,,,,,,29,,,,,,,,,,,,,,,,,,,,y,y,,,,,,,,,,,,,,,
2213,Tonkawa,16501 W Fountain Rd,Tonkawa,OK,74653,36.651021,-97.342011,2.699,3.099,3.399,3.689,fuel,USA,USD,MapUp,Loves,,,,,,,,,y,y,y,y,,,y,,,y,,,,,,,,,,,,,,,,,,,,,,y,,y,y,y,,,,,,y,,,,,,,y,,,,,,,,,,,,,,,,,,y,,,,,,,,,,92,,,,,,,,,,,,,,,,,,,y,y,y,,,,,,,y,,,,,y,,,
274,Lindsay,502 W Cherokee St,Lindsay,OK,73052,34.83731,-97.608794,2.599,3.499,3.899,3.149,fuel,USA,USD,MapUp,Loves,,,,,,,,,,,,y,,,,,,y,,,,,,,,,,,,,,,,,,,,,,,,y,,,,,,,,y,,,,,,,,,,,,,,,,,,,,,,,,,y,,,,,,,,,,13,,,,,,,,,,,,,,,,,,,,y,y,,,,,,,,,,,,,,,
2170,Chandler Turnpike,169E Turner Turnpike,Chandler,OK,74834,35.72777,-96.83464,2.799,3.199,3.499,3.389,fuel,USA,USD,MapUp,Loves,,,,,,,,,,,,,,,,,,,,,,,,,,,,,,,,,,,,,,,,,,,,,,,,,,y,,,,,,,,,,,,y,,y,,,,,,,,,,,,,,,,,,,,,,,,,,,,,,,,,,,,,,,,,y,,,,,,,,,,,,,,,,
2253,Erick,901 N. Sheb Wooley Ave.,Erick,OK,73645,35.223877,-99.869643,2.839,3.239,3.539,3.389,fuel,USA,USD,MapUp,Loves,,,,,,,,,,,y,y,,,y,,,y,,,,,,,,,,,,,,,,,,,,,,y,,y,y,y,,,,,,y,,,,,,,y,,,,,,,y,,,,,,,,,,,y,,,,,,,,,,52,,,,,,,,,,,,,,,,,,,y,y,y,,,,,,,y,,,,,y,,,
2169,Stroud Turnpike,"Mile 178, Turner Turnpike",Stroud,OK,74079,35.751801,-96.689931,2.799,3.199,3.499,3.389,fuel,USA,USD,MapUp,Loves,,,,,,,,,,,,,,,,,,,,,,,,,,,,,,,,,,,,,,,,,,,,,,y,,,,y,,,,,,,,,,,,y,,,,,,,,,,,,,,,,,,,,,,,100,,,,,,,,,,,,,,,,,,,,y,,,,,,,,,,,,,,,,
2168,Walters Turnpike,Mile 21 H.E. Bailey Turnpike,Walters,OK,73572,34.370171,-98.409611,2.689,3.089,3.389,3.349,fuel,USA,USD,MapUp,Loves,,,,,,,,,,,,y,,,,,,,,,,,,,,,,,,,,,,,,,,,,,,,,,,,,,,y,,,,,,,,,,,,,,y,,,,,,,,,,,,,,,,,,,,,,,,,,,,,,,,,,,,,,,,,y,y,,,,,,,,,,,,,,,
2452,Pauls Valley,1601 Airline Road,Pauls Valley,OK,73075,34.708611,-97.242519,2.869,3.259,3.559,3.649,fuel,USA,USD,MapUp,Loves,,,,,,,,,y,y,y,y,,,y,,y,y,,,,,,,,,,,,,,,,,,,,,,y,,y,y,y,,y,,y,,y,,,,,,,y,y,,,,,,,,,,,,,,,,,y,y,,,,,,,,,119,,,,,,,,,,,,,,,,,,,y,y,y,,,,,,,y,,,,,y,,,
2219,Seminole,11268 Highway 99,Seminole,OK,74868,35.381641,-96.670348,2.759,3.159,3.459,3.489,fuel,USA,USD,MapUp,Loves,,,,,,,,,,,,y,,,,,,y,,,,,,,,,,,,,,,,,,,,,,,,y,,y,,,,,,y,,,,,,,,,,,,,,,,,,,,,,,,,y,,,,,,,,,,16,,,,,,,,,,,,,,,,,,,,y,y,,,,,,,,,,,,,,,
2734,Randlett,251344 Highway 70,Randlett,OK,73562,34.173102,-98.498339,2.589,2.989,3.289,3.349,fuel,USA,USD,MapUp,Loves,,,,,,,,,,,,y,,,,,,y,,,,,,,,,,,,,,,,,,,,,,,,y,y,y,,,,,,y,,,,,,,y,,,,,,y,,,,,,,,,,,,y,,,,,,,,,,54,,,,,,,,,,,,,,,,,,,,y,y,,,,,,,y,,,,,,,,
2178,Belle Plaine Turnpike,"Mile 26, Kansas Turnpike",Belle Plaine,KS,67013,37.366031,-97.322461,2.979,3.329,3.629,3.289,fuel,USA,USD,MapUp,Loves,,,,,,,,,,,,,,,,,,,,,,,,,,,,,,,,,,,,,,,,,,,,,,,,,,y,,,,,,,,,,,,,,y,,,,,,,,,,,,,,,,,,,,,35,,,,,,,,,,,,,,,,,,,,y,,,,,,y,,,,,,,,,,
2274,Okemah,102 W. Coplin St,Okemah,OK,74859,35.420881,-96.30056,2.799,3.199,3.499,3.489,fuel,USA,USD,MapUp,Loves,,,,,,,,,,,,y,,,,,,y,,,,,,,,,,,,,,,,,,,,,,,,y,y,,,y,,,,y,,,,,,,,,,,,,,,,,,,,,,,,,y,,,,,,,,,,14,,,,,,,,,,,,,,,,,,,,y,y,,,,,,,,,,,,,,,
2695,Cunningham,445 E Leiter Ave,Cunningham,KS,67035,37.640311,-98.428243,2.859,3.209,3.509,3.699,fuel,USA,USD,MapUp,Loves,,,,,,,,,,,,y,,,,,,y,,,,,,,,,,,,,,,,,,,,,,,,y,y,,,,,,,y,,,,,,,,,,,,y,,,,,,,,,,,,,y,,,,,,,,,,37,,,,,,,,,,,,,,,,,,,,y,y,,,,,,,y,,,,,,,,
2662,Quanah,1415 W 11th Street,Quanah,TX,79252,34.292205,-99.757842,2.899,3.349,3.699,3.799,fuel,USA,USD,MapUp,Loves,,,,,,,,,,,,y,,,,,,y,,,,,,,,,,,,,,,,,,,,,,,,y,y,y,,,,,,y,,,,,,,y,,,,,,,,,,,,,,,,,,y,,,,,,,,,,52,,,,,,,,,,,,,,,,,,,,y,y,,,,,,,y,,,,,,,,
2266,Ardmore,3201 12th Ave NW,Ardmore,OK,73401,34.188225,-97.170773,2.699,3.099,3.399,3.649,fuel,USA,USD,MapUp,Loves,,,,,,,,,,y,y,y,,,y,,,y,,,,,,,,,,,,,,,,,,,,,,y,,y,y,y,,y,,,,y,,,,,,,y,y,,,,,y,,,,,,,,,,,,y,,,,,,,,,,86,,,,,,,,,,,,,,,,,,,y,y,y,,,,,,,y,,,,,y,,,
2269,Wichita Falls,1124 Central Freeway E.,Wichita Falls,TX,76301,33.886704,-98.468811,2.529,2.979,3.329,3.349,fuel,USA,USD,MapUp,Loves,,,,,,,,,,y,y,y,,,,,,y,,,,,,,,,,,,,,,,,,,,,,y,,y,y,y,,,,,,y,,,,,,,y,,,,,,,,,,,,,,,,,,y,,,,,,,,,,54,,,,,,,,,,,,,,,,,,,y,y,y,,,,,,,y,,,,,y,,,
2675,Okmulgee,1300 N Wood Drive,Okmulgee,OK,74447,35.63581,-95.96269,2.659,3.059,3.359,3.399,fuel,USA,USD,MapUp,Loves,,,,,,,,,,,,y,,,,,,y,,y,,,,,,,,,,,,,,,,,,,,,,y,y,y,,,,,,y,,,,,,,y,,,,,,,,,,,,,,,,,,y,,,,,,,,,,59,,,,,,,,,,,,,,,,,,,,y,y,,,,,,,y,,,,,,,,
2247,Memphis,219 S. Boykin Drive,Memphis,TX,79245,34.723061,-100.533731,2.699,3.149,3.499,,fuel,USA,USD,MapUp,Loves,,,,,,,,,,y,y,y,,,,,,y,,,,,,,,,,,,,,,,,,,,,,y,,y,y,,,,,,,y,,,,,,,,,,,,,,,,,,,,,,,,,y,,,,,,,,,,55,,,,,,,,,,,,,,,,,,,y,y,y,,,,,,,,,,,,y,,,
2958,Wichita,1504 E 21st St N,Wichita,KS,67214,37.723653,-97.320776,2.959,3.309,3.609,3.189,fuel,USA,USD,MapUp,Loves,,,,,,,,,y,y,,y,,,y,,y,,,,,,,,,,,,,,,,,,,,,,,y,,y,y,,,,,y,,y,,,,,,,y,,,,,y,y,,,,,,,,,,,,y,y,,,,,,,,,122,,,,,,,,,,,,,,,,,,,y,y,y,,,,,,,y,,,,,y,,,
2703,South Hutchinson,3 Des Moines West,South Hutchinson,KS,67505,38.014167,-97.942004,2.569,2.919,3.219,3.399,fuel,USA,USD,MapUp,Loves,,,,,,,,,y,,,y,,,,,,y,,,,,,,,,,,,,,,,,,,,,,,,y,y,,,,,,,y,,,,,,,,,,,,y,,,,,,,,,,,,,y,,,,,,,,,,54,,,,,,,,,,,,,,,,,,,,y,y,,,,,,,y,,,,,,,,
2177,Towanda Turnpike,Mile 65 Kansas Turnpike,El Dorado,KS,67042,37.7661,-96.98161,2.999,3.349,3.649,3.489,fuel,USA,USD,MapUp,Loves,,,,,,,,,,,,,,,,,,,,,,,,,,,,,,,,,,,,,,,,,,,,,,,,,,y,,,,,,,,,,,,,,y,,,,,,,,,,,,,,,,,,,y,,44,,,,,,,,,,,,,,,,,,,,y,,,,,,y,,,,,,,,,,
2558,Dodge City,2505 E Trail Street,Dodge City,KS,67801,37.745704,-99.980839,2.779,3.179,3.579,3.789,fuel,USA,USD,MapUp,Loves,,,,,,,,,y,,,y,,,,,,y,,,,,,,,,,,,,,,,,,,,,,,,y,y,,,,,,,y,,,,,,,,,,,,,y,,,,,,,,,,,,y,,,,,,,,,,88,,,,,,,,,,,,,,,,,,,,y,y,,,,,,,y,,,,,,,,
2171,McAlester Turnpike,Mile 66 Indian Nation Turnpike,McAlester,OK,74501,34.907161,-95.825601,2.899,3.299,3.599,3.339,fuel,USA,USD,MapUp,Loves,,,,,,,,,,,,,,,,,,,,,,,,,,,,,,,,,,,,,,,,,,,,,,y,,,,y,,,,,,,,,,,,,,y,,,,,,,,,,,,,,,,,,,,,,,,,,,,,,,,,,,,,,,,,y,,,,,,,,,,,,,,,,
2632,Liberal,1000 E Pancake Blvd,Liberal,KS,67901,37.044785,-100.900791,2.779,3.179,3.579,3.699,fuel,USA,USD,MapUp,Loves,,,,,,,,,,,,y,,,,,,y,,y,,,,,,,,,,,,,,,,,,,,,,y,y,,,,,,,y,,,,,,,,,,,,,y,,,,,,,,,,,,y,,,,,,,,,,55,,,,,,,,,,,,,,,,,,,,y,y,,,,,,,y,,,,,,,,
2204,Eufaula,1601 Birkes Rd.,Eufaula,OK,74432,35.305832,-95.588248,2.799,3.199,3.499,3.649,fuel,USA,USD,MapUp,Loves,,,,,,,,,y,y,y,y,,,y,,,y,,,,,,,,,,,,,,,,,,,,,,y,,y,y,y,,,,,,y,,,,,,,y,,,,,,,,,,,,,,,,,,y,,,,,,,,,,70,,,,,,,,,,,,,,,,,,,y,y,y,,,,,,,y,,,,,y,,,
2268,Atoka,1935 S Mississippi Ave,Atoka,OK,74525,34.366934,-96.141025,2.779,3.179,3.479,3.589,fuel,USA,USD,MapUp,Loves,,,,,,,,,,,,y,,,,,,y,,,,,,,,,,,,,,,,,,,,,,,,y,y,,,,,,,y,,,,,,,,,,,,,,,,,,,,,,,,,y,,,,,,,,,,22,,,,,,,,,,,,,,,,,,,,y,y,,,,,,,,,,,,,,,
2636,Nowata,106 Airport Drive,Nowata,OK,74048,36.7196,-95.6286,2.859,3.259,3.659,3.549,fuel,USA,USD,MapUp,Loves,,,,,,,,,y,,,y,,,,,,y,,,,,,,,,,,,,,,,,,,,,,,,y,y,y,,,,,,y,,,,,,,y,,,,,,,,,,,,,,,,,,y,,,,,,,,,,38,,,,,,,,,,,,,,,,,,,,y,y,,,,,,,y,,,,,,,,
2166,Muskogee Turnpike,498 Muskogee Turnpike,Muskogee,OK,74401,35.852881,-95.421201,2.899,3.299,3.599,3.349,fuel,USA,USD,MapUp,Loves,,,,,,,,,,,,,,,,,,,,,,,,,,,,,,,,,,,,,,,,,,,,,,y,,,,y,,,,,,,,,,,,y,,y,,,,,,,,,,,,,,,,,,,,,,,,,,,,,,,,,,,,,,,,,y,,,,,,,,,,,,,,,,
2821,Durant - 821,5278 W Main Street,Durant,OK,74701,33.998251,-96.428994,2.619,3.019,3.319,3.589,fuel,USA,USD,MapUp,Loves,,,,,,,,,y,,,y,,,,,,y,,,,,,,,,,,,,,,,,,,,,,,,y,y,y,,,,,,y,,,,,,,,,,,,,y,,,,,,,,,,,,y,,,,,,,,,,13,,,,,,,,,,,,,,,,,,,,y,y,,,,,,,,,,,,,,,
246,Hooker,201 W Highway 54,Hooker,OK,73945,36.859012,-101.20904,2.759,3.159,3.559,3.599,fuel,USA,USD,MapUp,Loves,,,,,,,,,,,,y,,,,,,y,,,,,,,,,,,,,,,,,,,,,,,,y,y,,,,,,,y,,,,,,,,,,,,,,,,,,,,,,,,,y,,,,,,,,,,33,,,,,,,,,,,,,,,,,,,,y,y,,,,,,,,,,,,,,,
2229,Panhandle,9701 I-40,Claude,TX,79068,35.218765,-101.381536,2.699,3.149,3.499,,fuel,USA,USD,MapUp,Loves,,,,,,,,,,,,y,,,,,,y,,,,,,,,,,,,,,,,,,,,,,,,y,,,,,,,,y,,,,,,,y,,,,,,,,,,,,,,,,,,y,,,,,,,,,,22,,,,,,,,,,,,,,,,,,,,y,y,,,,,,,,,,,,,,,
2373,Calera,2150 Leavenworth Trail,Colbert,OK,74730,33.881314,-96.500253,2.619,3.019,3.319,3.589,fuel,USA,USD,MapUp,Loves,,,,,,,,,y,y,y,y,,,y,,,y,,,,,,,,,,,,,,,,,,,,,,y,,y,y,y,,,,,,y,,,,,,,y,,,,,,,,,,,,,,,,,,y,,,,,,,,,,87,,,,,,,,,,,,,,,,,,,y,y,y,,,,,,,y,,,,,y,,,
2295,Chouteau,4564 W. 590,Chouteau,OK,74337,36.163483,-95.342987,2.719,3.119,3.419,3.489,fuel,USA,USD,MapUp,Loves,,,,,,,,,y,,,y,,,,,,y,,y,,,,,,,,,,,,,,,,,,,,,,y,y,y,,,,,,y,,,,,,,y,,,,,,,,,,,,,,,,,,y,,,,,,,,,,46,,,,,,,,,,,,,,,,,,,,y,y,,,,,,,y,,,,,,,,
2608,McPherson,2400 E Kansas Ave,McPherson,KS,67460,38.370121,-97.614911,2.689,3.039,3.339,3.289,fuel,USA,USD,MapUp,Loves,,,,,,,,,y,y,y,y,,,y,,,y,,,,,,,,,,,,,,,,,,,,,,y,,y,y,y,,,,,,y,,,,,,,y,,,,,y,,,,,,,,,,,,y,y,,,,,,,,,,84,,,,,,,,,,,,,,,,,,,y,y,y,,,,,,,y,,,,,y,,,
2713,Bridgeport,2300 US Highway 380,Bridgeport,TX,76426,33.221219,-97.737881,2.799,3.249,3.599,3.389,fuel,USA,USD,MapUp,Loves,,,,,,,,,y,,,y,,,,,,y,,y,,,,,,,,,,,,,,,,,,,,,,y,y,y,,,,,,y,,,,,,,y,,,,,,y,,,,,,,,,,,,y,,,,,,,,,,51,,,,,,,,,,,,,,,,,,,,y,y,,,,,,,y,,,,,,,,
2255,Webbers Falls,214 South Hwy 100,Webbers Falls,OK,74470,35.48604,-95.149265,2.759,3.159,3.459,3.649,fuel,USA,USD,MapUp,Loves,,,,,,,,,y,y,y,y,,,y,,,y,,,,,,,,,,,,,,,,,,,,,,y,,y,y,y,,y,,y,,y,,,,,,,y,y,,,,,,,,,,,,,,,,,y,,,,,,,,,,80,,,,,,,,,,,,,,,,,,,y,y,y,,,,,,,y,,,,,y,,,
2727,Big Cabin,437071 E 310 Road,Big Cabin,OK,74332,36.568104,-95.218264,2.749,3.149,3.449,3.489,fuel,USA,USD,MapUp,Loves,,,,,,,,,y,y,y,y,,,y,,y,y,,,,,,,,,,,,,,,,,,,,,,y,,y,y,y,,,,y,,y,,,,,,,y,,,,,y,y,,,,,,,,,,,,y,,,,,,,,,,82,,,,,,,,,,,,,,,,,,,y,y,y,,,,,,,y,,,,,y,,,
2176,Matfield Green Turnpike,Mile 97 Kansas Turnpike,Cassoday,KS,66842,38.095391,-96.579511,2.959,3.309,3.609,3.489,fuel,USA,USD,MapUp,Loves,,,,,,,,,,,,,,,,,,,,,,,,,,,,,,,,,,,,,,,,,,,,,,,,,,y,,,,,,,,,,,,,,y,,,,,,,,,,,,,,,,,,,,,,,,,,,,,,,,,,,,,,,,,y,,,,,,y,,,,,,,,,,
2609,Denton,6421 N I-35,Denton,TX,76207,33.263072,-97.179456,2.709,3.159,3.509,3.629,fuel,USA,USD,MapUp,Loves,,,,,,,,,,y,y,y,,,,,,y,,,,,,,,,,,,,,,,,,,,,,y,,y,y,y,,,,,,y,,,,,,,,,,,,y,y,,,,,,,,,,,,y,,,,,,,,,,149,,,,,,,,,,,,,,,,,,,y,y,y,,,,,,,y,,,,,y,,,
2638,Texhoma,1430 Hwy 54 E,Texhoma,OK,73949,36.506305,-101.774669,2.799,3.199,3.599,3.549,fuel,USA,USD,MapUp,Loves,,,,,,,,,y,,,y,,,,,,y,,,,,,,,,,,,,,,,,,,,,,,,y,y,y,,,,,,y,,,,,,,,,,,,y,,,,,,,,,,,,,y,,,,,,,,,,39,,,,,,,,,,,,,,,,,,,,y,y,,,,,,,y,,,,,,,,
2200,Amarillo,6930 I-40 E.,Amarillo,TX,79120,35.191927,-101.760945,2.599,3.049,3.399,,fuel,USA,USD,MapUp,Loves,,,,,,,,,y,y,y,y,,,,,,y,,,,,,,,,,,,,,,,,,,,,,y,,y,y,y,,y,,,,y,,,,,,,,y,,,,,,,,,,,,,,,,,y,,,,,,,,,,111,,,,,,,,,,,,,,,,,,,y,y,y,,,,,,,y,,,,,y,,,
293,Garden City,3285 E US Highway 50,Garden City,KS,67846,37.960711,-100.833489,2.699,3.099,3.499,3.629,fuel,USA,USD,MapUp,Loves,,,,,,,,,,,,y,,,,,,y,,,,,,,,,,,,,,,,,,,,,,,,,y,,,,,,,y,,,,,,,,,,,,,,,,,,,,,,,,,,,,,,,,,,,30,,,,,,,,,,,,,,,,,,,,y,y,,,,,,,,,,,,,,,
2380,Rhome,4800 TX Hwy-114,Rhome,TX,76078,33.05703,-97.484072,2.799,3.249,3.599,3.589,fuel,USA,USD,MapUp,Loves,,,,,,,,,,y,y,y,,,,,,y,,y,,,,,,,,,,,,,,,,,,,,y,,y,y,y,,,,,,y,,,,,,,y,,,,,y,,,,,,,,,,,,,y,,,,,,,,,,66,,,,,,,,,,,,,,,,,,,y,y,y,,,,,,,y,,,,,y,,,
2626,Dumas,720 N Dumas Ave,Dumas,TX,79029,35.879547,-101.973996,2.699,3.149,3.499,,fuel,USA,USD,MapUp,Loves,,,,,,,,,,,,y,,,,,,y,,,,,,,,,,,,,,,,,,,,,,,,y,y,,,,,,,y,,,,,,,,,,,,,,,,,,,,,,,,,y,,,,,,,,,,45,,,,,,,,,,,,,,,,,,,,y,y,,,,,,,y,,,,,,,,
2299,Anna,1701 US Highway 75,Anna,TX,75409,33.345047,-96.584193,2.599,3.049,3.399,3.589,fuel,USA,USD,MapUp,Loves,,,,,,,,,y,,,y,,,,,,y,,y,,,,,,,,,,,,,,,,,,,,,,y,y,,,,,,,y,,,,,,,,,,,,,,,,,,,,,,,,,y,,,,,,,,,,55,,,,,,,,,,,,,,,,,,,,y,y,,,,,,,y,,,,,,,,
2261,Amarillo,8615 Canyon Dr,Amarillo,TX,79110,35.117693,-101.907173,2.559,3.009,3.359,,fuel,USA,USD,MapUp,Loves,,,,,,,,,,,,y,,,,,,y,,,,,,,,,,,,,,,,,,,,,,,,y,,y,,,,,,y,,,,,,,,,,,,,,,,,,,,,,,,,y,,,,,,,,,,12,,,,,,,,,,,,,,,,,,,,y,y,,,,,,,,,,,,,,,
2692,Chanute,3301 N Blue Comet Dr,Chanute,KS,66720,37.646185,-95.477116,2.899,3.249,3.549,3.489,fuel,USA,USD,MapUp,Loves,,,,,,,,,y,,,y,,,,,,y,,,,,,,,,,,,,,,,,,,,,,,,y,y,,,,,,,y,,,,,,,y,,,,,y,,,,,,,,,,,,,y,,,,,,,,,,38,,,,,,,,,,,,,,,,,,,,y,y,,,,,,,y,,,,,,,,
2656,Holcomb,1500 N Jones Ave,Holcomb,KS,67851,38.000876,-100.996727,2.699,3.099,3.499,3.689,fuel,USA,USD,MapUp,Loves,,,,,,,,,,,,y,,,,,,y,,,,,,,,,,,,,,,,,,,,,,,,y,y,,,,,,,y,,,,,,,,,,,,,,,,,,,,,,,,,y,,,,,,,,,,50,,,,,,,,,,,,,,,,,,,,y,y,,,,,,,y,,,,,,,,
2250,Amarillo,14701 I-40 W.,Amarillo,TX,79124,35.187837,-102.011289,2.599,3.049,3.399,,fuel,USA,USD,MapUp,Loves,,,,,,,,,y,,,y,,,,,,y,,,,,,,,,,,,,,,,,y,,,,,,,y,y,y,,,,y,,y,,,,,,,y,,,,,y,y,,,,,,,,,,,,y,,,,,,,,,,100,,,,,,,,,,,,,,,,,,,,y,y,,,,,,,y,,,,,,,,
2658,West Siloam Springs,3033 Highway 412,Watts,OK,74964,36.175419,-94.573583,2.489,2.889,3.189,3.549,fuel,USA,USD,MapUp,Loves,,,,,,,,,,,,y,,,,,,y,,,,,,,,,,,,,,,,,,,,,,,,y,y,y,,,,,,y,,,,,,,,,,,,y,,,,,,,,,,,,,y,,,,,,,,,,40,,,,,,,,,,,,,,,,,,,,y,y,,,,,,,y,,,,,,,,
2273,Weatherford,2605 E Bankhead Hwy,Weatherford,TX,76087,32.742896,-97.742837,2.799,3.249,3.599,3.589,fuel,USA,USD,MapUp,Loves,,,,,,,,,,,y,y,,,,,,y,,y,,,,,,,,,,,,,,,,,,,,,,y,y,y,,,,,,y,,,,,,,y,,,,,,y,,,,,,,,,,,,y,,,,,,,,,,37,,,,,,,,,,,,,,,,,,,y,y,y,,,,,,,y,,,,,,,,
2678,Paris,3215 N Main St,Paris,TX,75460,33.695401,-95.555286,2.899,3.349,3.699,3.589,fuel,USA,USD,MapUp,Loves,,,,,,,,,,,,y,,,,,,y,,,,,,,,,,,,,,,,,,,,,,,,y,y,,,,,,,y,,,,,,,y,,,,,,y,,,,,,,,,,,,y,,,,,,,,,,58,,,,,,,,,,,,,,,,,,,,y,y,,,,,,,y,,,,,,,,
2732,Abilene,2322 Fair Rd,Abilene,KS,67410,38.933422,-97.258115,2.799,3.149,3.449,3.689,fuel,USA,USD,MapUp,Loves,,,,,,,,,y,y,y,y,,,y,,,y,,,,,,,,,,,,,,,,,,,,,,y,,y,y,y,,,,,,y,,,,,,,y,,,,,y,y,,,,,,,,,,,,y,,,,,,,,,,74,,,,,,,,,,,,,,,,,,,y,y,y,,,,,,,y,,,,,y,,,
2455,Ellis,200 Washington Street,Ellis,KS,67637,38.947691,-99.560096,2.689,3.039,3.339,3.689,fuel,USA,USD,MapUp,Loves,,,,,,,,,,,,y,,,,,,y,,,,,,,,,,,,,,,,,,,,,,,,y,y,,,,,,,y,,,,,,,,,,,,,y,,,,,,,,,,,,y,,,,,,,,,,49,,,,,,,,,,,,,,,,,,,,y,y,,,,,,,,,,,,,,,
2648,Valliant,701 W Wilson St,Valliant,OK,74764,34.004305,-95.101356,2.749,3.149,3.549,3.359,fuel,USA,USD,MapUp,Loves,,,,,,,,,,,,y,,,,,,y,,,,,,,,,,,,,,,,,,,,,,,,y,y,,,,,,,y,,,,,,,,,,,,,,,,,,,,,,,,,y,,,,,,,,,,36,,,,,,,,,,,,,,,,,,,,y,y,,,,,,,y,,,,,,,,
2655,Scott City,1720 S Main Street,Scott City,KS,67871,38.464661,-100.906407,2.879,3.279,3.679,3.689,fuel,USA,USD,MapUp,Loves,,,,,,,,,y,,,y,,,,,,y,,,,,,,,,,,,,,,,,,,,,,,,y,y,,,,,,,y,,,,,,,,,,,,,y,,,,,,,,,,,,y,,,,,,,,,,53,,,,,,,,,,,,,,,,,,,,y,y,,,,,,,y,,,,,,,,
2282,Joplin,4013 Highway 43,Joplin,MO,64804,37.013202,-94.54399,2.799,3.199,3.499,3.489,fuel,USA,USD,MapUp,Loves,,,,,,,,,y,,,y,,,,,,y,,,,,,,,,,,,,,,,,,,,,,,,y,y,y,,,,,,y,,,,,,,y,,,,,y,,,,,,,,,,,,,y,,,,,,,,,,25,,,,,,,,,,,,,,,,,,,,y,y,,,,,,,,,,,,,,,
2836,Dalhart,12182 Hwy 87 N,Dalhart,TX,79022,36.076713,-102.536748,2.699,3.149,3.499,3.549,fuel,USA,USD,MapUp,Loves,,,,,,,,,y,,,y,,,,,,y,,,,,,,,,,,,,,,,,,,,,,,,y,y,y,,,,y,,y,,,,,,,y,,,,,,y,,,,,,,,,,,,y,,,,,,,,,,77,,,,,,,,,,,,,,,,,,,,y,y,,,,,,,y,,,,,,,,
2283,Rockwall,1990 E. I-30,Rockwall,TX,75075,32.918189,-96.419311,2.689,3.139,3.489,3.489,fuel,USA,USD,MapUp,Loves,,,,,,,,,y,,,y,,,,,,y,,,,,,,,,,,,,,,,,,,,,,,,y,y,,,y,,,,y,,,,,,,,y,,,,y,,,,,,,,,,,,,y,,,,,,,,,,50,,,,,,,,,,,,,,,,,,,,y,y,,,,,,,y,,,,,,,,
2281,Ft. Worth,200 Garden Acres Dr.,Fort Worth,TX,76140,32.598737,-97.317578,2.599,3.049,3.399,3.589,fuel,USA,USD,MapUp,Loves,,,,,,,,,y,y,y,y,,,,,,y,,y,,,,,,,,,,,,,,,,,,,,y,,y,y,,,y,,,,y,,,,,,,,y,,,,,,,,,,,,,,,,,y,,,,,,,,,,88,,,,,,,,,,,,,,,,,,,y,y,y,,,,,,,y,,,,,y,,,
2585,Neosho,12009 E Highway 86,Neosho,MO,64850,36.879908,-94.427612,2.799,3.199,3.499,3.489,fuel,USA,USD,MapUp,Loves,,,,,,,,,y,y,y,y,,,y,,,y,,,,,,,,,,,,,,,,,,,,,,y,,y,y,y,,,,,,y,,,,,,,,,,,,,,,,,,,,,,,,,y,,,,,,,,,,87,,,,,,,,,,,,,,,,,,,y,y,y,,,,,,,y,,,,,y,,,
2270,Ranger,6950 I-20,Ranger,TX,76470,32.441748,-98.694499,2.699,3.149,3.499,3.649,fuel,USA,USD,MapUp,Loves,,,,,,,,,y,y,y,y,,,,,y,y,,,,,,,,,,,,,,,,,,,,,,y,,y,y,y,,,,y,,y,,,,,,,y,,,,,y,y,,,,,,,,,,,,y,,,,,,,,,,81,,,,,,,,,,,,,,,,,,,y,y,y,,,,,,,y,,,,,y,,,
2635,Alma,8060 Highway 282,Alma,AR,72921,35.540553,-94.235469,2.669,3.119,3.469,3.689,fuel,USA,USD,MapUp,Loves,,,,,,,,,y,y,y,y,,,y,,,y,,,,,,,,,,,,,,,,,,,,,,y,,y,y,y,,,,y,,y,,,,,,,y,,,,,y,y,,,,,,,,,,,,y,,,,,,,,,,55,,,,,,,,,,,,,,,,,,,y,y,y,,,,,,,y,,,,,y,,,
2302,Boise City,1100 East Main Street,Boise City,OK,73933,36.729194,-102.5003,2.849,3.249,3.649,3.549,fuel,USA,USD,MapUp,Loves,,,,,,,,,,,,y,,,,,,,,,,,,,,,,,,,,,,,,,,,,,,y,y,,,,,,,y,,,,,,,,,,,,,,,,,,,,,,,,,y,,,,,,,,,,60,,,,,,,,,,,,,,,,,,,,y,y,,,,,,,y,,,,,,,,
2642,Hereford,901 West 1st St,Hereford,TX,79045,34.810037,-102.407661,2.699,3.149,3.499,,fuel,USA,USD,MapUp,Loves,,,,,,,,,y,,,y,,,,,,y,,,,,,,,,,,,,,,,,,,,,,,,y,y,,,,,,,y,,,,,,,,,,,,,,,,,,,,,,,,,y,,,,,,,,,,38,,,,,,,,,,,,,,,,,,,,y,y,,,,,,,y,,,,,,,,
2294,Dallas,8800 S. Polk Street,Dallas,TX,75232,32.640809,-96.839275,2.799,3.249,3.599,3.289,fuel,USA,USD,MapUp,Loves,,,,,,,,,y,,,y,,,,,,y,,,,,,,,,,,,,,,,,,,,,,,,y,y,,,y,,,,y,,,,,,,,,,,,,,,,,,,,,,,,,y,,,,,,,,,,27,,,,,,,,,,,,,,,,,,,,y,y,,,,,,,y,,,,,,,,
2331,Hutchins,2500 S. I-45,Hutchins,TX,75141,32.623952,-96.69378,2.859,3.309,3.659,3.429,fuel,USA,USD,MapUp,Loves,,,,,,,,,y,y,y,y,,,,,,y,,y,,,,,,,,,,,,,,,,,,,,y,,y,y,y,,,,,,y,,,,,,,,,,,,y,y,,,,,,,,,,,,y,,,,,,,,,,110,,,,,,,,,,,,,,,,,,,y,y,y,,,,,,,y,,,,,y,,,
2610,Baird,1333 US Highway 283 N,Baird,TX,79504,32.402493,-99.384692,2.799,3.249,3.599,3.649,fuel,USA,USD,MapUp,Loves,,,,,,,,,y,y,y,y,,,,,,y,,,,,,,,,,,,,,,,,,,,,,y,,y,y,y,,,,,,y,,,,,,,y,,,,,,,,,,,,,,,,,,y,,,,,,,,,,70,,,,,,,,,,,,,,,,,,,y,y,y,,,,,,,y,,,,,y,,,
2216,Midlothian,1501 W Highway 287,Midlothian,TX,76065,32.482947,-97.011128,2.629,3.079,3.429,3.559,fuel,USA,USD,MapUp,Loves,,,,,,,,,,,y,y,,,,,,y,,y,,,,,,,,,,,,,,,,,,,,y,,y,y,y,,,,,,y,,,,,,,,,,,,,,,,,,,,,,,,,y,,,,,,,,,,40,,,,,,,,,,,,,,,,,,,y,y,y,,,,,,,y,,,,,y,,,
2738,Sulphur Springs,1201 S Hillcrest Dr,Sulphur Springs,TX,75482,33.117433,-95.636795,2.599,3.049,3.399,3.749,fuel,USA,USD,MapUp,Loves,,,,,,,,,y,y,y,y,,,,,y,y,,,,,,,,,,,,,,,,,,,,,,y,,y,y,y,,,,,,y,,,,,,,y,,,,,y,y,,,,,,,,,,,,y,,,,,,,,,,92,,,,,,,,,,,,,,,,,,,y,y,y,,,,,,,y,,,,,y,,,
2589,Lubbock,4221 North Interstate 27,Lubbock,TX,79403,33.641593,-101.839031,2.659,3.109,3.459,3.549,fuel,USA,USD,MapUp,Loves,,,,,,,,,y,y,y,y,,,,,,y,,,,,,,,,,,,,,,,,,,,,,y,,y,y,y,,,,y,,y,,,,,,,y,,,,,,,,,,,,,,,,,,y,,,,,,,,,,69,,,,,,,,,,,,,,,,,,,y,y,y,,,,,,,y,,,,,y,,,
2966,Jasper - 966,651 E Mercer,Jasper,MO,64755,37.340655,-94.294459,2.559,2.959,3.259,3.349,fuel,USA,USD,MapUp,Loves,,,,,,,,,y,,,y,,,,,,,,,,,,,,,,,,,,,,,,,,,,,,y,y,y,,,,y,,y,,,,,,,y,,,,,y,y,,,,,,,,,,,,y,,,,,,,,,,61,,,,,,,,,,,,,,,,,,,,y,y,,,,,,,y,,,,,,,,
2886,Sarcoxie,2580 High St,Sarcoxie,MO,64862,37.076446,-94.104167,2.679,3.079,3.379,3.479,fuel,USA,USD,MapUp,Loves,,,,,,,,,y,,,y,,,,,,,,,,,,,,,,,,,,,,,,,,,,,,y,y,y,,,,y,,y,,,,,,,y,,,,,y,y,,,,,,,,,,,,y,,,,,,,,,,98,,,,,,,,,,,,,,,,,,,,y,y,,,,,,,y,,,,,,,,
2258,Ottawa,203 E 27th St,Ottawa,KS,66067,38.572786,-95.265489,2.899,3.249,3.549,3.489,fuel,USA,USD,MapUp,Loves,,,,,,,,,,y,y,y,,,y,,,y,,y,,,,,,,,,,,,,,,,,,,,y,,y,y,y,,,,,,y,,,,,,,y,,,,,y,y,,,,,,,,,,,,y,,,,,,,,,,78,,,,,,,,,,,,,,,,,,,y,y,y,,,,,,,y,,,,,y,,,
2271,Ozark -SRI,2229 N 3rd Street,Ozark,AR,72949,35.511466,-93.822309,2.699,3.149,3.499,3.649,fuel,USA,USD,MapUp,Loves,,,,,,,,,,,,y,,,,,,y,,,,,,,,,,,,,,,,,,,,,,,,y,y,,,,,,,y,,,,,,,,,,,,,y,,,,,,,,,,,,y,,,,,,,,,,18,,,,,,,,,,,,,,,,,,,,y,y,,,,,,,,,,,,,,,
2475,Sweetwater,9418 North Interstate 20,Sweetwater,TX,79556,32.450422,-100.441752,2.799,3.249,3.599,3.649,fuel,USA,USD,MapUp,Loves,,,,,,,,,y,y,y,y,,,,,,y,,,,,,,,,,,,,,,,,,,,,,y,,y,y,y,,,,,,y,,,,,,,y,,,,,,y,,,,,,,,,,,y,y,,,,,,,,,,105,,,,,,,,,y,,,,,,,,,,y,y,y,,,,,,,y,,,,,y,,,
2628,Italy,1021 Dale Evans Dr,Italy,TX,76651,32.193688,-96.898726,2.639,3.089,3.439,3.549,fuel,USA,USD,MapUp,Loves,,,,,,,,,y,y,y,y,,,,,,y,,y,,,,,,,,,,,,,,,y,,,,,y,,y,y,y,,,,,,y,,,,,,,y,,,,,y,y,,,,,,,,,,,,y,,,,,,,,y,,110,,,,,,,,,,,,,,,,,,,y,y,y,,,,,,,y,,,,,y,,,
2721,Alma,6550 S Interstate 45 Service Rd,Alma,TX,75119,32.287637,-96.543987,2.599,3.049,3.399,3.539,fuel,USA,USD,MapUp,Loves,,,,,,,,,y,y,y,y,,,,,y,y,,,,,,,,,,,,,,,,,,,,,,y,,y,y,y,,,,,,y,,,,,,,y,,,,,y,y,,,,,,,,,,,,y,,,,,,,,,,138,,,,,,,,,,,,,,,,,,,y,y,y,,,,,,,y,,,,,y,,,
2769,Topeka,1811 NW Brickyard Road,Topeka,KS,66618,39.082097,-95.725992,2.799,3.149,3.449,3.489,fuel,USA,USD,MapUp,Loves,,,,,,,,,y,,,y,,,,,,y,,,,,,,,,,,,,,,,,,,,,,,,y,y,,,,,,,y,,,,,,,y,,,,,,y,,,,,,,,,,,,y,,,,,,,,,,75,,,,,,,,,,,,,,,,,,,,y,y,,,,,,,y,,,,,,,,
222,Clayton,703 S 1st St,Clayton,NM,88415,36.445421,-103.179939,2.699,3.099,3.499,3.459,fuel,USA,USD,MapUp,Loves,,,,,,,,,y,,,y,,,,,,y,,,,,,,,,,,,,,,,,,,,,,,,,y,,,,,,,y,,,,,,,,,,,,,,,,,,,,,,,,,,,,,,,,,,,10,,,,,,,,,,,,,,,,,,,,y,y,,,,,,,,,,,,,,,
2175,Topeka Turnpike,Mile 188 Kansas Turnpike,Topeka,KS,66608,39.019541,-95.508871,2.859,3.209,3.509,3.539,fuel,USA,USD,MapUp,Loves,,,,,,,,,,,,,,,,,,,,,,,,,,,,,,,,,,,,,,,,,,,,,,,,,,y,,,,,,,,,,,,,,y,,,,,,,,,,,,,,,,,,,y,,100,,,,,,,,,,,,,,,,,,,,y,,,,,,y,,,,,,,,,,
2231,Hillsboro,1501 Corsicana Hwy,Hillsboro,TX,76645,32.00952,-97.093528,2.599,3.049,3.399,3.549,fuel,USA,USD,MapUp,Loves,,,,,,,,,y,y,y,y,,,,,,y,,y,,,,,,,,,,,,,,,,,,,,y,,y,y,y,,,,,,y,,,,,,,,,,,,,,,,,,,,,,,,,y,,,,,,,,,,53,,,,,,,,,,,,,,,,,,,y,y,y,,,,,,,y,,,,,y,,,
2852,New Boston,2486 US Hwy-82 W,New Boston,TX,75570,33.472121,-94.461214,2.799,3.249,3.599,3.549,fuel,USA,USD,MapUp,Loves,,,,,,,,,y,y,y,y,,,,,y,y,,,,,,,,,,,,,,,,,,,,,,y,,y,y,y,,,,,,y,,,,,,,y,,,,,y,y,,,,,,,,,,,,y,,,,,,,,,,111,,,,,,,,,,,,,,,,,,,y,y,y,,,,,,,y,,,,,y,,,
2647,Belleville,1356 US Highway 81,Belleville,KS,66935,39.834626,-97.636691,2.859,3.209,3.509,3.749,fuel,USA,USD,MapUp,Loves,,,,,,,,,y,,,y,,,,,,y,,,,,,,,,,,,,,,,,,,,,,,,y,y,y,,,,,,y,,,,,,,y,,,,,y,,,,,,,,,,,,,y,,,,,,,,,,65,,,,,,,,,,,,,,,,,,,,y,y,,,,,,,y,,,,,,,,
2822,Clarksville,1025 S Crawford St,Clarksville,AR,72830,35.460073,-93.480111,2.699,3.149,3.499,3.649,fuel,USA,USD,MapUp,Loves,,,,,,,,,y,y,y,y,,,y,,y,y,,,,,,,,,,,,,,,,,,,,,,y,,y,y,y,,,,y,,y,,,,,,,y,,,,,y,y,,,,,,,,,,,,y,,,,,,,,,,114,,,,,,,,,,,,,,,,,,,y,y,y,,,,,,,y,,,,,y,,,
2651,Van - 651,1188 S. Oak St.,Van,TX,75790,32.509097,-95.644745,2.619,3.069,3.419,3.429,fuel,USA,USD,MapUp,Loves,,,,,,,,,y,,,y,,,,,,y,,y,,,,,,,,,,,,,,,,,,,,,,y,y,,,,,y,,y,,,,,,,y,,,,,y,,,,,,,,,,,,,y,,,,,,,,,,74,,,,,,,,,,,,,,,,,,,,y,y,,,,,,,y,,,,,,,,
2287,Van,1221 S. Oak St,Van,TX,75790,32.50828,-95.642465,2.619,3.069,3.419,3.429,fuel,USA,USD,MapUp,Loves,,,,,,,,,y,y,y,y,,,,,,y,,,,,,,,,,,,,,,,,,,,,,y,,y,y,y,,,,,,y,,,,,,,,,,,,y,,,,,,,,,,,,,y,,,,,,,,,,67,,,,,,,,,,,,,,,,,,,y,y,y,,,,,,,y,,,,,y,,,
223,Lamar,605 N Main St,Lamar,CO,81052,38.095707,-102.62027,2.839,3.239,3.639,3.429,fuel,USA,USD,MapUp,Loves,,,,,,,,,,,,y,,,,,,y,,,,,,,,,,,,,,,,,,,,,,,,,y,,,,,,,y,,,,,,,,,,,,,,,,,,,,,,,,,,,,,,,,,,,20,,,,,,,,,,,,,,,,,,,,y,y,,,,,,,,,,,,,,,
2173,Lawrence Turnpike,209 Kansas Turnpike,Lawrence,KS,66044,39.019971,-95.135161,2.959,3.309,3.609,3.499,fuel,USA,USD,MapUp,Loves,,,,,,,,,,,,,,,,,,,,,,,,,,,,,,,,,,,,,,,,,,,,,,,,,,y,,,,,,,,,,,,,,y,,,,,,,,,,,,,,,,,,,y,,100,,,,,,,,,,,,,,,,,,,,y,,,,,,,,,,,,,,,,
2329,Clovis,4700 Mabry Dr.,Clovis,NM,88101,34.394791,-103.144305,2.899,3.349,3.649,3.849,fuel,USA,USD,MapUp,Loves,,,,,,,,,,,,y,,,,,,y,,,,,,,,,,,,,,,,,,,,,,,,y,y,,,,,,,y,,,,,,,,,,,,,,,,,,,,,,,,,y,,,,,,,,,,50,,,,,,,,,,,,,,,,,,,,y,y,,,,,,,y,,,,,,,,
260,Norton,303 W Holme St,Norton,KS,67654,39.838867,-99.89259,2.799,3.199,3.599,3.239,fuel,USA,USD,MapUp,Loves,,,,,,,,,,,,y,,,,,,y,,,,,,,,,,,,,,,,,,,,,,,,y,,,,,,,,y,,,,,,,,,,,,,,,,,,,,,,,,,y,,,,,,,,,,,,,,,,,,,,,,,,,,,,,,y,y,,,,,,,,,,,,,,,
2473,Texarkana,451 Leary Road,Leary,TX,75501,33.463426,-94.204244,2.699,3.149,3.499,3.549,fuel,USA,USD,MapUp,Loves,,,,,,,,,,y,y,y,,,,,,y,,,,,,,,,,,,,,,,,,,,,,y,,y,y,y,,,,,,y,,,,,,,y,,,,,y,y,,,,,,,,,,,,y,,,,,,,,,,98,,,,,,,,,,,,,,,,,,,y,y,y,,,,,,,y,,,,,y,,,
2616,Harrisonville,2611 S Brookhart Dr,Harrisonville,MO,64701,38.636271,-94.356021,2.889,3.299,3.599,3.389,fuel,USA,USD,MapUp,Loves,,,,,,,,,y,y,y,y,,,y,,,y,,y,,,,,,,,,,,,,,,,,,,,y,,y,y,y,,,,,,y,,,,,,,y,,,,,,,,,,,,,,,,,,y,y,,,,,,,,,88,,,,,,,,,,,,,,,,,,,y,y,y,,,,,,,y,,,,,y,,,
2673,Domino,22406 US Highway 59 N,Domino,TX,75572,33.261778,-94.152214,2.649,3.099,3.449,3.549,fuel,USA,USD,MapUp,Loves,,,,,,,,,y,y,y,y,,,,,,y,,,,,,,,,,,,,,,,,y,,,,,y,,y,y,y,,,,y,,y,,,,,,,y,,,,,y,,,,,,,,,,,,,y,,,,,,,,,,101,,,,,,,,,,,,,,,,,,,y,y,y,,,,,,,y,,,,,y,,,
2262,Tucumcari,1900 Mountain Rd.,Tucumcari,NM,88401,35.158604,-103.701308,2.959,3.409,3.709,3.889,fuel,USA,USD,MapUp,Loves,,,,,,,,,y,y,y,y,,,y,,,y,,,,,,,,,,,,,,,,,,,,,,y,,y,y,y,,,,,,y,,,,,,,y,,,,,,,y,,,,,,,,,,,y,,,,,,,,,,160,,,,,,,,,,,,,,,,,,,y,y,y,,,,,,,y,,,,,y,,,
2653,Eads,15596 US Highway 287,Eads,CO,81036,38.487838,-102.78516,2.899,3.299,3.699,3.549,fuel,USA,USD,MapUp,Loves,,,,,,,,,y,,,y,,,,,,y,,,,,,,,,,,,,,,,,,,,,,,,y,y,,,,,,,y,,,,,,,,,,,,,,,,,,,,,,,,,y,,,,,,,,,,50,,,,,,,,,,,,,,,,,,,,y,y,,,,,,,y,,,,,,,,
2815,Winona,12577 CR 3101,Winona,TX,75792,32.443228,-95.061947,2.649,3.099,3.449,3.429,fuel,USA,USD,MapUp,Loves,,,,,,,,,y,y,y,y,,,,,y,y,,,,,,,,,,,,,,,,,,,,,,y,,y,y,y,,,,y,,y,,,,,,,y,,,,,y,y,,,,,,,,,,,,y,,,,,,,,,,113,,,,,,,,,,,,,,,,,,,y,y,y,,,,,,,y,,,,,y,,,
2458,Strafford,400 N. State Highway 125,Strafford,MO,65757,37.27699,-93.11256,2.579,2.979,3.279,3.459,fuel,USA,USD,MapUp,Loves,,,,,,,,,y,y,y,y,,,y,,,y,,,,,,,,,,,,,,,,,,,,,,y,,y,y,y,,,,,,y,,,,,,,y,,,,,,y,,,,,,,,,,,,y,,,,,,,,,,90,,,,,,,,,,,,,,,,,,,y,y,y,,,,,,,y,,,,,y,,,
2288,Fairfield,299 I-45,Fairfield,TX,75840,31.728217,-96.182736,2.599,3.049,3.399,3.629,fuel,USA,USD,MapUp,Loves,,,,,,,,,y,,,y,,,,,,y,,,,,,,,,,,,,,,,,,,,,,,,y,y,y,,,,,,y,,,,,,,y,,,,,,,,,,,,,,,,,,y,,,,,,,,,,28,,,,,,,,,,,,,,,,,,,,y,y,,,,,,,,,,,,,,,
2786,Kansas City,3201 N Ameristar Dr,Kansas City,MO,64161,39.153514,-94.475964,2.999,3.399,3.699,3.449,fuel,USA,USD,MapUp,Loves,,,,,,,,,y,y,y,y,,,y,,y,y,,,,,,,,,,,,,,,,,,,,,,y,,y,y,y,,,,,,y,,,,,,,y,,,,,y,y,,,,,,,,,,,,y,,,,,,,,,,110,,,,,,,,,,,,,,,,,,,y,y,y,,,,,,,y,,,,,y,,,
2277,Prescott,116 Ron Harrod Rd,Prescott,AR,71857,33.828782,-93.394759,2.799,3.249,3.599,3.689,fuel,USA,USD,MapUp,Loves,,,,,,,,,y,,,y,,,,,,y,,,,,,,,,,,,,,,,,,,,,,,,y,y,y,,,,,,y,,,,,,,,,,,,y,,,,,,,,,,,,,y,,,,,,,,,,119,,,,,,,,,,,,,,,,,,,,y,y,,,,,,,y,,,,,,,,
2884,Prescott - 884,2005 Hwy 19 North,Prescott,AR,71857,33.827533,-93.393831,2.799,3.249,3.599,3.689,fuel,USA,USD,MapUp,Loves,,,,,,,,,,y,,y,,,y,,y,y,,,,,,,,,,,,,,,,,,,,,,y,,,y,y,,,,y,,y,,,,,,,y,,,,,y,y,,,,,,,,,,,,y,y,,,,,,,,,88,,,,,,,,,,,,,,,,,,,y,y,y,,,,,,,y,,,,,y,,,
2644,Burlington,582 S Lincoln St,Burlington,CO,80807,39.291364,-102.277504,2.849,3.299,3.599,3.629,fuel,USA,USD,MapUp,Loves,,,,,,,,,y,y,y,y,,,y,,,y,,,,,,,,,,,,,,,,,,,,,,y,,y,y,y,,,,y,,y,,,,,,,y,,,,,y,,,,,,,,,,,,,y,,,,,,,,,,77,,,,,,,,,,,,,,,,,,,y,y,y,,,,,,,y,,,,,y,,,
2267,Morrilton,1600 N. Hwy 95,Morrilton,AR,72110,35.172923,-92.743251,2.829,3.279,3.629,,fuel,USA,USD,MapUp,Loves,,,,,,,,,,,,y,,,,,,y,,,,,,,,,,,,,,,,,,,,,,,,y,y,,,,,,,y,,,,,,,,,,,,,,,,,,,,,,,,,y,,,,,,,,,,19,,,,,,,,,,,,,,,,,,,,y,y,,,,,,,,,,,,,,,
2809,Bates City,500 N D Highway,Bates City,MO,64011,39.012924,-94.067843,2.849,3.249,3.549,3.549,fuel,USA,USD,MapUp,Loves,,,,,,,,,y,,,y,,,,,,y,,y,,,,,,,,,,,,,,,,,,,,,,y,y,y,,,,y,,y,,,,,,,y,,,,,y,y,,,,,,,,,,,,y,,,,,,,,,,107,,,,,,,,,,,,,,,,,,,,y,y,,,,,,,y,,,,,,,,
2719,Troy - 719,1610 Cotton Gin Rd,Troy,TX,76579,31.191227,-97.312105,2.659,3.109,3.459,3.429,fuel,USA,USD,MapUp,Loves,,,,,,,,,y,y,y,y,,,,,y,y,,,,,,,,,,,,,,,,,y,,,,,y,,y,y,y,,,,,,y,,,,,,,y,,,,,y,y,,,,,,,,,,,,y,y,,,,,,,,,184,,,,,,,,,,,,,,,,,,,y,y,y,,,,,,,y,,,,,y,,,
2779,Malvern,6716 Hwy 171,Malvern,AR,72104,34.387581,-92.846531,2.549,2.999,3.349,3.669,fuel,USA,USD,MapUp,Loves,,,,,,,,,y,y,y,y,,,y,,y,y,,y,,,,,,,,,,,,,,,,,,,,y,,y,y,y,,,,,,y,,,,,,,y,,,,,y,y,,,,,,,,,,,,y,,,,,,,,,,96,,,,,,,,,,,,,,,,,,,y,y,y,,,,,,,y,,,,,y,,,
2235,St. Joseph,4601 S. Leonard Rd.,Saint Joseph,MO,64507,39.72238,-94.786901,2.799,3.199,3.499,3.399,fuel,USA,USD,MapUp,Loves,,,,,,,,,y,y,y,y,,,y,,y,y,,,,,,,,,,,,,,,,,,,,,,y,,y,y,,,,,y,,y,,,,,,,y,,,,,,y,,,,,,,,,,,,y,,,,,,,,,,110,,,,,,,,,,,,,,,,,,,y,y,y,,,,,,,y,,,,,y,,,
2539,Andrews,1201 S. Main St.,Andrews,TX,79714,32.306081,-102.541849,2.899,3.349,3.699,3.789,fuel,USA,USD,MapUp,Loves,,,,,,,,,y,,,y,,,,,,y,,,,,,,,,,,,,,,,,,,,,,,,y,y,y,,,,,,y,,,,,,,,,,,,,,,,,,,,,,,,,y,,,,,,,,,,60,,,,,,,,,,,,,,,,,,,,y,y,,,,,,,y,,,,,,,,
2623,Midland,5200 Cholla Rd,Midland,TX,79706,31.947692,-102.14146,2.799,3.149,3.499,3.689,fuel,USA,USD,MapUp,Loves,,,,,,,,,y,y,y,y,,,,,,y,,,,,,,,,,,,,,,,,,,,,,y,,y,y,y,,,,,,y,,,,,,,,,,,,,,y,,,,,,,,,,,y,,,,,,,,,,107,,,,,,,,,,,,,,,,,,,y,y,y,,,,,,,y,,,,,y,,,
2309,Aurora,1539 Madison Ave.,Aurora,NE,68818,40.818908,-97.99827,2.879,3.229,3.529,3.489,fuel,USA,USD,MapUp,Loves,,,,,,,,,y,y,y,y,,,y,,,y,,,,,,,,,,,,,,,,,y,,,,,y,,y,y,y,,,,,,y,,,,,,,,,,,,,y,,,,,,,,,,,,y,,,,,,,,,,54,,,,,,,,,,,,,,,,,,,y,y,y,,,,,,,y,,,,,y,,,
2854,Blanchard,5430 N Market St,Shreveport,LA,71107,32.595937,-93.829384,2.579,3.029,3.429,3.439,fuel,USA,USD,MapUp,Loves,,,,,,,,,y,,,y,,,,,,y,,,,,,,,,,,,,,,,,,,,,,,,,y,y,,,,,,y,,,,,,,y,,,,,y,y,,,,,,,,,,,,y,,,,,,,,,,109,,,,,,,,,,,,,,,,,,,,y,y,,,,,,,y,,,,,,,,
2209,Greenwood,9600 Highway 80 W,Greenwood,LA,71033,32.444532,-93.983016,2.699,3.149,3.549,3.469,fuel,USA,USD,MapUp,Loves,,,,,,,,,y,,,y,,,,,,y,,,,,,,,,,,,,,,,,y,,,,,,,y,y,y,,,,,,y,,,,,,,y,,,,,,y,,,,,,,,,,,,y,,,,,,,,,,170,,,,,,,,,,,,,,,,,,,,y,y,,,,,,,y,,,,,,,,
2615,Carthage,975 E Sabine St,Carthage,TX,75633,32.161085,-94.319046,2.779,3.229,3.579,3.429,fuel,USA,USD,MapUp,Loves,,,,,,,,,y,,,,,,,,,y,,,,,,,,,,,,,,,,,,,,,,,,y,y,y,,,,,,y,,,,,,,y,,,,,y,y,,,,,,,,,,,,y,,,,,,,,,,59,,,,,,,,,,,,,,,,,,,,y,y,,,,,,,y,,,,,,,,
2457,Little Rock,11700 I-30,Little Rock,AR,72210,34.657214,-92.413231,2.639,3.089,3.439,,fuel,USA,USD,MapUp,Loves,,,,,,,,,,y,y,y,,,y,,,y,,y,,,,,,,,,,,,,,,,,,,,y,,y,y,y,,,,,,y,,,,,,,,,,,,y,,,,,,,,,,,,,y,,,,,,,,,,70,,,,,,,,,,,,,,,,,,,y,y,y,,,,,,,y,,,,,y,,,
2837,Cameron,1601 E Evergreen St,Cameron,MO,64429,39.732108,-94.218446,2.879,3.279,3.579,3.749,fuel,USA,USD,MapUp,Loves,,,,,,,,,y,y,y,y,,,y,,y,y,,y,,,,,,,,,,,,,,,,,,,,y,,y,y,y,,,,y,,y,,,,,,,y,,,,,y,y,,,,,,,,,,,,y,,,,,,,,,,120,,,,,,,,,,,,,,,,,,,y,y,y,,,,,,,y,,,,,y,,,
2676,Syracuse,188 N 30th Rd,Syracuse,NE,68446,40.673424,-96.178653,2.799,3.149,3.449,3.589,fuel,USA,USD,MapUp,Loves,,,,,,,,,y,,,y,,,,,,y,,,,,,,,,,,,,,,,,y,,,,,,,y,y,,,,,,,y,,,,,,,y,,,,,y,,,,,,,,,,,,,y,,,,,,,,,,68,,,,,,,,,,,,,,,,,,,,y,y,,,,,,,y,,,,,,,,
2285,Santa Rosa - SRI,1028 State Highway 156,Santa Rosa,NM,88435,34.946713,-104.637716,2.899,3.349,3.649,3.829,fuel,USA,USD,MapUp,Loves,,,,,,,,,y,,y,y,,,,,,y,,,,,,,,,,,,,,,,,,,,,,,,y,y,,,,,y,,y,,,,,,,,,,,,,,y,,,,,,,,,,,y,,,,,,,,,,110,,,,,,,,,,,,,,,,,,,y,y,y,,,,,,,,,,,,,,,
2375,Hearne,1423 N Market St,Hearne,TX,77859,30.895404,-96.60271,2.599,3.049,3.399,3.589,fuel,USA,USD,MapUp,Loves,,,,,,,,,,y,y,y,,,,,,y,,,,,,,,,,,,,,,,,y,,,,,y,,y,y,y,,,,,,y,,,,,,,y,,,,,y,y,,,,,,,,,,,,y,,,,,,,,,,70,,,,,,,,,,,,,,,,,,,y,y,y,,,,,,,y,,,,,y,,,
2760,Eunice,16 Andrews Hwy,Eunice,NM,88231,32.434398,-103.121134,3.459,3.909,4.209,3.789,fuel,USA,USD,MapUp,Loves,,,,,,,,,y,,,y,,,,,,y,,,,,,,,,,,,,,,,,,,,,,,,y,y,,,,,,,y,,,,,,,,,,,,y,y,,,,,,,,,,,,y,,,,,,,,,,83,,,,,,,,,,,,,,,,,,,,y,y,,,,,,,y,,,,,,,,
2339,Odessa,1901 W. I-20,Odessa,TX,79766,31.817324,-102.380801,2.799,3.249,3.599,3.449,fuel,USA,USD,MapUp,Loves,,,,,,,,,y,y,y,y,,,,,,y,,,,,,,,,,,,,,,,,,,,,,y,,y,y,y,,,,,,y,,,,,,,,,,,,,,,,,,,,,,,,,y,,,,,,,,,,152,,,,,,,,,,,,,,,,,,,y,y,y,,,,,,,y,,,,,y,,,
2236,N. Little Rock,11801 I-40 Fwy,N Little Rock,AR,72117,34.786217,-92.125573,2.799,3.249,3.599,,fuel,USA,USD,MapUp,Loves,,,,,,,,,,,,y,,,,,,y,,y,,,,,,,,,,,,,,,,,,,,,,y,y,,,,,,,y,,,,,,,y,,,,,,y,,,,,,,,,,,,y,,,,,,,,,,68,,,,,,,,,,,,,,,,,,,,y,y,,,,,,,y,,,,,,,,
2783,Willow Springs,1310 East Main Street,Willow Springs,MO,65793,36.975173,-91.940557,2.729,3.129,3.429,3.449,fuel,USA,USD,MapUp,Loves,,,,,,,,,y,,,y,,,,,,y,,,,,,,,,,,,,,,,,,,,,,,,y,y,,,,,,,y,,,,,,,y,,,,,y,y,,,,,,,,,,,,y,,,,,,,,,,55,,,,,,,,,,,,,,,,,,,,y,y,,,,,,,y,,,,,,,,
2289,Minden,13510 Industrial Drive,Minden,LA,71055,32.581978,-93.248804,2.579,3.029,3.429,3.469,fuel,USA,USD,MapUp,Loves,,,,,,,,,y,y,y,y,,,,,,y,,,,,,,,,,,,,,,,,y,,,,,y,,y,y,y,,,,,,y,,,,,,,y,,,,,y,y,,,,,,,,,,,,y,,,,,,,,,,66,,,,,,,,,,,,,,,,,,,y,y,y,,,,,,,y,,,,,y,,,
2709,Lufkin - 709,5614 Hwy 59 N,Lufkin,TX,75901,31.411151,-94.718641,2.659,3.109,3.459,3.789,fuel,USA,USD,MapUp,Loves,,,,,,,,,y,y,y,y,,,,,,y,,,,,,,,,,,,,,,,,,,,,,y,,y,y,y,,,,,,y,,,,,,,y,,,,,y,y,,,,,,,,,,,,y,,,,,,,,,,94,,,,,,,,,,,,,,,,,,,y,y,y,,,,,,,y,,,,,y,,,
2660,Walsenburg,99800 Interstate 25,Walsenburg,CO,81089,37.616621,-104.75598,2.949,3.399,3.699,3.289,fuel,USA,USD,MapUp,Loves,,,,,,,,,,,,y,,,,,,y,,,,,,,,,,,,,,,,,,,,,,,,y,y,y,,,,,,y,,,,,,,y,,,,,y,y,,,,,,,,,,,y,y,,,,,,,,,,46,,,,,,,,,,,,,,,,,,,,y,y,,,,,,,y,,,,,,,,
2347,Boonville,2501 W. Ashley Rd.,Boonville,MO,65233,38.933867,-92.77955,2.859,3.259,3.559,3.689,fuel,USA,USD,MapUp,Loves,,,,,,,,,y,y,y,y,,,y,,,y,,,,,,,,,,,,,,,,,,,,,,y,,y,y,,,,,,,y,,,,,,,y,,,,,,y,,,,,,,,,,,,y,,,,,,,,,,102,,,,,,,,,,,,,,,,,,,y,y,y,,,,,,,y,,,,,y,,,
2290,Lufkin,1003 S. Medford Dr.,Lufkin,TX,75901,31.328488,-94.689716,2.659,3.109,3.459,3.789,fuel,USA,USD,MapUp,Loves,,,,,,,,,y,,,y,,,,,,y,,,,,,,,,,,,,,,,,,,,,,,,y,y,,,,,,,y,,,,,,,y,,,,,,,,,,,,,,,,,,y,,,,,,,,,,21,,,,,,,,,,,,,,,,,,,,y,y,,,,,,,y,,,,,,,,
2557,Searcy,2505 Queensway St.,Searcy,AR,72143,35.219061,-91.716082,2.579,3.029,3.379,,fuel,USA,USD,MapUp,Loves,,,,,,,,,y,y,y,y,,,y,,,y,,,,,,,,,,,,,,,,,y,,,,,y,,y,y,y,,,,y,,y,,,,,,,y,,,,,y,,,,,,,,,,,,,y,,,,,,,,,,81,,,,,,,,,,,,,,,,,,,y,y,y,,,,,,,y,,,,,y,,,
2858,Mansfield,1940 Hwy 84,Mansfield,LA,71052,32.063591,-93.567675,2.749,3.199,3.599,3.589,fuel,USA,USD,MapUp,Loves,,,,,,,,,y,,,y,,,,,,y,,,,,,,,,,,,,,,,,y,,,,,,,y,y,y,,,,,,y,,,,,,,y,,,,,,y,,,,,,,,,,,y,y,,,,,,,,,,67,,,,,,,,,,,,,,,,,,,,y,y,,,,,,,y,,,,,,,,
2733,Las Vegas - 733,2401 N Grand Ave,Las Vegas,NM,87701,35.619888,-105.207946,2.929,3.379,3.679,3.749,fuel,USA,USD,MapUp,Loves,,,,,,,,,y,,,y,,,,,,,,,,,,,,,,,,,,,,,,,,,,,,y,y,,,,,,,y,,,,,,,,,,,,y,y,,,,,,,,,,,,y,,,,,,,,,,57,,,,,,,,,,,,,,,,,,,,y,y,,,,,,,,,,,,,,,
2853,Kermit,674 E State Hwy 302,Kermit,TX,79745,31.8525,-103.069832,3.299,3.749,4.099,3.589,fuel,USA,USD,MapUp,Loves,,,,,,,,,y,,,y,,,,,,y,,,,,,,,,,,,,,,,,,,,,,,,y,y,,,,,,,y,,,,,,,,,,,,y,y,,,,,,,,,,,,y,,,,,,,,,,77,,,,,,,,,,,,,,,,,,,,y,y,,,,,,,,,,,,,,,
2226,Pueblo,6470 N. Elizabeth St,Pueblo,CO,81008,38.34223,-104.622979,2.959,3.409,3.709,3.589,fuel,USA,USD,MapUp,Loves,,,,,,,,,,y,y,y,,,y,,,y,,y,,,,,,,,,,,,,,,,,,,,y,,y,y,y,,,,,,y,,,,,,,y,,,,,,,,,,,,,,,,,,y,,,,,,,,,,70,,,,,,,,,,,,,,,,,,,y,y,y,,,,,,,y,,,,,y,,,
2390,North Platte,3211 S Newberry Rd,North Platte,NE,69101,41.10262,-100.72389,2.899,3.249,3.549,3.889,fuel,USA,USD,MapUp,Loves,,,,,,,,,y,y,y,y,,,y,,,y,,,,,,,,,,,,,,,,,y,,,,,y,,y,y,y,,,,,,y,,,,,,,y,,,,,y,y,,,,,,,,,,,,y,,,,,,,,,,80,,,,,,,,,,,,,,,,,,,y,y,y,,,,,,,y,,,,,y,,,
2700,Sonora,3880 Loop 467,Sonora,TX,76950,30.571142,-100.585636,2.859,3.309,3.659,3.899,fuel,USA,USD,MapUp,Loves,,,,,,,,,y,y,y,y,,,,,y,y,,,,,,,,,,,,,,,,,,,,,,y,,y,y,y,,,,,,y,,,,,,,y,,,,,,y,,,,,,,,,,,,y,,,,,,,,,,71,,,,,,,,,,,,,,,,,,,y,y,y,,,,,,,y,,,,,y,,,
2661,Pine Bluff,4800 Highway 65 S,Pine Bluff,AR,71601,34.193597,-91.920618,2.639,3.089,3.439,,fuel,USA,USD,MapUp,Loves,,,,,,,,,,,,y,,,,,,y,,,,,,,,,,,,,,,,,,,,,,,,y,y,,,,,,,y,,,,,,,,,,,,y,,,,,,,,,,,,,y,,,,,,,,,,77,,,,,,,,,,,,,,,,,,,,y,y,,,,,,,y,,,,,,,,
2704,Mills County-Pacific Jct,57964 188th St,Pacific Junction,IA,51561,41.046186,-95.827015,2.999,3.449,3.799,,fuel,USA,USD,MapUp,Loves,,,,,,,,,y,,,y,,,,,,y,,,,,,,,,,,,,,,,,,,,,,,,y,y,y,,,,,,y,,,,,,,y,,,,,y,,,,,,,,,,,,,y,,,,,,,,,,80,,,,,,,,,,,,,,,,,,,,y,y,,,,,,,y,,,,,,,,
2730,Papillion- Omaha,14375 Cornhusker Rd,Omaha,NE,68138,41.157471,-96.13697,2.899,3.249,3.549,3.689,fuel,USA,USD,MapUp,Loves,,,,,,,,,,y,y,y,,,y,,y,y,,y,,,,,,,,,,,,,,,y,,,,,,,y,y,y,,,,,,y,,,,,,,y,,,,,,y,,,,,,,,,,,,y,,,,,,,,,,97,,,,,,,,,,,,,,,,,,,y,y,y,,,,,,,y,,,,,y,,,
2759,Hazen,3404 Highway 63 N,Hazen,AR,72064,34.815314,-91.567393,2.779,3.229,3.579,,fuel,USA,USD,MapUp,Loves,,,,,,,,,y,y,y,y,,,y,,y,y,,,,,,,,,,,,,,,,,,,,,,y,,y,y,y,,,,y,,y,,,,,,,y,,,,,y,y,,,,,,,,,,,,y,y,,,,,,,,,132,,,,,,,,,,,,,,,,,,,y,y,y,,,,,,,y,,,,,y,,,
2784,Schuyler,979 Road E,Schuyler,NE,68661,41.451618,-97.084221,2.799,3.149,3.449,3.589,fuel,USA,USD,MapUp,Loves,,,,,,,,,y,,,y,,,,,,y,,,,,,,,,,,,,,,,,,,,,,,,y,y,,,,,,,y,,,,,,,y,,,,,y,y,,,,,,,,,,,,y,,,,,,,,,,80,,,,,,,,,,,,,,,,,,,,y,y,,,,,,,y,,,,,,,,
2631,Valley,26120 E Meigs St,Valley,NE,68064,41.312512,-96.324373,2.999,3.349,3.649,3.689,fuel,USA,USD,MapUp,Loves,,,,,,,,,y,,,y,,,,,,y,,y,,,,,,,,,,,,,,,y,,,,,,,y,y,y,,,,,,y,,,,,,,,,,,,y,,,,,,,,,,,,,y,,,,,,,,,,67,,,,,,,,,,,,,,,,,,,,y,y,,,,,,,y,,,,,,,,
2341,Rolla - SRI,3500 Hy Point Ind. Park Dr.,Rolla,MO,65401,37.981593,-91.71933,2.899,3.299,3.599,3.589,fuel,USA,USD,MapUp,Loves,,,,,,,,,y,y,y,y,,,y,,,y,,,,,,,,,,,,,,,,,,,,,,y,,y,y,y,,,,,,y,,,,,,,y,,,,,,y,,,,,,,,,,,,y,,,,,,,,,,89,,,,,,,,,,,,,,,,,,,y,y,y,,,,,,,y,,,,,y,,,
2500,Eagleville,21022 State Highway N,Eagleville,MO,64442,40.466248,-93.978658,2.799,3.199,3.499,3.849,fuel,USA,USD,MapUp,Loves,,,,,,,,,y,y,y,y,,,y,,,y,,,,,,,,,,,,,,,,,,,,,,y,,y,y,y,,,,,,y,,,,,,,,,,,,y,,,,,,,,,,,,,y,,,,,,,,,,50,,,,,,,,,,,,,,,,,,,y,y,y,,,,,,,y,,,,,y,,,
2464,Comfort,43 US Highway 87,Comfort,TX,78013,29.98203,-98.903241,2.899,3.349,3.699,3.549,fuel,USA,USD,MapUp,Loves,,,,,,,,,,y,y,y,,,,,,y,,y,,,,,,,,,,,,,,,y,,,,,y,,y,y,y,,,,,,y,,,,,,,y,,,,,,y,,,,,,,,,,,,y,,,,,,,,,,60,,,,,,,,,,,,,,,,,,,y,y,y,,,,,,,y,,,,,y,,,
2468,Willis,9600 Longstreet Rd,Willis,TX,77318,30.437241,-95.497461,2.599,3.049,3.399,3.549,fuel,USA,USD,MapUp,Loves,,,,,,,,,y,y,y,y,,,,,,y,,y,,,,,,,,,,,,,,,,,,,,y,,y,y,y,,y,,,,y,,,,,,,y,y,,,,,,,,,,,,,,,,,y,,,,,,,,,,80,,,,,,,,,,,,,,,,,,,y,y,y,,,,,,,y,,,,,y,,,
2873,Canon City,690 Doc Holliday Dr,Canon City,CO,81212,38.449826,-105.15618,2.629,3.079,3.379,3.489,fuel,USA,USD,MapUp,Loves,,,,,,,,,y,,,y,,,,,,y,,,,,,,,,,,,,,,,,,,,,,,,,y,y,,,,,,y,,,,,,,y,,,,,y,y,,,,,,,,,,,y,y,,,,,,,,,,54,,,,,,,,,,,,,,,,,,,,y,y,,,,,,,y,,,,,,,,
2649,Brush,1015 Hospital Rd,Brush,CO,80723,40.2661,-103.6394,3.059,3.509,3.809,3.849,fuel,USA,USD,MapUp,Loves,,,,,,,,,y,,,y,,,,,,y,,,,,,,,,,,,,,,,,,,,,,,,y,y,y,,,,,,y,,,,,,,y,,,,,,y,,,,,,,,,,,,y,,,,,,,,,,100,,,,,,,,,,,,,,,,,,,,y,y,,,,,,,y,,,,,,,,
2621,Bevier,1402 State Highway O,Bevier,MO,63532,39.762037,-92.563654,2.849,3.249,3.549,3.499,fuel,USA,USD,MapUp,Loves,,,,,,,,,y,y,y,y,,,y,,,y,,,,,,,,,,,,,,,,,,,,,,y,,y,y,y,,,,,,y,,,,,,,y,,,,,y,,,,,,,,,,,,,y,,,,,,,,,,75,,,,,,,,,,,,,,,,,,,y,y,y,,,,,,,y,,,,,y,,,
2426,Shelby,10 East Street,Shelby,IA,51570,41.496978,-95.451919,2.899,3.349,3.699,,fuel,USA,USD,MapUp,Loves,,,,,,,,,y,y,y,y,,,y,,,y,,,,,,,,,,,,,,,,,,,,,,y,,y,y,y,,,,,,y,,,,,,,y,,,,,,,,,,,,,,,,,,y,,,,,,,,,,98,,,,,,,,,,,,,,,,,,,y,y,y,,,,,,,y,,,,,y,,,
2492,Pecos,5202 South Cedar St.,Pecos,TX,79772,31.399839,-103.479374,2.859,3.309,3.659,3.549,fuel,USA,USD,MapUp,Loves,,,,,,,,,y,y,y,y,,,,,,y,,,,,,,,,,,,,,,,,,,,,,y,,y,y,y,,,,,,y,,,,,,,y,,,,,y,,,,,,,,,,,,,y,,,,,,,,,,120,,,,,,,,,,,,,,,,,,,y,y,y,,,,,,,y,,,,,y,,,
2233,Waller,30710 FM 2920 Rd,Waller,TX,77484,30.064458,-95.905556,2.559,3.009,3.359,3.789,fuel,USA,USD,MapUp,Loves,,,,,,,,,y,,,y,,,,,,y,,,,,,,,,,,,,,,,,,,,,,,,y,y,y,,,,,,,,,,,,,,,,,,,,,,,,,,,,,,,y,,,,,,,,,,,,,,,,,,,,,,,,,,,,,,y,y,,,,,,,y,,,,,,,,
2293,Cleveland,107 FM 2025 Rd,Cleveland,TX,77328,30.354701,-95.09128,2.509,2.959,3.309,3.469,fuel,USA,USD,MapUp,Loves,,,,,,,,,,y,y,y,,,,,,y,,y,,,,,,,,,,,,,,,,,,,,y,,y,y,y,,,,,,y,,,,,,,,,,,,,y,,,,,,,,,,,,y,,,,,,,,,,88,,,,,,,,,,,,,,,,,,,y,y,y,,,,,,,y,,,,,y,,,
2300,Bennett,1191 S. 1st Street,Bennett,CO,80102,39.741216,-104.434745,2.859,3.309,3.609,3.289,fuel,USA,USD,MapUp,Loves,,,,,,,,,,y,y,y,,,y,,,y,,y,,,,,,,,,,,,,,,,,,,,y,,y,y,y,,,,,,y,,,,,,,y,,,,,y,y,,,,,,,,,,,,y,,,,,,,,,,200,,,,,,,,,,,,,,,,,,,y,y,y,,,,,,,y,,,,,y,,,
2542,Fort Stockton,2723 East US Highway 290,Fort Stockton,TX,79735,30.893377,-102.852146,3.099,3.549,3.899,3.949,fuel,USA,USD,MapUp,Loves,,,,,,,,,y,y,y,y,,,,,,y,,,,,,,,,,,,,,,,,,,,,,y,,y,y,y,,,,,,y,,,,,,,,,,,,,,,,,,,,,,,,,y,,,,,,,,,,72,,,,,,,,,,,,,,,,,,,y,y,y,,,,,,,y,,,,,y,,,
2275,Palestine,1010 N Main St,Palestine,AR,72372,34.986489,-90.905235,2.779,3.229,3.579,,fuel,USA,USD,MapUp,Loves,,,,,,,,,y,y,y,y,,,y,,y,y,,,,,,,,,,,,,,,,,,,,,,y,,y,y,,,,,,,y,,,,,,,,,,,,,,,,,,,,,,,,,y,,,,,,,,,,90,,,,,,,,,,,,,,,,,,,y,y,y,,,,,,,y,,,,,y,,,
2680,Norfolk,1300 Monroe Ave,Norfolk,NE,68701,42.011302,-97.427622,2.849,3.199,3.499,3.519,fuel,USA,USD,MapUp,Loves,,,,,,,,,y,,,y,,,,,,y,,,,,,,,,,,,,,,,,y,,,,,,,y,y,y,,,,,,y,,,,,,,y,,,,,,,,,,,,,,,,,,y,,,,,,,,,,87,,,,,,,,,,,,,,,,,,,,y,y,,,,,,,y,,,,,,,,
2264,Luling -SRI,190 US Highway 90,Luling,TX,78648,29.653691,-97.592282,2.599,3.049,3.399,3.689,fuel,USA,USD,MapUp,Loves,,,,,,,,,,,,y,,,,,,y,,,,,,,,,,,,,,,,,,,,,,,,y,y,,,,,,,y,,,,,,,y,,,,,,y,,,,,,,,,,,,y,,,,,,,,,,10,,,,,,,,,,,,,,,,,,,,y,y,,,,,,,,,,,,,,,
2463,Seguin,3158 I-10 W,Seguin,TX,78155,29.561981,-98.034281,2.919,3.369,3.719,3.559,fuel,USA,USD,MapUp,Loves,,,,,,,,,,y,y,y,,,,,,y,,,,,,,,,,,,,,,,,,,,,,y,,y,y,y,,,,,,y,,,,,,,y,,,,,y,y,,,,,,,,,,,,y,,,,,,,,,,61,,,,,,,,,,,,,,,,,,,y,y,y,,,,,,,y,,,,,y,,,
2806,Monroe,335 Hwy 594,Monroe,LA,71203,32.493193,-91.991387,2.699,3.149,3.549,3.489,fuel,USA,USD,MapUp,Loves,,,,,,,,,y,y,y,y,,,,,y,y,,,,,,,,,,,,,,,,,,,,,,y,,y,y,y,,,,,,y,,,,,,,y,,,,,,y,,,,,,,,,,,,y,,,,,,,,,,75,,,,,,,,,,,,,,,,,,,y,y,y,,,,,,,y,,,,,y,,,
2484,"Weimar, TX",900 S Eagle Street,Weimar,TX,78962,29.69051,-96.77705,2.759,3.209,3.559,3.749,fuel,USA,USD,MapUp,Loves,,,,,,,,,y,y,y,y,,,,,,y,,,,,,,,,,,,,,,,,,,,,,y,,y,y,y,,,,,,y,,,,,,,y,,,,,,,,,,,,,,,,,,y,,,,,,,,,,89,,,,,,,,,,,,,,,,,,,y,y,y,,,,,,,y,,,,,y,,,
2607,Jonesboro,5101 East Parker Rd,Jonesboro,AR,72404,35.803403,-90.635167,2.869,3.319,3.669,,fuel,USA,USD,MapUp,Loves,,,,,,,,,y,,,y,,,,,,y,,,,,,,,,,,,,,,,,,,,,,,,y,y,y,,,,,,y,,,,,,,,,,,,,,,,,,,,,,,,,y,,,,,,,,,,77,,,,,,,,,,,,,,,,,,,,y,y,,,,,,,y,,,,,,,,
2788,New Florence,482 Tree Farm Rd,New Florence,MO,63363,38.898122,-91.453613,2.899,3.299,3.599,3.489,fuel,USA,USD,MapUp,Loves,,,,,,,,,y,y,y,y,,,y,,y,y,,,,,,,,,,,,,,,,,,,,,,y,,y,y,y,,,,,,y,,,,,,,y,,,,,,y,,,,,,,,,,,,y,,,,,,,,,,89,,,,,,,,,,,,,,,,,,,y,y,y,,,,,,,y,,,,,y,,,
2625,Sidney,645 Chase Blvd,Sidney,NE,69162,41.109221,-102.950521,2.959,3.309,3.609,3.589,fuel,USA,USD,MapUp,Loves,,,,,,,,,y,y,y,y,,,y,,,y,,,,,,,,,,,,,,,,,y,,,,,y,,y,y,y,,,,,,y,,,,,,,y,,,,,y,,,,,,,,,,,,,y,,,,,,,,,,88,,,,,,,,,,,,,,,,,,,y,y,y,,,,,,,y,,,,,y,,,
2689,Lake Village,294 Hwy 65/82,Lake Village,AR,71653,33.329947,-91.293189,2.999,3.449,3.799,3.589,fuel,USA,USD,MapUp,Loves,,,,,,,,,y,,,y,,,,,,y,,,,,,,,,,,,,,,,,,,,,,,,y,y,,,,,,,y,,,,,,,,,,,,y,,,,,,,,,,,,,y,,,,,,,,,,52,,,,,,,,,,,,,,,,,,,,y,y,,,,,,,y,,,,,,,,
2234,Katy,612 Pederson Rd.,Katy,TX,77494,29.779813,-95.881907,2.789,3.239,3.589,3.829,fuel,USA,USD,MapUp,Loves,,,,,,,,,y,y,y,y,,,,,,y,,y,,,,,,,,,,,,,,,,,,,,y,,y,y,,,y,,,,y,,,,,,,,y,,,,,y,,,,,,,,,,,,y,,,,,,,,,,,,,,,,,,,,,,,,,,,,,y,y,y,,,,,,,y,,,,,y,,,
2377,Hudson,201 East Bison Hwy,Hudson,CO,80642,40.077008,-104.649147,3.049,3.499,3.799,3.579,fuel,USA,USD,MapUp,Loves,,,,,,,,,y,y,y,y,,,y,,,y,,y,,,,,,,,,,,,,,,,,,,,y,,y,y,y,,,,,,y,,,,,,,y,,,,,y,,,,,,,,,,,,,y,,,,,,,,,,80,,,,,,,,,,,,,,,,,,,y,y,y,,y,,,,,y,,,,,y,,,
2242,San Antonio,11361 S. I-35,San Antonio,TX,78073,29.31101,-98.617826,2.859,3.309,3.659,3.549,fuel,USA,USD,MapUp,Loves,,,,,,,,,y,y,y,y,,,,,,y,,y,,,,,,,,,,,,,,,,,,,,y,,y,y,y,,y,,,,y,,,,,,,y,y,,,,,,,,,,,,,,,,,y,,,,,,,,,,91,,,,,,,,,,,,,,,,,,,y,y,y,,,,,,,y,,,,,y,,,
2419,Houston - Patton Street,210 Patton St.,Houston,TX,77009,29.797437,-95.369817,2.549,2.999,3.349,3.549,fuel,USA,USD,MapUp,Loves,,,,,,,,,,y,y,y,,,,,,,,,,,,,,,,,,,,,,,y,,,,,y,,y,y,,,,,,,,,,,,,,,,,,,,y,,,,,,,,,,,,y,,,,,,,,,,,,,,,,,,,,,,,,,,,,,y,y,y,,,,,,,y,,,,,y,,,
2315,Houston - 610 Loop,3940 N McCarty St,Houston,TX,77013,29.798591,-95.269023,2.549,2.999,3.349,3.549,fuel,USA,USD,MapUp,Loves,,,,,,,,,y,,y,y,,,,,,y,,,,,,,,,,,,,,,,,,,,,,y,,y,y,,,y,,,,y,,,,,,,,y,,,,,,,,,,,,,,,,,y,,,,,,,,,,,,,,,,,,,,,,,,,,,,,y,y,y,,,,,,,y,,,,,y,,,
2720,Boyce,7046 Highway 1,Boyce,LA,71409,31.360802,-92.588578,2.799,3.249,3.649,3.589,fuel,USA,USD,MapUp,Loves,,,,,,,,,y,y,y,y,,,,,,y,,,,,,,,,,,,,,,,,,,,,,,,y,y,y,,,,,,y,,,,,,,y,,,,,y,y,,,,,,,,,,,,y,,,,,,,,,,126,,,,,,,,,,,,,,,,,,,y,y,y,,,,,,,y,,,,,y,,,
2471,Natalia,21548 FM 471 S,Natalia,TX,78059,29.184841,-98.846451,2.739,3.189,3.539,3.549,fuel,USA,USD,MapUp,Loves,,,,,,,,,,y,y,y,,,,,,y,,,,,,,,,,,,,,,,,y,,,,,y,,y,y,y,,,,,,y,,,,,,,y,,,,,y,y,,,,,,,,,,,,y,,,,,,,,,,88,,,,,,,,,,,,,,,,,,,y,y,y,,,,,,,y,,,,,y,,,
2401,Baytown,1703 I-10,Baytown,TX,77521,29.797963,-95.032623,2.549,2.999,3.349,3.589,fuel,USA,USD,MapUp,Loves,,,,,,,,,,,,y,,,,,,y,,y,,,,,,,,,,,,,,,,,,,,,,y,y,,,,,,,y,,,,,,,,,,,,,y,,,,,,,,,,,,y,,,,,,,,,,160,,,,,,,,,,,,,,,,,,,,y,y,,,,,,,y,,,,,,,,
2669,New London,17550 Highway 19,New London,MO,63459,39.573995,-91.402271,2.899,3.299,3.599,3.449,fuel,USA,USD,MapUp,Loves,,,,,,,,,y,y,y,y,,,y,,,y,,,,,,,,,,,,,,,,,,,,,,y,,y,y,y,,,,,,y,,,,,,,y,,,,,y,,,,,,,,,,,,,y,,,,,,,,,,119,,,,,,,,,,,,,,,,,,,y,y,y,,,,,,,y,,,,,y,,,
2968,Fredericktown,1500 Highway 72 W,Fredericktown,MO,63645,37.567205,-90.323053,2.799,3.199,3.499,3.489,fuel,USA,USD,MapUp,Loves,,,,,,,,,y,,,y,,,,,,,,,,,,,,,,,,,,,,,,,,,,,,y,y,y,,,,y,,y,,,,,,,,,,,,,y,,,,,,,,,,,,y,,,,,,,,,,63,,,,,,,,,,,,,,,,,,,,y,y,,,,,,,y,,,,,,,,
2481,Deer Park,7005 Highway 225,Deer Park,TX,77536,29.706999,-95.092708,2.549,2.999,3.349,3.589,fuel,USA,USD,MapUp,Loves,,,,,,,,,,,y,y,,,,,,y,,y,,,,,,,,,,,,,,,y,,,,,y,,y,y,y,,,,,,y,,,,,,,,,,,,,,,,,,,,,,,,,y,,,,,,,,,,70,,,,,,,,,,,,,,,,,,,y,y,y,,,,,,,y,,,,,y,,,
2617,Hungerford,350 E Walnut Street,Hungerford,TX,77448,29.392371,-96.076852,2.679,3.129,3.479,3.849,fuel,USA,USD,MapUp,Loves,,,,,,,,,y,y,y,y,,,,,,y,,,,,,,,,,,,,,,,,y,,,,,y,,y,y,y,,,,,,y,,,,,,,,,,,,,,,,,,,,,,,,,y,,,,,,,,,,83,,,,,,,,,,,,,,,,,,,y,y,y,,,,,,,y,,,,,y,,,
2210,Albuquerque,2200 6th St NW,Albuquerque,NM,87102,35.107254,-106.648875,2.999,3.449,3.749,3.689,fuel,USA,USD,MapUp,Loves,,,,,,,,,,,,y,,,,,,y,,,,,,,,,,,,,,,,,,,,,,,,y,,,,,,,,y,,,,,,,,,,,,,,,,,,,,,,,,,y,,,,,,,,,,3,,,,,,,,,,,,,,,,,,,,y,y,,,,,,,,,,,,,,,
2479,Sioux City,2525 Singing Hills Blvd,Sioux City,IA,51111,42.434652,-96.379902,2.799,3.249,3.599,,fuel,USA,USD,MapUp,Loves,,,,,,,,,,,,y,,,,,,y,,,,,,,,,,,,,,,,,,,,,,,,y,y,y,,,,,,y,,,,,,,,,,,,,,,,,,,,,,,,,y,,,,,,,,,,58,,,,,,,,,,,,,,,,,,,,y,y,,,,,,,y,,,,,,,,
2450,West Memphis,800 Martin Luther King Dr.,West Memphis,AR,72301,35.153922,-90.138293,2.749,3.199,3.549,,fuel,USA,USD,MapUp,Loves,,,,,,,,,,,,y,,,,,,y,,y,,,,,,,,,,,,,,,,,,,,,,y,y,,,y,,,,y,,,,,,,,y,,,,,y,,,,,,,,,,,,y,y,,,,,,,,,96,,,,,,,,,,,,,,,,,,,,y,y,,,,,,,y,,,,,,,,
2411,Des Moines,11820 Hickman Road,Clive,IA,50325,41.613365,-93.780718,2.899,3.349,3.699,,fuel,USA,USD,MapUp,Loves,,,,,,,,,,,,y,,,,,,y,,,,,,,,,,,,,,,,,,,,,,,,y,y,y,,,,,,y,,,,,,,,,,,,y,y,,,,,,,,,,,,y,,,,,,,,,,275,,,,,,,,,,,,,,,,,,,,y,y,,,,,,,y,,,,,,,,
2696,Beaumont,7495 Smith Rd,Beaumont,TX,77713,29.989271,-94.211571,2.699,3.149,3.499,3.589,fuel,USA,USD,MapUp,Loves,,,,,,,,,y,y,y,y,,,,,y,y,,,,,,,,,,,,,,,,,,,,,,y,,y,y,y,,,,,,y,,,,,,,y,,,,,y,y,,,,,,,,,,,,y,,,,,,,,,,115,,,,,,,,,,,,,,,,,,,y,y,y,,,,,,,y,,,,,y,,,
2668,Berthoud,3800 E State Highway 56,Berthoud,CO,80513,40.305165,-104.984229,2.999,3.449,3.749,3.589,fuel,USA,USD,MapUp,Loves,,,,,,,,,y,y,y,y,,,y,,,y,,y,,,,,,,,,,,,,,,,,,,,y,,y,y,y,,,,,,y,,,,,,,y,,,,,y,y,,,,,,,,,,,,y,,,,,,,,,,89,,,,,,,,,,,,,,,,,,,y,y,y,,,,,,,y,,,,,y,,,
2559,Indianola,1212 Highway 82 E,Indianola,MS,38751,33.457669,-90.630626,2.639,3.089,3.439,3.499,fuel,USA,USD,MapUp,Loves,,,,,,,,,y,y,y,y,,,y,,,y,,,,,,,,,,,,,,,,,,,,,,y,,y,y,,,,,,,y,,,,,,,,,,,,y,,,,,,,,,,,,,y,,,,,,,,,,62,,,,,,,,,,,,,,,,,,,y,y,y,,,,,,,y,,,,,y,,,
2887,Herculaneum,1199 McNutt St,Herculaneum,MO,63048,38.256049,-90.404493,2.999,3.399,3.699,3.489,fuel,USA,USD,MapUp,Loves,,,,,,,,,y,,,y,,,,,,y,,,,,,,,,,,,,,,,,,,,,,,,,y,y,,,,,,y,,,,,,,y,,,,,y,y,,,,,,,,,,,,y,,,,,,,,,,80,,,,,,,,,,,,,,,,,,,,y,y,,,,,,,y,,,,,,,,
2614,Albuquerque,12605 Central Ave NW,Albuquerque,NM,87121,35.063504,-106.786034,2.959,3.409,3.709,3.689,fuel,USA,USD,MapUp,Loves,,,,,,,,,y,y,y,y,,,y,,,y,,,,,,,,,,,,,,,,,,,,,,y,,y,y,y,,y,,,,y,,,,,,,y,y,,,,,,,,,,,,,,,,,y,,,,,,,,,,65,,,,,,,,,,,,,,,,,,,y,y,y,,,,,,,y,,,,,y,,,
2671,Blytheville,3910 South Division Street,Blytheville,AR,72315,35.884827,-89.918152,2.739,3.189,3.539,,fuel,USA,USD,MapUp,Loves,,,,,,,,,y,y,y,y,,,y,,,y,,,,,,,,,,,,,,,,,,,,,,y,,y,y,y,,,,,,y,,,,,,,y,,,,,y,,,,,,,,,,,,,y,,,,,,,,,,94,,,,,,,,,,,,,,,,,,,y,y,y,,,,,,,y,,,,,y,,,
2488,Bloomsdale,8349 Enterprise Dr.,Bloomsdale,MO,63627,38.00577,-90.22576,2.799,3.199,3.499,3.589,fuel,USA,USD,MapUp,Loves,,,,,,,,,y,y,y,y,,,y,,,y,,y,,,,,,,,,,,,,,,,,,,,y,,y,y,y,,,,,,y,,,,,,,y,,,,,y,,,,,,,,,,,,,y,,,,,,,,,,70,,,,,,,,,,,,,,,,,,,y,y,y,,,,,,,y,,,,,y,,,
2237,Tallulah,227 Highway 65 S,Tallulah,LA,71282,32.387821,-91.197692,2.899,3.349,3.749,4.229,fuel,USA,USD,MapUp,Loves,,,,,,,,,y,y,y,y,,,,,,y,,,,,,,,,,,,,,,,,y,,,,,y,,y,y,y,,,,,,y,,,,,,,y,,,,,y,,,,,,,,,,,,,y,,,,,,,,,,54,,,,,,,,,,,,,,,,,,,y,y,y,,,,,,,y,,,,,y,,,
2344,Memphis,3371 Lamar Ave.,Memphis,TN,38118,35.075135,-89.95095,2.699,3.149,3.499,3.499,fuel,USA,USD,MapUp,Loves,,,,,,,,,y,y,y,y,,,y,,,y,,y,,,,,,,,,,,,,,,,,,,,y,,y,y,y,,,,,,y,,,,,,,,,,,,,,,,,,,,,,,,,y,,,,,,,,,,51,,,,,,,,,,,,,,,,,,,y,y,y,,,,,,,y,,,,,y,,,
2726,Belen,1903 Camino Del Llano,Belen,NM,87002,34.652601,-106.793411,2.999,3.449,3.749,3.699,fuel,USA,USD,MapUp,Loves,,,,,,,,,y,y,y,y,,,y,,,y,,,,,,,,,,,,,,,,,,,,,,y,,y,y,y,,,,,,y,,,,,,,,,,,,,y,,,,,,,,,,,,y,,,,,,,,,,62,,,,,,,,,,,,,,,,,,,y,y,y,,,,,,,y,,,,,y,,,
2362,Vinton,2024A West St.,Vinton,LA,70668,30.17292,-93.58812,2.549,2.999,3.399,3.589,fuel,USA,USD,MapUp,Loves,,,,,,,,,y,y,y,y,,,,,,y,,,,,,,,,,,,,,,,,y,,,,,y,,y,y,,,,,,,y,,,,,,,y,,,,,y,y,,,,,,,,,,,,y,,,,,,,,,,126,,,,,,,,,,,,,,,,,,,y,y,y,,,,,,,y,,,,,y,,,
2612,Bridgeton,13945 Missouri Bottom Road,Bridgeton,MO,63044,38.793405,-90.448305,2.899,3.299,3.599,3.489,fuel,USA,USD,MapUp,Loves,,,,,,,,,y,y,y,y,,,y,,,y,,,,,,,,,,,,,,,,,,,,,,y,,y,y,y,,,,,,y,,,,,,,,,,,,y,,,,,,,,,,,,,y,,,,,,,,,,94,,,,,,,,,y,,,,,,,,,,y,y,y,,,,,,,y,,,,,y,,,
2297,Edna,1509 E. Rose St.,Edna,TX,77957,28.988878,-96.62541,2.989,3.439,3.789,3.919,fuel,USA,USD,MapUp,Loves,,,,,,,,,y,,,y,,,,,,y,,,,,,,,,,,,,,,,,,,,,,,,y,y,,,,,,,y,,,,,,,,,,,,,,,,,,,,,,,,,y,,,,,,,,,,29,,,,,,,,,,,,,,,,,,,,y,y,,,,,,,y,,,,,,,,
2665,Angleton,19477 FM 523,Angleton,TX,77515,29.197231,-95.457044,2.499,2.949,3.299,3.549,fuel,USA,USD,MapUp,Loves,,,,,,,,,,,,,,,,,,y,,y,,,,,,,,,,,,,,,y,,,,,,,y,y,y,,,,,,,,,,,,,y,,,,,y,,,,,,,,,,,,,y,,,,,,,,,,80,,,,,,,,,,,,,,,,,,,,y,y,,,,,,,y,,,,,,,,
2869,Le Mars,2280 Key Ave SW,Le Mars,IA,51031,42.766218,-96.212397,2.799,3.249,3.599,,fuel,USA,USD,MapUp,Loves,,,,,,,,,y,,,y,,,,,,y,,,,,,,,,,,,,,,,,,,,,,,,y,y,y,,,,,,y,,,,,,,y,,,,,y,,,,,,,,,,,,,y,,,,,,,,,,68,,,,,,,,,,,,,,,,,,,,y,y,,,,,,,y,,,,,,,,
2388,Batesville-SRI,725 Highway 35 N,Batesville,MS,38606,34.35134,-89.91601,2.489,2.939,3.289,3.689,fuel,USA,USD,MapUp,Loves,,,,,,,,,,y,y,y,,,y,,,y,,,,,,,,,,,,,,,,,,,,,,y,,y,y,y,,,,,,y,,,,,,,,,,,,y,y,,,,,,,,,,,,y,,,,,,,,,,78,,,,,,,,,,,,,,,,,,,y,y,y,,,,,,,y,,,,,y,,,
2461,St. Louis,6124 North Broadway,Saint Louis,MO,63147,38.684953,-90.218238,2.899,3.299,3.599,3.489,fuel,USA,USD,MapUp,Loves,,,,,,,,,,y,y,y,,,y,,,,,,,,,,,,,,,,,,,,,,,,,y,,y,y,,,,,,,y,,,,,,,,,,,,,,,,,,,,,,,,,y,,,,,,,,,,95,,,,,,,,,,,,,,,,,,,y,y,y,,,,,,,y,,,,,y,,,
2758,Sauget,2005 Mousette Ln,Sauget,IL,62206,38.561695,-90.132209,3.259,3.809,4.209,3.689,fuel,USA,USD,MapUp,Loves,,,,,,,,,y,,,y,,,,,,y,,,,,,,,,,,,,,,,,,,,,,,,y,y,,,,,,,y,,,,,,,,,,,,y,y,,,,,,,,,,,,y,,,,,,,,,,80,,,,,,,,,,,,,,,,,,,,y,y,,,,,,,y,,,,,,,,
2256,Van Horn,810 E Broadway,Van Horn,TX,79855,31.040102,-104.819253,2.999,3.449,3.799,3.849,fuel,USA,USD,MapUp,Loves,,,,,,,,,,y,y,y,,,,,,y,,,,,,,,,,,,,,,,,,,,,,y,,y,y,y,,,,,,y,,,,,,,y,,,,,,,,,,,,,,,,,,y,,,,,,,,,,34,,,,,,,,,,,,,,,,,,,y,y,y,,,,,,,,,,,,y,,,
2243,Iowa - Lake Charles,1118 Lowe Grout,Lake Charles,LA,70647,30.253127,-93.013108,2.549,2.999,3.399,3.789,fuel,USA,USD,MapUp,Loves,,,,,,,,,y,y,y,y,,,,,y,y,,,,,,,,,,,,,,,,,y,,,,,y,,y,y,y,,,,,,y,,,,,,,,,,,,,,,,,,,,,,,,,y,,,,,,,,,,70,,,,,,,,,,,,,,,,,,,y,y,y,,,,,,,y,,,,,y,,,
2643,Sikeston,1401 South Main St,Sikeston,MO,63801,36.854011,-89.583918,2.939,3.339,3.639,3.649,fuel,USA,USD,MapUp,Loves,,,,,,,,,y,,,y,,,,,,,,,,,,,,,,,,,,,,,,,,,,,,y,y,y,,,,,,y,,,,,,,y,,,,,y,,,,,,,,,,,,,y,,,,,,,,,,67,,,,,,,,,,,,,,,,,,,,y,y,,,,,,,y,,,,,,,,
2361,Newton,4400 S. 22nd Ave. E.,Newton,IA,50208,41.680428,-92.999058,2.999,3.449,3.799,,fuel,USA,USD,MapUp,Loves,,,,,,,,,y,y,y,y,,,y,,,,,y,,,,,,,,,,,,,,,y,,,,,y,,y,y,y,,,,,,y,,,,,,,y,,,,,y,y,,,,,,,,,,,,y,,,,,,,,,,80,,,,,,,,,,,,,,,,,,,y,y,y,,,,,,,y,,,,,y,,,
2313,Matthews,100 Love’s Industrial Dr.,Matthews,MO,63867,36.758179,-89.541289,2.599,2.999,3.299,3.449,fuel,USA,USD,MapUp,Loves,,,,,,,,,y,y,y,y,,,y,,,y,,,,,,,,,,,,,,,,,,,,,,y,,y,y,y,,,,,,y,,,,,,,y,,,,,y,y,,,,,,,,,,,,y,,,,,,,,,,147,,,,,,,,,,,,,,,,,,,y,y,y,,,,,,,y,,,,,y,,,
2220,Cheyenne,3305 W. College Dr.,Cheyenne,WY,82007,41.098166,-104.848606,2.849,3.149,3.449,3.589,fuel,USA,USD,MapUp,Loves,,,,,,,,,y,,,y,,,,,,y,,y,,,,,,,,,,,,,,,,,,,,,,y,y,,,,,,,y,,,,,,,y,,,,,y,y,,,,,,,,,,,,y,,,,,,,,,,40,,,,,,,,,,,,,,,,,,,,y,y,,,,,,,y,,,,,,,,
2342,Three Rivers,2645 S I-37,Three Rivers,TX,78071,28.52122,-98.18523,2.839,3.289,3.639,3.489,fuel,USA,USD,MapUp,Loves,,,,,,,,,,,y,y,,,,,,y,,,,,,,,,,,,,,,,,,,,,,y,,y,y,y,,,,,,y,,,,,,,y,,,,,,y,,,,,,,,,,,,y,,,,,,,,y,,138,,,,,,,,,,,,,,,,,,,y,y,y,,,,,,,y,,,,,y,,,
2776,Flowers,700 Ceres Blvd,Vicksburg,MS,39183,32.362558,-90.667057,2.659,3.109,3.459,3.989,fuel,USA,USD,MapUp,Loves,,,,,,,,,y,y,y,y,,,y,,y,y,,,,,,,,,,,,,,,,,,,,,,y,,y,y,y,,,,,,y,,,,,,,y,,,,,,y,,,,,,,,,,,,y,,,,,,,,,,94,,,,,,,,,,,,,,,,,,,y,y,y,,,,,,,y,,,,,y,,,
2641,Dyersburg,3070 Lake Road,Dyersburg,TN,38024,36.071077,-89.395492,2.599,3.049,3.399,3.589,fuel,USA,USD,MapUp,Loves,,,,,,,,,y,y,y,y,,,y,,,y,,,,,,,,,,,,,,,,,,,,,,y,,y,y,y,,,,y,,y,,,,,,,y,,,,,,,,,,,,,,,,,,y,,,,,,,,,,77,,,,,,,,,,,,,,,,,,,y,y,y,,,,,,,y,,,,,y,,,
2889,Holly Springs,929 Hwy 7 South,Holly Springs,MS,38635,34.744895,-89.454239,2.599,3.049,3.399,3.649,fuel,USA,USD,MapUp,Loves,,,,,,,,,y,,,y,,,,,,y,,,,,,,,,,,,,,,,,,,,,,,,y,y,y,,,,y,,y,,,,,,,y,,,,,y,y,,,,,,,,,,,,y,,,,,,,,,,51,,,,,,,,,,,,,,,,,,,,y,y,,,,,,,y,,,,,,,,
2583,New Baden,8690 Richter School Rd,New Baden,IL,62265,38.534515,-89.732292,3.259,3.809,4.209,3.949,fuel,USA,USD,MapUp,Loves,,,,,,,,,y,y,y,y,,,y,,,y,,,,,,,,,,,,,,,,,,,,,,y,,y,y,y,,,,,,y,,,,,,,y,,,,,y,,,,,,,,,,,,,y,,,,,,,,,,97,,,,,,,,,,,,,,,,,,,y,y,y,,,,,,,y,,,,,y,,,
2862,Cotulla,1963 S IH 35,Cotulla,TX,78014,28.416391,-99.250318,2.739,3.189,3.539,3.789,fuel,USA,USD,MapUp,Loves,,,,,,,,,y,y,y,y,,,,,y,y,,,,,,,,,,,,,,,,,,,,,,y,,,y,y,,,,y,,y,,,,,,,y,,,,,,y,,,,,,,,,,,,y,,,,,,,,,,110,,,,,,,,,,,,,,,,,,,y,y,y,,,,,,,y,,,,,y,,,
2684,Ellsworth,1400 Industrial Park Road,Ellsworth,IA,50075,42.31205,-93.572074,2.999,,,,fuel,USA,USD,MapUp,Loves,,,,,,,,,y,y,y,y,,,y,,,,,,,,,,,,,,,,,,,,,,,,,y,,y,y,y,,,,,,y,,,,,,,y,,,,,y,,,,,,,,,,,,,y,,,,,,,,,,110,,,,,,,,,,,,,,,,,,,y,y,y,,,,,,,y,,,,,y,,,
2578,"Hamel, IL",9191 State Route 140,Hamel,IL,62046,38.890041,-89.834322,3.299,3.849,4.249,3.689,fuel,USA,USD,MapUp,Loves,,,,,,,,,y,y,y,y,,,y,,,y,,,,,,,,,,,,,,,,,,,,,,y,,y,y,y,,,,,,y,,,,,,,y,,,,,y,,,,,,,,,,,,,y,,,,,,,,,,100,,,,,,,,,,,,,,,,,,,y,y,y,,,,,,,y,,,,,y,,,
2687,South Jacksonville,201 Loves Dr,South Jacksonville,IL,62650,39.689652,-90.230048,3.059,3.609,4.009,3.789,fuel,USA,USD,MapUp,Loves,,,,,,,,,y,,,y,,,,,,y,,,,,,,,,,,,,,,,,y,,,,,,,y,y,,,,,,,y,,,,,,,y,,,,,y,,,,,,,,,,,,,y,,,,,,,,,,69,,,,,,,,,,,,,,,,,,,,y,y,,,,,,,y,,,,,,,,
2875,Opelousas,4158 I-49 N Service Rd,Opelousas,LA,70570,30.478381,-92.073696,2.579,3.029,3.429,3.589,fuel,USA,USD,MapUp,Loves,,,,,,,,,y,y,y,y,,,,,y,y,,,,,,,,,,,,,,,,,,,,,,y,,,y,y,,,,,,y,,,,,,,y,,,,,y,y,,,,,,,,,,,,y,,,,,,,,,,74,,,,,,,,,,,,,,,,,,,y,y,y,,,,,,,y,,,,,y,,,
2663,Port Barre,17635 Highway 190,Port Barre,LA,70577,30.546703,-91.963512,2.579,3.029,3.429,3.749,fuel,USA,USD,MapUp,Loves,,,,,,,,,y,,,y,,,,,,y,,,,,,,,,,,,,,,,,,,,,,,,y,y,y,,,,,,y,,,,,,,,,,,,,,,,,,,,,,,,,y,,,,,,,,,,16,,,,,,,,,,,,,,,,,,,,y,y,,,,,,,y,,,,,,,,
2208,Canton,1545 Peace St.,Canton,MS,39046,32.604052,-90.072554,3.099,3.549,3.899,3.689,fuel,USA,USD,MapUp,Loves,,,,,,,,,y,y,y,y,,,y,,y,y,,,,,,,,,,,,,,,,,,,,,,y,,y,y,y,,,,,,y,,,,,,,,,,,,,y,,,,,,,,,,,,y,,,,,,,,,,103,,,,,,,,,,,,,,,,,,,y,y,y,,,,,,,y,,,,,y,,,
2523,Duson,126 Lexington Dr,Duson,LA,70578,30.25184,-92.194809,2.569,3.019,3.419,3.669,fuel,USA,USD,MapUp,Loves,,,,,,,,,y,y,y,y,,,,,,y,,,,,,,,,,,,,,,,,,,,,,y,,y,y,y,,,,,,y,,,,,,,y,,,,,y,y,,,,,,,,,,,,y,,,,,,,,,,116,,,,,,,,,,,,,,,,,,,y,y,y,,,,,,,y,,,,,y,,,
2420,Flowood,730 Highway 80 E,Flowood,MS,39232,32.279214,-90.155359,2.799,3.249,3.599,3.589,fuel,USA,USD,MapUp,Loves,,,,,,,,,y,,,y,,,,,,y,,,,,,,,,,,,,,,,,,,,,,,,y,y,y,,,,,,y,,,,,,,,,,,,,y,,,,,,,,,,,,y,,,,,,,,,,100,,,,,,,,,,,,,,,,,,,,y,y,,,,,,,y,,,,,,,,
2214,El Paso,1300 Horizon Blvd.,El Paso,TX,79928,31.65976,-106.237409,2.799,3.249,3.599,3.589,fuel,USA,USD,MapUp,Loves,,,,,,,,,,y,y,y,,,,,y,y,,,,,,,,,,,,,,,,,y,,,,,y,,y,y,y,,,,,,y,,,,,,,,,,,,y,y,,,,,,,,,,,,y,,,,,,,,,,98,,,,,,,,,y,,,,,,,,,,y,y,y,,,,,,,y,,,,,y,,,
2257,Milan,257 Horizon Blvd,Milan,NM,87021,35.183319,-107.899758,3.199,3.649,3.949,3.789,fuel,USA,USD,MapUp,Loves,,,,,,,,,,,,y,,,,,,y,,,,,,,,,,,,,,,,,,,,,,,,y,y,,,,,,,y,,,,,,,,,,,,,y,,,,,,,,,,,,y,,,,,,,,,,66,,,,,,,,,,,,,,,,,,,,y,y,,,,,,,y,,,,,,,,
2447,Anthony,3000 Mountain Pass Blvd,Anthony,TX,79821,31.997879,-106.581219,2.659,3.109,3.459,3.849,fuel,USA,USD,MapUp,Loves,,,,,,,,,,y,y,y,,,,,,y,,,,,,,,,,,,,,,,,,,,,,y,,y,y,y,,,,,,y,,,,,,,y,,,,,y,,,,,,,,,,,,,y,,,,,,,,,,91,,,,,,,,,,,,,,,,,,,y,y,y,,,,,,,y,,,,,y,,,
2384,Greenville,1900 S. State Rd. 127,Greenville,IL,62246,38.87324,-89.38713,3.169,3.719,4.119,3.849,fuel,USA,USD,MapUp,Loves,,,,,,,,,,y,y,y,,,y,,,y,,,,,,,,,,,,,,,,,y,,,,,y,,y,y,y,,,,,,y,,,,,,,y,,,,,y,,,,,,,,,,,,,y,,,,,,,,,,123,,,,,,,,,,,,,,,,,,,y,y,y,,,,,,,y,,,,,y,,,
2799,Walnut,600 Richardson Drive,Walnut,MS,38683,34.951961,-88.910287,2.799,3.249,3.599,3.549,fuel,USA,USD,MapUp,Loves,,,,,,,,,y,,,y,,,,,,y,,,,,,,,,,,,,,,,,,,,,,,,y,y,,,,,,,y,,,,,,,y,,,,,y,y,,,,,,,,,,,,y,,,,,,,,,,58,,,,,,,,,,,,,,,,,,,,y,y,,,,,,,y,,,,,,,,
2298,Encinal,28527 I-35,Encinal,TX,78019,28.045577,-99.348797,2.709,3.159,3.509,3.789,fuel,USA,USD,MapUp,Loves,,,,,,,,,,y,y,y,,,,,,y,,,,,,,,,,,,,,,,,y,,,,,y,,y,y,y,,,,,,y,,,,,,,,,,,,,,,,,,,,,,,,,y,,,,,,,,,,115,,,,,,,,,,,,,,,,,,,y,y,y,,,,,,,y,,,,,y,,,
2803,Marion - 803,1900 The Hill Ave,Marion,IL,62959,37.745682,-88.949251,3.159,3.709,4.109,3.889,fuel,USA,USD,MapUp,Loves,,,,,,,,,y,y,y,y,,,y,,y,y,,,,,,,,,,,,,,,,,,,,,,y,,y,y,y,,,,,,y,,,,,,,y,,,,,,y,,,,,,,,,,,,y,,,,,,,,,,119,,,,,,,,,,,,,,,,,,,y,y,y,,,,,,,y,,,,,y,,,
2672,Sinton,13886 FM 1945,Sinton,TX,78387,28.011697,-97.532753,2.899,3.349,3.699,3.489,fuel,USA,USD,MapUp,Loves,,,,,,,,,,,,y,,,,,,y,,,,,,,,,,,,,,,,,,,,,,,,y,y,y,,,,,,y,,,,,,,y,,,,,y,y,,,,,,,,,,,,y,,,,,,,,,,83,,,,,,,,,,,,,,,,,,,,y,y,,,,,,,y,,,,,,,,
2723,Laramie,1770 McCue St,Laramie,WY,82072,41.329021,-105.610322,2.859,3.159,3.459,3.589,fuel,USA,USD,MapUp,Loves,,,,,,,,,y,y,y,y,,,y,,,y,,,,,,,,,,,,,,,,,,,,,,y,,y,y,y,,,,,,y,,,,,,,y,,,,,,y,,,,,,,,,,,,y,,,,,,,,,,82,,,,,,,,,,,,,,,,,,,y,y,y,,,,,,,y,,,,,y,,,
2445,Sioux Falls,5301 N. Cliff Ave.,Sioux Falls,SD,57104,43.604138,-96.712132,2.899,3.299,3.599,3.849,fuel,USA,USD,MapUp,Loves,,,,,,,,,,y,y,y,,,y,,,y,,,,,,,,,,,,,,,,,y,,,,,y,,y,y,,,,,,,y,,,,,,,,,,,,,y,,,,,,,,,,,,y,,,,,,,,,,85,,,,,,,,,,,,,,,,,,,y,y,y,,,,,,,y,,,,,y,,,
2244,Jackson - SRI,2050 Highway 70 E,Jackson,TN,38305,35.679204,-88.74243,2.699,3.149,3.499,3.449,fuel,USA,USD,MapUp,Loves,,,,,,,,,y,y,y,y,,,y,,,y,,,,,,,,,,,,,,,,,,,,,,y,,y,y,y,,,,,,y,,,,,,,y,,,,,y,y,,,,,,,,,,,,y,,,,,,,,,,108,,,,,,,,,,,,,,,,,,,y,y,y,,,,,,,y,,,,,y,,,
2816,Kimball,1100 S Main Street,Kimball,SD,57355,43.736356,-98.957259,2.859,3.259,3.559,3.649,fuel,USA,USD,MapUp,Loves,,,,,,,,,y,,,y,,,,,,y,,,,,,,,,,,,,,,,,,,,,,,,y,y,y,,,,y,,y,,,,,,,y,,,,,y,y,,,,,,,,,,,,y,,,,,,,,,,77,,,,,,,,,,,,,,,,,,,,y,y,,,,,,,y,,,,,,,,
2259,Las Cruces - SRI,8993 Robert Larson Blvd,Las Cruces,NM,88007,32.269415,-106.922518,2.899,3.349,3.649,3.529,fuel,USA,USD,MapUp,Loves,,,,,,,,,y,,,y,,,,,,,,,,,,,,,,,,,,,,,,,,,,,,y,y,y,,,,y,,y,,,,,,,y,,,,,y,,,,,,,,,,,,,y,,,,,,,,,,84,,,,,,,,,,,,,,,,,,,,y,y,,,,,,,y,,,,,,,,
2804,Monmouth,1001 W 11th Ave,Monmouth,IL,61462,40.898854,-90.660327,3.359,3.909,4.309,3.689,fuel,USA,USD,MapUp,Loves,,,,,,,,,y,,,y,,,,,,y,,,,,,,,,,,,,,,,,y,,,,,,,y,y,,,,,,,y,,,,,,,y,,,,,y,y,,,,,,,,,,,,y,,,,,,,,,,86,,,,,,,,,,,,,,,,,,,,y,y,,,,,,,y,,,,,,,,
2817,Santa Teresa,2401 Airport Rd,Santa Teresa,NM,88008,31.862229,-106.687231,2.979,3.429,3.729,3.749,fuel,USA,USD,MapUp,Loves,,,,,,,,,y,,,y,,,,,,,,,,,,,,,,,,,,,,,,,,,,,,y,y,y,,,,y,,y,,,,,,,y,,,,,y,y,,,,,,,,,,,,y,,,,,,,,,,86,,,,,,,,,,,,,,,,,,,,y,y,,,,,,,y,,,,,,,,
2318,Ina,202 North Ave.,Ina,IL,62846,38.155469,-88.910841,3.199,3.749,4.149,3.749,fuel,USA,USD,MapUp,Loves,,,,,,,,,y,y,y,y,,,y,,,y,,,,,,,,,,,,,,,,,y,,,,,y,,y,y,y,,,,,,y,,,,,,,y,,,,,y,,,,,,,,,,,,,y,,,,,,,,,,121,,,,,,,,,,,,,,,,,,,y,y,y,,,,,,,y,,,,,y,,,
2882,Muscatine,2417 Grandview Ave,Muscatine,IA,52761,41.393577,-91.087977,2.899,3.349,3.699,,fuel,USA,USD,MapUp,Loves,,,,,,,,,,,,y,,,,,,y,,,,,,,,,,,,,,,,,,,,,,,,y,y,y,,,,,,y,,,,,,,,,,,,,y,,,,,,,,,,,,y,,,,,,,,,,27,,,,,,,,,,,,,,,,,,,,y,y,,,,,,,y,,,,,,,,
2824,Mt. Vernon - 824,3101 S 10th St,Mt Vernon,IL,62864,38.27793,-88.903162,3.199,3.749,4.149,3.749,fuel,USA,USD,MapUp,Loves,,,,,,,,,y,,,y,,,,,,y,,,,,,,,,,,,,,,,,,,,,,,,y,y,y,,,,,,y,,,,,,,y,,,,,y,y,,,,,,,,,,,,y,,,,,,,,,,99,,,,,,,,,,,,,,,,,,,,y,y,,,,,,,y,,,,,,,,
2398,Tupelo,4601 McCullough Blvd.,Tupelo,MS,38804,34.316321,-88.791441,2.699,3.149,3.499,3.849,fuel,USA,USD,MapUp,Loves,,,,,,,,,,y,y,y,,,y,,,y,,,,,,,,,,,,,,,,,,,,,,y,,y,y,y,,,,,,y,,,,,,,,,,,,y,y,,,,,,,,,,,,y,,,,,,,,,,80,,,,,,,,,,,,,,,,,,,y,y,y,,,,,,,y,,,,,y,,,
2240,Port Allen,751 Lobdell Hwy S.,Port Allen,LA,70767,30.445527,-91.242686,2.759,3.209,3.609,3.489,fuel,USA,USD,MapUp,Loves,,,,,,,,,y,,,y,,,,,,y,,,,,,,,,,,,,,,,,y,,,,,,,y,y,,,,,,,y,,,,,,,,,,,,y,,,,,,,,,,,,,y,,,,,,,,,,50,,,,,,,,,,,,,,,,,,,,y,y,,,,,,,y,,,,,,,,
2393,McComb,1119 Airport Fernwood Rd.,McComb,MS,39648,31.190892,-90.485619,2.699,3.149,3.499,3.549,fuel,USA,USD,MapUp,Loves,,,,,,,,,y,y,y,y,,,y,,,y,,,,,,,,,,,,,,,,,,,,,,y,,y,y,y,,,,,,y,,,,,,,y,,,,,y,,,,,,,,,,,,,y,,,,,,,,,,75,,,,,,,,,,,,,,,,,,,y,y,y,,,,,y,,y,,,,,y,,,
2702,Waterloo,3301 Greyhound Dr,Waterloo,IA,50701,42.461731,-92.404041,2.699,3.149,3.499,,fuel,USA,USD,MapUp,Loves,,,,,,,,,y,y,y,y,,,y,,,y,,,,,,,,,,,,,,,,,,,,,,y,,y,y,y,,,,,,y,,,,,,,,,,,,y,y,,,,,,,,,,,,y,,,,,,,,,,45,,,,,,,,,,,,,,,,,,,y,y,y,,,,,,,y,,,,,y,,,
2694,Eastview,6870 Highway 45 S,Ramer,TN,38367,35.076679,-88.545104,2.759,3.209,3.559,3.449,fuel,USA,USD,MapUp,Loves,,,,,,,,,,,,y,,,,,,y,,,,,,,,,,,,,,,,,,,,,,,,y,y,y,,,,,,y,,,,,,,,,,,,y,y,,,,,,,,,,,,y,,,,,,,,,,41,,,,,,,,,,,,,,,,,,,,y,y,,,,,,,y,,,,,,,,
2249,Williamsville,991 Ann Rutledge Rd.,Williamsville,IL,62693,39.960959,-89.562296,3.199,3.749,4.149,3.789,fuel,USA,USD,MapUp,Loves,,,,,,,,,y,y,y,y,,,y,,,y,,,,,,,,,,,,,,,,,y,,,,,y,,y,y,y,,,,,,y,,,,,,,y,,,,,,y,,,,,,,,,,,,y,,,,,,,,,,59,,,,,,,,,,,,,,,,,,,y,y,y,,,,,,,y,,,,,y,,,
2685,Knoxville,1405 Knox Hwy 9,Knoxville,IL,61448,40.918548,-90.293241,3.199,3.749,4.149,4.049,fuel,USA,USD,MapUp,Loves,,,,,,,,,y,y,y,y,,,y,,,y,,,,,,,,,,,,,,,,,y,,,,,y,,y,y,y,,,,,,y,,,,,,,,,,,,y,,,,,,,,,,,,,y,,,,,,,,,,94,,,,,,,,,,,,,,,,,,,y,y,y,,,,,,,y,,,,,y,,,
2699,Magee,1790 Simpson Highway 49,Magee,MS,39111,31.874245,-89.755754,2.539,2.989,3.339,4.049,fuel,USA,USD,MapUp,Loves,,,,,,,,,y,y,y,y,,,y,,,y,,,,,,,,,,,,,,,,,,,,,,y,,y,y,y,,,,,,y,,,,,,,y,,,,,,y,,,,,,,,,,,,y,,,,,,,,,,89,,,,,,,,,,,,,,,,,,,y,y,y,,,,,,,y,,,,,y,,,
2348,Calvert City,2966 US Highway 62,Calvert City,KY,42029,37.003735,-88.31864,2.799,3.349,3.749,3.689,fuel,USA,USD,MapUp,Loves,,,,,,,,,y,y,y,y,,,y,,,y,,,,,,,,,,,,,,,,,y,,,,,y,,y,y,y,,,,,,y,,,,,,,y,,,,,y,y,,,,,,,,,,,,y,,,,,,,,,,80,,,,,,,,,,,,,,,,,,,y,y,y,,,,,,,y,,,,,y,,,
2762,Laredo - 762,101 Pinnacle Road,Laredo,TX,78045,27.644615,-99.555428,2.559,3.009,3.359,3.689,fuel,USA,USD,MapUp,Loves,,,,,,,,,y,y,y,y,,,,,y,y,,,,,,,,,,,,,,,,,y,,,,,y,,y,y,y,,,,,,y,,,,,,,y,,,,,y,y,,,,,,,,,,,,y,,,,,,,,,,84,,,,,,,,,,,,,,,,,,,y,y,y,,,,,,,y,,,,,y,,,
2327,Kingsville -SRI,1451 N US Highway 77 Byp,Kingsville,TX,78363,27.529889,-97.842143,2.869,3.319,3.669,3.489,fuel,USA,USD,MapUp,Loves,,,,,,,,,y,y,y,y,,,,,,y,,,,,,,,,,,,,,,,,,,,,,y,,y,y,y,,,,y,,y,,,,,,,y,,,,,y,,,,,,,,,,,,,y,,,,,,,,,,48,,,,,,,,,,,,,,,,,,,y,y,y,,,,,,,y,,,,,y,,,
2639,Lake,6138 Lake Norris Road,Lake,MS,39092,32.322441,-89.342491,2.679,3.129,3.479,3.599,fuel,USA,USD,MapUp,Loves,,,,,,,,,y,y,y,y,,,y,,,y,,,,,,,,,,,,,,,,,,,,,,y,,y,y,y,,,,y,,y,,,,,,,y,,,,,,,,,,,,,,,,,,y,,,,,,,,,,80,,,,,,,,,,,,,,,,,,,y,y,y,,,,,,,y,,,,,y,,,
2850,Cortez,7006 Hwy 160/491,Cortez,CO,81321,37.312799,-108.608295,3.199,3.649,3.949,3.649,fuel,USA,USD,MapUp,Loves,,,,,,,,,y,,,y,,,,,,,,,,,,,,,,,,,,,,,,,,,,,,,y,y,,,,,,y,,,,,,,,,,,,,y,,,,,,,,,,,,y,,,,,,,,,,32,,,,,,,,,,,,,,,,,,,,y,y,,,,,,,,,,,,,,,
2677,West Point,5360 Hwy 45A S,West Point,MS,39773,33.584476,-88.658088,2.549,2.999,3.349,3.389,fuel,USA,USD,MapUp,Loves,,,,,,,,,y,,,y,,,,,,y,,,,,,,,,,,,,,,,,,,,,,,,y,y,y,,,,,,y,,,,,,,y,,,,,y,,,,,,,,,,,,,y,,,,,,,,,,68,,,,,,,,,,,,,,,,,,,,y,y,,,,,,,y,,,,,,,,
2476,Davenport,8255 Northwest Blvd,Davenport,IA,52806,41.604403,-90.623937,2.759,3.209,3.559,,fuel,USA,USD,MapUp,Loves,,,,,,,,,y,y,y,y,,,y,,,y,,,,,,,,,,,,,,,,,,,,,,y,,y,y,y,,,,,,y,,,,,,,,,,,,,,,,,,,,,,,,,y,,,,,,,,,,79,,,,,,,,,,,,,,,,,,,y,y,y,,,,,,,y,,,,,y,,,
2791,Holladay,13820 Highway 641 N,Holladay,TN,38341,35.840559,-88.081783,2.759,3.209,3.559,3.349,fuel,USA,USD,MapUp,Loves,,,,,,,,,y,y,y,y,,,y,,y,y,,,,,,,,,,,,,,,,,,,,,,y,,y,y,y,,,,y,,y,,,,,,,y,,,,,,y,,,,,,,,,,,,y,,,,,,,,,,125,,,,,,,,,,,,,,,,,,,y,y,y,,,,,,,y,,,,,y,,,
2826,Parachute,100 E Cardinal Way Ste A,Parachute,CO,81635,39.455511,-108.043937,3.259,3.709,4.009,3.759,fuel,USA,USD,MapUp,Loves,,,,,,,,,y,,,y,,,,,,,,,,,,,,,,,,,,,,,,,,,,,,y,y,y,,,,y,,y,,,,,,,,,,,,y,y,,,,,,,,,,,,y,,,,,,,,,,67,,,,,,,,,,,,,,,,,,,,y,y,,,,,,,y,,,,,,,,
2746,Decatur,3925 County Fair Dr,Decatur,IL,62526,39.892562,-89.002884,3.199,3.749,4.149,3.689,fuel,USA,USD,MapUp,Loves,,,,,,,,,y,y,y,y,,,y,,,y,,,,,,,,,,,,,,,,,y,,,,,y,,y,y,y,,,,,,y,,,,,,,y,,,,,y,y,,,,,,,,,,,,y,,,,,,,,,,51,,,,,,,,,,,,,,,,,,,y,y,y,,,,,,,y,,,,,y,,,
2215,Gallup,3380 W. 66th,Gallup,NM,87301,35.505681,-108.833921,2.799,3.249,3.549,3.729,fuel,USA,USD,MapUp,Loves,,,,,,,,,,y,y,y,,,y,,,y,,,,,,,,,,,,,,,,,,,,,,y,,y,y,,,,,,,y,,,,,,,,,,,,,,,,,,,,,,,,,y,,,,,,,,,,36,,,,,,,,,,,,,,,,,,,y,y,y,,,,,,,,,,,,y,,,
2670,Floyd,100 Monroe Street,Floyd,IA,50435,43.122762,-92.735463,2.829,3.279,3.629,,fuel,USA,USD,MapUp,Loves,,,,,,,,,y,,,y,,,,,,y,,,,,,,,,,,,,,,,,,,,,,,,y,y,,,,,,,y,,,,,,,y,,,,,y,,,,,,,,,,,,,y,,,,,,,,,,85,,,,,,,,,,,,,,,,,,,,y,y,,,,,,,y,,,,,,,,
2564,Columbus,525 Tuscaloosa Road,Columbus,MS,39702,33.518251,-88.377161,2.549,2.999,3.349,3.389,fuel,USA,USD,MapUp,Loves,,,,,,,,,y,y,y,y,,,y,,,y,,,,,,,,,,,,,,,,,,,,,,y,,y,y,y,,,,,,y,,,,,,,,,,,,,,,,,,,,,,,,,y,,,,,,,,,,60,,,,,,,,,,,,,,,,,,,y,y,y,,,,,,,y,,,,,y,,,
2766,Atkinson,5 South State Street,Atkinson,IL,61235,41.410645,-90.016349,3.299,3.849,4.249,3.689,fuel,USA,USD,MapUp,Loves,,,,,,,,,y,y,y,y,,,y,,y,y,,,,,,,,,,,,,,,,,y,,,,,y,,y,y,y,,,,,,y,,,,,,,y,,,,,y,y,,,,,,,,,,,,y,,,,,,,,,,137,,,,,,,,,,,,,,,,,,,y,y,y,,,,,,,y,,,,,y,,,
2880,Olney,1503 S West St,Olney,IL,62450,38.711902,-88.091835,3.099,3.649,4.049,3.489,fuel,USA,USD,MapUp,Loves,,,,,,,,,y,,,y,,,,,,y,,,,,,,,,,,,,,,,,,,,,,,,y,y,y,,,,,,y,,,,,,,y,,,,,,,,,,,,,,,,,,y,,,,,,,,,,39,,,,,,,,,,,,,,,,,,,,y,y,,,,,,,y,,,,,,,,
2814,Hamilton,1126 County Hwy 35,Hamilton,AL,35570,34.092609,-88.004672,2.899,3.349,3.749,3.789,fuel,USA,USD,MapUp,Loves,,,,,,,,,y,y,y,y,,,y,,y,y,,,,,,,,,,,,,,,,,,,,,,y,,y,y,y,,,,,,y,,,,,,,y,,,,,y,y,,,,,,,,,,,,y,,,,,,,,,,81,,,,,,,,,,,,,,,,,,,y,y,y,,,,,,,y,,,,,y,,,
2337,Albert Lea - SRI,2751 E. Main St.,Albert Lea,MN,56007,43.6598,-93.31592,3.199,3.649,4.049,4.039,fuel,USA,USD,MapUp,Loves,,,,,,,,,y,,,y,,,,,,y,,,,,,,,,,,,,,,,,,,,,,,,y,y,y,,,,,,y,,,,,,,,,,,,,,,,,,,,,,,,,y,,,,,,,,,,58,,,,,,,,,,,,,,,,,,,,y,y,,,,,,,y,,,,,,,,
2517,Grand Junction,748 22 Road,Grand Junction,CO,81505,39.114154,-108.646213,2.979,3.429,3.729,3.679,fuel,USA,USD,MapUp,Loves,,,,,,,,,y,y,y,y,,,y,,y,y,,,,,,,,,,,,,,,,,,,,,,y,,y,y,y,,,,,,y,,,,,,,y,,,,,,y,,,,,,,,,,,,y,,,,,,,,,,80,,,,,,,,,,,,,,,,,,,y,y,y,,,,,,,y,,,,,y,,,
2867,Normal,2007 N Main St,Normal,IL,61761,40.541664,-88.998009,3.199,3.749,4.149,3.589,fuel,USA,USD,MapUp,Loves,,,,,,,,y,y,y,y,y,,,y,,y,y,,,,,,,,,,,,,,,,,,,,,,y,,y,y,y,,,,,,y,,,,,,,y,,,,,,y,,,,,,,,,,,y,y,,,,,,,,,,111,,,,,,,,,,,,,,,,,,,y,y,y,,,,,,,y,,,,,y,,,
2848,Sandersville,182 Claiborne Road,Sandersville,MS,39477,31.783351,-89.057151,2.599,3.049,3.399,3.599,fuel,USA,USD,MapUp,Loves,,,,,,,,,,y,y,y,,,y,,y,y,,,,,,,,,,,,,,,,,,,,,,y,,y,y,y,,,,,,y,,,,,,,y,,,,,y,y,,,,,,,,,,,,y,,,,,,,,,,106,,,,,,,,,,,,,,,,,,,y,y,y,,,,,,,y,,,,,y,,,
2688,Greenup,203 N Haughton Hwy,Greenup,IL,62428,39.253591,-88.152286,3.039,3.589,3.989,3.849,fuel,USA,USD,MapUp,Loves,,,,,,,,,y,y,y,y,,,y,,,y,,,,,,,,,,,,,,,,,,,,,,y,,y,y,y,,,,,,y,,,,,,,y,,,,,y,,,,,,,,,,,,,y,,,,,,,,,,170,,,,,,,,,,,,,,,,,,,y,y,y,,,,,,,y,,,,,y,,,
2367,Le Roy,505 S Persimmon Dr,Le Roy,IL,61752,40.340395,-88.760803,3.159,3.709,4.109,3.649,fuel,USA,USD,MapUp,Loves,,,,,,,,,y,,,y,,,,,,y,,y,,,,,,,,,,,,,,,y,,,,,,,y,y,y,,,,,,y,,,,,,,y,,,,,,y,,,,,,,,,,,,y,,,,,,,,,,72,,,,,,,,,,,,,,,,,,,,y,y,,,,,,,y,,,,,,,,
2369,Dickson,2971 Highway 48 S,Dickson,TN,37055,35.99203,-87.48819,2.749,3.199,3.549,3.589,fuel,USA,USD,MapUp,Loves,,,,,,,,,,y,y,y,,,y,,,y,,y,,,,,,,,,,,,,,,,,,,,y,,y,y,y,,,,,,y,,,,,,,y,,,,,,y,,,,,,,,,,,,y,,,,,,,,,,106,,,,,,,,,,,,,,,,,,,y,y,y,,,,,,,y,,,,,y,,,
2565,Dixie,283 Ira Hudson Rd,Hattiesburg,MS,39401,31.242397,-89.302923,2.799,3.249,3.599,3.449,fuel,USA,USD,MapUp,Loves,,,,,,,,,y,,,y,,,,,,,,,,,,,,,,,,,,,,,,,,,,,,y,y,y,,,,y,,y,,,,,,,y,,,,,y,y,,,,,,,,,,,,y,,,,,,,,,,84,,,,,,,,,,,,,,,,,,,,y,y,,,,,,,y,,,,,,,,
2580,Muscle Shoals,2048 Highway 20,Tuscumbia,AL,35674,34.697138,-87.635791,2.759,3.209,3.609,3.849,fuel,USA,USD,MapUp,Loves,,,,,,,,,y,y,y,y,,,y,,,y,,,,,,,,,,,,,,,,,,,,,,y,,y,y,y,,,,,,y,,,,,,,y,,,,,,y,,,,,,,,,,,y,y,,,,,,,,,,80,,,,,,,,,,,,,,,,,,,y,y,y,,,,,,,y,,,,,y,,,
2782,Oak Grove,11700 Ft Campbell Blvd,Oak Grove,KY,42262,36.709575,-87.454901,2.799,3.349,3.749,3.589,fuel,USA,USD,MapUp,Loves,,,,,,,,,y,y,y,y,,,y,,y,y,,,,,,,,,,,,,,,,,y,,,,,y,,y,y,y,,,,,,y,,,,,,,y,,,,,y,y,,,,,,,,,,,,y,,,,,,,,,,84,,,,,,,,,,,,,,,,,,,y,y,y,,,,,,,y,,,,,y,,,
2343,Toomsuba,113 Will Garrett Rd,Toomsuba,MS,39364,32.41107,-88.505495,2.859,3.309,3.659,3.389,fuel,USA,USD,MapUp,Loves,,,,,,,,,,y,y,y,,,y,,,y,,,,,,,,,,,,,,,,,,,,,,y,,y,y,y,,,,,,y,,,,,,,y,,,,,,y,,,,,,,,,,,,y,,,,,,,,,,71,,,,,,,,,,,,,,,,,,,y,y,y,,,,,,,y,,,,,y,,,
2725,Hanson,325 Veterans Dr,Hanson,KY,42413,37.416476,-87.47456,2.639,3.189,3.589,3.649,fuel,USA,USD,MapUp,Loves,,,,,,,,,y,,,y,,,,,,y,,,,,,,,,,,,,,,,,y,,,,,,,y,y,y,,,,,,y,,,,,,,y,,,,,y,y,,,,,,,,,,,,y,,,,,,,,,,63,,,,,,,,,,,,,,,,,,,,y,y,,,,,,,y,,,,,,,,
2798,Tuscola,809 Moore Ave,Tuscola,IL,61953,39.793161,-88.266061,2.999,3.549,3.949,3.849,fuel,USA,USD,MapUp,Loves,,,,,,,,,y,y,y,y,,,y,,y,y,,y,,,,,,,,,,,,,,,y,,,,,y,,y,y,y,,,,,,y,,,,,,,y,,,,,,y,,,,,,,,,,,,y,,,,,,,,,,85,,,,,,,,,,,,,,,,,,,y,y,y,,,,,,,y,,,,,y,,,
2619,Poplarville,720 Highway 26 E,Poplarville,MS,39470,30.846383,-89.497939,2.729,3.179,3.529,3.549,fuel,USA,USD,MapUp,Loves,,,,,,,,,y,y,y,y,,,y,,,y,,,,,,,,,,,,,,,,,,,,,,y,,y,y,y,,,,,,y,,,,,,,y,,,,,y,,,,,,,,,,,,,y,,,,,,,,,,77,,,,,,,,,,,,,,,,,,,y,y,y,,,,,,,y,,,,,y,,,
2414,Haubstadt -SRI,901 East 1250 South,Haubstadt,IN,47639,38.17337,-87.55159,2.959,3.509,3.959,4.049,fuel,USA,USD,MapUp,Loves,,,,,,,,,y,,,y,,,,,,y,,,,,,,,,,,,,,,,,,,,,,,,y,y,y,,,,,,y,,,,,,,y,,,,,,y,,,,,,,,,,,,y,,,,,,,,,,84,,,,,,,,,,,,,,,,,,,,y,y,,,,,,,y,,,,,,,,
2602,Box Elder,679 Reagan Ave,Box Elder,SD,57719,44.120411,-103.052222,3.199,3.599,3.899,3.949,fuel,USA,USD,MapUp,Loves,,,,,,,,,y,y,y,y,,,y,,y,y,,,,,,,,,,,,,,,,,y,,,,,y,,y,y,y,,,,,,y,,,,,,,y,,,,,y,y,,,,,,,,,,,y,y,,,,,,,,,,75,,,,,,,,,,,,,,,,,,,y,y,y,,,,,,,y,,,,,y,,,
2860,Nicholson,20 Hwy 607,Picayune,MS,39466,30.467383,-89.687171,2.699,3.149,3.499,3.549,fuel,USA,USD,MapUp,Loves,,,,,,,,,,y,y,y,,,y,,y,y,,,,,,,,,,,,,,,,,,,,,,y,,y,y,y,,,,,,y,,,,,,,y,,,,,y,y,,,,,,,,,,,,y,,,,,,,,,,91,,,,,,,,,,,,,,,,,,,y,y,y,,,,,,,y,,,,,y,,,
2529,Oglesby,1001 W. Walnut St.,Oglesby,IL,61348,41.293551,-89.086601,3.099,3.649,4.049,3.689,fuel,USA,USD,MapUp,Loves,,,,,,,,,y,y,y,y,,,y,,,y,,,,,,,,,,,,,,,,,y,,,,,y,,y,y,y,,,,,,y,,,,,,,,,,,,,,,,,,,,,,,,,y,,,,,,,,,,88,,,,,,,,,,,,,,,,,,,y,y,y,,,,,,,y,,,,,y,,,
2773,Eutaw,7561 Mesopotamia Street,Eutaw,AL,35462,32.8667,-87.922208,3.049,3.499,3.899,3.449,fuel,USA,USD,MapUp,Loves,,,,,,,,,y,y,y,y,,,y,,y,y,,,,,,,,,,,,,,,,,,,,,,y,,y,y,y,,,,y,,y,,,,,,,y,,,,,,y,,,,,,,,,,,,y,,,,,,,,,,96,,,,,,,,,,,,,,,,,,,y,y,y,,,,,,,y,,,,,y,,,
2351,Utica,3020 E. 8th Rd.,Utica,IL,61373,41.370086,-89.00914,3.099,3.649,4.049,3.689,fuel,USA,USD,MapUp,Loves,,,,,,,,,y,,,y,,,,,,y,,,,,,,,,,,,,,,,,y,,,,,,,y,y,y,,,,,,y,,,,,,,,,,,,y,y,,,,,,,,,,,,y,,,,,,,,,,69,,,,,,,,,,,,,,,,,,,,y,y,,,,,,,y,,,,,,,,
2276,Lordsburg,900 W. Motel Dr.,Lordsburg,NM,88045,32.353872,-108.73557,2.939,3.389,3.689,3.889,fuel,USA,USD,MapUp,Loves,,,,,,,,,y,y,y,y,,,y,,,,,,,,,,,,,,,,,,,,,,,,,y,,y,y,,,,,,,y,,,,,,,y,,,,,,,,,,,,,,,,,,y,,,,,,,,,,88,,,,,,,,,,,,,,,,,,,y,y,y,,,,,,,y,,,,,y,,,
2346,Columbia,1624 Bear Creek Pike,Columbia,TN,38401,35.643953,-86.891465,2.899,3.349,3.699,3.889,fuel,USA,USD,MapUp,Loves,,,,,,,,,y,y,y,y,,,y,,,y,,,,,,,,,,,,,,,,,,,,,,y,,y,y,,,,,,,y,,,,,,,y,,,,,,y,,,,,,,,,,,,y,y,,,,,,,,,80,,,,,,,,,,,,,,,,,,,y,y,y,,,,,,,y,,,,,y,,,
2466,Jasper,83 Carl Cannon Blvd,Jasper,AL,35501,33.790777,-87.241662,2.799,3.249,3.649,3.789,fuel,USA,USD,MapUp,Loves,,,,,,,,,y,y,y,y,,,y,,,y,,,,,,,,,,,,,,,,,,,,,,y,,y,y,y,,,,,,y,,,,,,,y,,,,,,,,,,,,,,,,,,y,,,,,,,,,,68,,,,,,,,,,,,,,,,,,,y,y,y,,,,,,,y,,,,,y,,,
2664,Terre Haute,1730 E Harlan Drive,Terre Haute,IN,47802,39.347895,-87.389742,2.899,3.449,3.899,4.049,fuel,USA,USD,MapUp,Loves,,,,,,,,,y,,,y,,,,,,y,,,,,,,,,,,,,,,,,,,,,,,,y,y,y,,,,,,y,,,,,,,y,,,,,,,,,,,,,,,,,,y,,,,,,,,,,70,,,,,,,,,,,,,,,,,,,,y,y,,,,,,,y,,,,,,,,
2750,Oakwood,17919 Newtown Rd,Oakwood,IL,61858,40.130598,-87.777316,3.169,3.719,4.119,3.689,fuel,USA,USD,MapUp,Loves,,,,,,,,,,y,y,y,,,y,,y,y,,,,,,,,,,,,,,,,,y,,,,,y,,y,y,y,,,,,,y,,,,,,,y,,,,,y,y,,,,,,,,,,,,y,,,,,,,,,,67,,,,,,,,,,,,,,,,,,,y,y,y,,,,,,,y,,,,,y,,,
2284,Edinburg - SRI,8420 N Expressway 281,Edinburg,TX,78542,26.385897,-98.141242,2.999,3.449,3.799,3.449,fuel,USA,USD,MapUp,Loves,,,,,,,,,,y,y,y,,,,,,y,,,,,,,,,,,,,,,,,,,,,,y,,y,y,,,,,,,y,,,,,,,y,,,,,,,,,,,,,,,,,,y,,,,,,,,,,149,,,,,,,,,,,,,,,,,,,y,y,y,,,,,,,y,,,,,y,,,
2595,Gulfport,9240 County Farm Rd,Gulfport,MS,39503,30.419116,-89.190218,2.759,3.209,3.559,3.589,fuel,USA,USD,MapUp,Loves,,,,,,,,,y,y,y,y,,,y,,y,y,,,,,,,,,,,,,,,,,,,,,,y,,y,y,y,,,,y,,y,,,,,,,y,,,,,y,y,,,,,,,,,,,,y,,,,,,,,,,97,,,,,,,,,,,,,,,,,,,y,y,y,,,,,,,y,,,,,y,,,
2292,Dwight,12 W. Northbrook Drive,Dwight,IL,60420,41.11424,-88.4153,3.199,3.749,4.149,3.649,fuel,USA,USD,MapUp,Loves,,,,,,,,,,,,y,,,,,,,,y,,,,,,,,,,,,,,,y,,,,,,,y,y,y,,,,,,y,,,,,,,y,,,,,,y,,,,,,,,,,,,y,,,,,,,,,,120,,,,,,,,,,,,,,,,,,,,y,y,,,,,,,y,,,,,,,,
2429,Nashville,130 W. Trinity Lane,Nashville,TN,37207,36.205575,-86.771637,2.759,3.209,3.559,3.749,fuel,USA,USD,MapUp,Loves,,,,,,,,,,,,y,,,,,,y,,,,,,,,,,,,,,,,,,,,,,,,y,y,,,,,,,y,,,,,,,,,,,,,,,,,,,,,,,,,y,,,,,,,,,,58,,,,,,,,,,,,,,,,,,,,y,y,,,,,,,y,,,,,,,,
2844,St. Charles,2102 Enterprise Drive,St. Charles,MN,55972,43.954459,-92.064198,2.899,3.349,3.749,3.749,fuel,USA,USD,MapUp,Loves,,,,,,,,,y,,,y,,,,,,y,,,,,,,,,,,,,,,,,,,,,,,,y,y,y,,,,,,y,,,,,,,y,,,,,y,y,,,,,,,,,,,,y,,,,,,,,,,61,,,,,,,,,,,,,,,,,,,,y,y,,,,,,,y,,,,,,,,
2754,Rochelle,400 Steward Road,Rochelle,IL,61068,41.898041,-89.066732,3.199,3.749,4.149,3.889,fuel,USA,USD,MapUp,Loves,,,,,,,,,y,y,y,y,,,y,,y,y,,,,,,,,,,,,,,,,,y,,,,,y,,y,y,y,,,,,,y,,,,,,,,,,,,y,y,,,,,,,,,,,,y,,,,,,,,,,102,,,,,,,,,,,,,,,,,,,y,y,y,,,,,,,y,,,,,y,,,
2310,Wamsutter,314 Kelly Rd,Wamsutter,WY,82336,41.675893,-107.982457,3.299,3.599,3.899,3.589,fuel,USA,USD,MapUp,Loves,,,,,,,,,y,y,y,y,,,y,,,,,,,,,,,,,,,,,,,,y,,,,,y,,y,y,y,,,,,,y,,,,,,,,,,,,,y,,,,,,,,,,,,y,,,,,,,,,,95,,,,,,,,,,,,,,,,,,,y,y,y,,,,,,,y,,,,,y,,,
2629,White House,1001 Highway 76,White House,TN,37188,36.467853,-86.687413,2.599,3.049,3.399,3.589,fuel,USA,USD,MapUp,Loves,,,,,,,,,y,y,y,y,,,y,,,y,,,,,,,,,,,,,,,,,,,,,,y,,y,y,y,,,,,,y,,,,,,,y,,,,,y,,,,,,,,,,,,,y,,,,,,,,,,83,,,,,,,,,,,,,,,,,,,y,y,y,,,,,,,y,,,,,y,,,
2381,Falkville,64 E. Pike Rd.,Falkville,AL,35622,34.367333,-86.89353,2.799,3.249,3.649,3.849,fuel,USA,USD,MapUp,Loves,,,,,,,,,y,y,y,y,,,y,,,y,,,,,,,,,,,,,,,,,,,,,,y,,y,y,y,,,,,,y,,,,,,,,,,,,y,y,,,,,,,,,,,,y,,,,,,,,,,84,,,,,,,,,,,,,,,,,,,y,y,y,,,,,,,y,,,,,y,,,
2885,Combes,21379 US 77 Expressway,Harlingen,TX,78550,26.249206,-97.726688,2.659,3.109,3.459,3.749,fuel,USA,USD,MapUp,Loves,,,,,,,,,y,,,y,,,,,,y,,,,,,,,,,,,,,,,,,,,,,,,y,y,y,,,,,,y,,,,,,,y,,,,,y,,,,,,,,,,,,,y,,,,,,,,,,63,,,,,,,,,,,,,,,,,,,,y,y,,,,,,,y,,,,,,,,
2402,Biloxi,11332 Cedar Lake Rd.,Biloxi,MS,39532,30.452073,-88.93331,2.599,3.049,3.399,3.789,fuel,USA,USD,MapUp,Loves,,,,,,,,,,,,y,,,,,,y,,,,,,,,,,,,,,,,,,,,,,,,y,y,y,,,,,,y,,,,,,,y,,,,,,y,,,,,,,,,,,,y,,,,,,,,,,103,,,,,,,,,,,,,,,,,,,,y,y,,,,,,,y,,,,,,,,
2851,Monroe Center,16991 E Illinois Rte 72,Monroe Center,IL,61052,42.099645,-89.018089,3.199,3.749,4.149,3.889,fuel,USA,USD,MapUp,Loves,,,,,,,,,,,,y,,,,,,y,,y,,,,,,,,,,,,,,,y,,,,,,,y,y,y,,,,,,y,,,,,,,y,,,,,y,y,,,,,,,,,,,,y,,,,,,,,,,70,,,,,,,,,,,,,,,,,,,,y,y,,,,,,,y,,,,,,,,
2864,Lucedale,2127 Hopper Road,Lucedale,MS,39452,30.923614,-88.514251,2.599,3.049,3.399,3.789,fuel,USA,USD,MapUp,Loves,,,,,,,,,y,,,y,,,,,,y,,,,,,,,,,,,,,,,,,,,,,,,y,y,y,,,,,,y,,,,,,,,,,,,y,y,,,,,,,,,,,,y,,,,,,,,,,42,,,,,,,,,,,,,,,,,,,,y,,,,,,,,y,,,,,,,,
2859,Morris,8909 N Brisbin Rd,Morris,IL,60450,41.415297,-88.365596,3.199,3.749,4.149,3.889,fuel,USA,USD,MapUp,Loves,,,,,,,,,y,y,y,y,,,y,,y,y,,,,,,,,,,,,,,,,,,,,,,y,,y,y,y,,,,y,,y,,,,,,,y,,,,,y,y,,,,,,,,,,,,y,,,,,,,,,,86,,,,,,,,,,,,,,,,,,,y,y,y,,,,,,,y,,,,,y,,,
2877,Good Hope,497 County Road 222,Cullman,AL,35055,34.129181,-86.864036,2.799,3.249,3.649,3.849,fuel,USA,USD,MapUp,Loves,,,,,,,,,y,,,y,,,,,,,,,,,,,,,,,,,,,,,y,,,,,,,y,y,y,,,,y,,y,,,,,,,y,,,,,y,y,,,,,,,,,,,,y,,,,,,,,,,82,,,,,,,,,,,,,,,,,,,,y,y,,,,,,,y,,,,,,,,
2775,Rockford,4628 South Main Street,Rockford,IL,61102,42.21505,-89.107076,3.199,3.749,4.149,3.499,fuel,USA,USD,MapUp,Loves,,,,,,,,,y,,,y,,,,,,y,,,,,,,,,,,,,,,,,y,,,,,,,y,y,y,,,,,,y,,,,,,,y,,,,,y,y,,,,,,,,,,,,y,,,,,,,,,,88,,,,,,,,,,,,,,,,,,,,y,y,,,,,,,y,,,,,,,,
2739,Donna,545 W I-2,Donna,TX,78537,26.182717,-98.06724,2.899,3.349,3.699,3.749,fuel,USA,USD,MapUp,Loves,,,,,,,,,y,y,y,y,,,,,,y,,,,,,,,,,,,,,,,,y,,,,,y,,y,y,y,,,,,,y,,,,,,,,,,,,,y,,,,,,,,,,,,y,,,,,,,,,,95,,,,,,,,,,,,,,,,,,,y,y,y,,,,,,,y,,,,,y,,,
2227,McCalla,22183 Highway 216,Mc Calla,AL,35111,33.278775,-87.09893,2.639,3.089,3.489,3.499,fuel,USA,USD,MapUp,Loves,,,,,,,,,,y,y,y,,,y,,,y,,,,,,,,,,,,,,,,,,,,,,y,,y,y,,,,,,,y,,,,,,,,,,,,,y,,,,,,,,,,,,y,,,,,,,,,,90,,,,,,,,,,,,,,,,,,,y,y,y,,,,,,,y,,,,,y,,,
2793,Mt Juliet,150 Couchville Industrial Blvd,Mt Juliet,TN,37122,36.067289,-86.428406,2.799,3.249,3.599,3.589,fuel,USA,USD,MapUp,Loves,,,,,,,,,y,y,y,y,,,y,,y,y,,,,,,,,,,,,,,,,,,,,,,y,,y,y,y,,,,,,y,,,,,,,y,,,,,y,y,,,,,,,,,,,,y,,,,,,,,,,100,,,,,,,,,,,,,,,,,,,y,y,y,,,,,,,y,,,,,y,,,
2768,Channahon,23801 W Bluff Rd,Channahon,IL,60410,41.434064,-88.189665,3.249,3.799,4.199,3.649,fuel,USA,USD,MapUp,Loves,,,,,,,,,,y,y,y,,,y,,y,y,,,,,,,,,,,,,,,,,,,,,,y,,y,y,y,,,,,,y,,,,,,,y,,,,,,y,,,,,,,,,,,,y,,,,,,,,,,91,,,,,,,,,,,,,,,,,,,y,y,y,,,,,,,y,,,,,y,,,
2278,Joseph City,4703 Main St.,Joseph City,AZ,86032,34.954751,-110.311242,3.099,3.449,3.749,3.919,fuel,USA,USD,MapUp,Loves,,,,,,,,,y,y,y,y,,,y,,,y,,,,,,,,,,,,,,,,,,,,,,y,,y,y,y,,,,,,y,,,,,,,y,,,,,y,,,,,,,,,,,,,y,,,,,,,,,,58,,,,,,,,,,,,,,,,,,,y,y,y,,,,,,,y,,,,,y,,,
2395,Kankakee,3407 South State Road 45/52,Kankakee,IL,60901,41.07094,-87.868694,3.089,3.639,4.039,3.589,fuel,USA,USD,MapUp,Loves,,,,,,,,,,y,y,y,,,y,,,y,,y,,,,,,,,,,,,,,,y,,,,,y,,y,y,y,,,,,,y,,,,,,,y,,,,,,y,,,,,,,,,,,,y,,,,,,,,,,90,,,,,,,,,,,,,,,,,,,y,y,y,,,,,,,y,,,,,y,,,
2314,Murfreesboro,6137 Epps Mill Rd.,Christiana,TN,37037,35.724209,-86.319661,2.759,3.209,3.559,3.749,fuel,USA,USD,MapUp,Loves,,,,,,,,,,y,y,y,,,y,,,y,,y,,,,,,,,,,,,,,,y,,,,,y,,y,y,y,,,,,,y,,,,,,,y,,,,,y,,,,,,,,,,,,,y,,,,,,,,,,101,,,,,,,,,,,,,,,,,,,y,y,y,,,,,,,y,,,,,y,,,
2322,Roscoe,13477 Quality Dr.,Roscoe,IL,61073,42.455985,-88.998069,2.949,3.499,3.899,3.889,fuel,USA,USD,MapUp,Loves,,,,,,,,,y,y,y,y,,,y,,,y,,,,,,,,,,,,,,,,,y,,,,,y,,y,y,y,,,,,,y,,,,,,,y,,,,,y,y,,,,,,,,,,,,y,,,,,,,,,,108,,,,,,,,,,,,,,,,,,,y,y,y,,,,,,,y,,,,,y,,,
2792,Green River,1810 Main Street,Green River,UT,84525,38.995129,-110.185162,3.199,3.499,3.799,3.789,fuel,USA,USD,MapUp,Loves,,,,,,,,,y,,,y,,,,,,,,,,,,,,,,,,,,,,,,,,,,,,y,y,y,,,,y,,y,,,,,,,y,,,,,y,y,,,,,,,,,,,,y,,,,,,,,,,80,,,,,,,,,,,,,,,,,,,,y,y,,,,,,,,,,,,,,,
2767,Brownsville,3400 Nafta Parkway,Brownsville,TX,78526,25.954858,-97.418534,2.739,3.189,3.539,3.559,fuel,USA,USD,MapUp,Loves,,,,,,,,,y,,,y,,,,,,y,,,,,,,,,,,,,,,,,,,,,,,,y,y,,,,,,,y,,,,,,,,,,,,,y,,,,,,,,,,,,y,,,,,,,,,,44,,,,,,,,,,,,,,,,,,,,y,y,,,,,,,y,,,,,,,,
2839,Leavenworth,6582 S State Road 66,Leavenworth,IN,47137,38.244564,-86.357526,3.099,3.649,4.099,4.049,fuel,USA,USD,MapUp,Loves,,,,,,,,,y,y,y,y,,,y,,y,y,,,,,,,,,,,,,,,,,,,,,,y,,y,y,y,,,,y,,y,,,,,,,y,,,,,y,y,,,,,,,,,,,,y,,,,,,,,,,85,,,,,,,,,,,,,,,,,,,y,y,y,,,,,,,y,,,,,y,,,
2763,Hampshire,201 Love\'s Crossing,Hampshire,IL,60140,42.149101,-88.514535,3.369,3.919,4.319,3.889,fuel,USA,USD,MapUp,Loves,,,,,,,,,y,y,y,y,,,y,,y,y,,y,,,,,,,,,,,,,,,y,,,,,y,,y,y,y,,,,y,,y,,,,,,,y,,,,,y,y,,,,,,,,,,,,y,y,,,,,,,,,224,,,,,,,,,,,,,,,,,,,y,y,y,,,,,,,y,,,,,y,,,
2624,Prichard,2600 W I-65 Service Rd N,Prichard,AL,36612,30.742,-88.1108,2.699,3.149,3.549,3.689,fuel,USA,USD,MapUp,Loves,,,,,,,,,y,y,y,y,,,y,,,y,,,,,,,,,,,,,,,,,,,,,,y,,y,y,y,,,,,,y,,,,,,,y,,,,,y,,,,,,,,,,,,,y,,,,,,,,,,73,,,,,,,,,,,,,,,,,,,y,y,y,,,,,,,y,,,,,y,,,
2834,Grant Park,8316 N Route 1,Grant Park,IL,60940,41.241902,-87.628942,3.179,3.729,4.129,3.449,fuel,USA,USD,MapUp,Loves,,,,,,,,,,,,y,,,,,,y,,,,,,,,,,,,,,,,,,,,,,,,y,y,y,,,,,,y,,,,,,,,,,,,,y,,,,,,,,,,,,y,,,,,,,,,,33,,,,,,,,,,,,,,,,,,,,y,y,,,,,,,,,,,,,,,
2846,Mobile- Irvington,8400 County Farm Rd,Irvington,AL,36544,30.531819,-88.23788,2.699,3.149,3.549,3.749,fuel,USA,USD,MapUp,Loves,,,,,,,,,y,y,y,y,,,y,,y,y,,,,,,,,,,,,,,,,,,,,,,y,,y,y,y,,,,,,y,,,,,,,y,,,,,y,y,,,,,,,,,,,,y,,,,,,,,,,105,,,,,,,,,,,,,,,,,,,y,y,y,,,,,,,y,,,,,y,,,
2530,"Moody, AL",2625 Kelly Creek Rd S,Moody,AL,35004,33.577002,-86.477205,2.619,3.069,3.469,3.549,fuel,USA,USD,MapUp,Loves,,,,,,,,,y,y,y,y,,,y,,,y,,,,,,,,,,,,,,,,,,,,,,y,,y,y,y,,,,,,y,,,,,,,y,,,,,y,y,,,,,,,,,,,,y,,,,,,,,,,95,,,,,,,,,,,,,,,,,,,y,y,y,,,,,,,y,,,,,y,,,
2764,"Hillsboro, TN",1165 Aedc Road,Hillsboro,TN,37342,35.419681,-86.014618,2.759,3.209,3.559,3.749,fuel,USA,USD,MapUp,Loves,,,,,,,,,y,y,y,y,,,y,,y,y,,,,,,,,,,,,,,,,,,,,,,y,,y,y,y,,,,,,y,,,,,,,y,,,,,y,y,,,,,,,,,,,,y,,,,,,,,,,85,,,,,,,,,,,,,,,,,,,y,y,y,,,,,,,y,,,,,y,,,
2831,Willcox,1600 N Fort Grant Rd,Willcox,AZ,85643,32.266928,-109.847324,3.149,3.499,3.799,3.989,fuel,USA,USD,MapUp,Loves,,,,,,,,,y,,,y,,,,,,y,,,,,,,,,,,,,,,,,,,,,,,,y,y,y,,,,,,y,,,,,,,,,,,,y,y,,,,,,,,,,,,y,,,,,,,,,,60,,,,,,,,,,,,,,,,,,,,y,y,,,,,,,y,,,,,,,,
2360,Horse Cave,4000 L&N Turnpike,Horse Cave,KY,42749,37.201373,-85.935198,2.799,3.349,3.749,3.589,fuel,USA,USD,MapUp,Loves,,,,,,,,,y,y,y,y,,,y,,y,y,,,,,,,,,,,,,,,,,y,,,,,y,,y,y,y,,,,y,,y,,,,,,,y,,,,,y,y,,,,,,,,,,,,y,,,,,,,,,,161,,,,,,,,,,,,,,,,,,,y,y,y,,,,,,,y,,,,,y,,,
2842,Rockville,8708 Crossing Drive,Rockville,MN,56301,45.512369,-94.285667,2.799,3.249,3.649,3.589,fuel,USA,USD,MapUp,Loves,,,,,,,,,y,y,y,y,,,y,,y,y,,,,,,,,,,,,,,,,,,,,,,y,,y,y,y,,,,y,,y,,,,,,,y,,,,,y,y,,,,,,,,,,,,y,,,,,,,,,,101,,,,,,,,,,,,,,,,,,,y,y,y,,,,,,,y,,,,,y,,,
2254,Belleville-Mooresville,2299 Koger St,Mooresville,IN,46158,39.615839,-86.478508,2.899,3.449,3.899,3.989,fuel,USA,USD,MapUp,Loves,,,,,,,,,,y,y,y,,,y,,,y,,y,,,,,,,,,,,,,,,,,,,,y,,y,y,y,,,,,,y,,,,,,,y,,,,,,y,,,,,,,,,,,,y,,,,,,,,,,95,,,,,,,,,,,,,,,,,,,y,y,y,,,,,,,y,,,,,y,,,
2345,Oakdale,220 Oakwood St.,Oakdale,WI,54660,43.961187,-90.378159,2.999,3.549,3.999,3.469,fuel,USA,USD,MapUp,Loves,,,,,,,,,y,y,y,y,,,y,,,y,,,,,,,,,,,,,,,,,,,,,,y,,y,y,y,,,,,,y,,,,,,,,,,,,,y,,,,,,,,,,,,y,,,,,,,,,,76,,,,,,,,,,,,,,,,,,,y,y,y,,,,,,,y,,,,,y,,,
2800,Elk Grove Village,1900 Busse Rd,Elk Grove Village,IL,60007,41.99875,-87.96085,3.249,3.799,4.199,3.749,fuel,USA,USD,MapUp,Loves,,,,,,,,,,,,y,,,,,,y,,y,,,,,,,,,,,,,,,,,,,,,,y,y,,,,,,,y,,,,,,,,,,,,,y,,,,,,,,,,,,y,,,,,,,,,,16,,,,,,,,,,,,,,,,,,,,y,y,,,,,,,y,,,,,,,,
2874,"Lafayette, IN",2400 E 200 N,Lafayette,IN,47905,40.452717,-86.850201,2.999,3.549,3.999,3.889,fuel,USA,USD,MapUp,Loves,,,,,,,,,y,y,y,y,,,y,,,y,,,,,,,,,,,,,,,,,,,,,,y,,y,y,y,,,,,,y,,,,,,,y,,,,,y,y,,,,,,,,,,,,y,,,,,,,,,,64,,,,,,,,,,,,,,,,,,,y,y,y,,,,,,,y,,,,,y,,,
2637,Dekorra - Poynette,W9493 County Road Cs,Dekorra - Poynette,WI,53955,43.390296,-89.469399,2.789,3.339,3.789,3.889,fuel,USA,USD,MapUp,Loves,,,,,,,,,y,y,y,y,,,y,,,y,,,,,,,,,,,,,,,,,,,,,,y,,y,y,y,,,,,,y,,,,,,,y,,,,,y,,,,,,,,,,,,,y,,,,,,,,,,73,,,,,,,,,,,,,,,,,,,y,y,y,,,,,,,y,,,,,y,,,
2394,DeMotte,11207 W State Road 10,Demotte,IN,46310,41.143469,-87.26102,3.159,3.709,4.159,3.689,fuel,USA,USD,MapUp,Loves,,,,,,,,,,y,y,y,,,y,,,y,,,,,,,,,,,,,,,,,,,,,,y,,y,y,y,,,,,,y,,,,,,,y,,,,,y,y,,,,,,,,,,,y,y,,,,,,,,,,120,,,,,,,,,,,,,,,,,,,y,y,y,,,,,,,y,,,,,y,,,
2716,Elizabethtown,601 S Ring Rd,Elizabethtown,KY,42701,37.6547,-85.8869,2.749,3.299,3.699,3.649,fuel,USA,USD,MapUp,Loves,,,,,,,,,y,y,y,y,,,y,,,y,,,,,,,,,,,,,,,,,y,,,,,y,,y,y,y,,,,,,y,,,,,,,y,,,,,y,y,,,,,,,,,,,,y,,,,,,,,,,63,,,,,,,,,,,,,,,,,,,y,y,y,,,,,,,y,,,,,y,,,
2304,Steele,905 Steele Station Rd.,Steele,AL,35987,33.933261,-86.191228,2.699,3.149,3.549,3.989,fuel,USA,USD,MapUp,Loves,,,,,,,,,y,y,y,y,,,y,,,y,,,,,,,,,,,,,,,,,,,,,,y,,y,y,y,,,,y,,y,,,,,,,y,,,,,y,y,,,,,,,,,,,,y,,,,,,,,y,,85,,,,,,,,,,,,,,,,,,,y,y,y,,,,,,,y,,,,,y,,,
2368,Clanton,300 Arby Dr,Clanton,AL,35046,32.844151,-86.591963,2.699,3.149,3.549,3.789,fuel,USA,USD,MapUp,Loves,,,,,,,,,y,y,y,y,,,y,,,y,,,,,,,,,,,,,,,,,,,,,,y,,y,y,y,,,,,,y,,,,,,,y,,,,,,,,,,,,,,,,,,y,,,,,,,,,,65,,,,,,,,,,,,,,,,,,,y,y,y,,,,,,,y,,,,,y,,,
2606,South Holland,1533 E 162nd Street,South Holland,IL,60473,41.599769,-87.579831,3.299,3.849,4.249,3.689,fuel,USA,USD,MapUp,Loves,,,,,,,,,y,y,y,y,,,y,,,y,,y,,,,,,,,,,,,,,,y,,,,,y,,y,y,y,,,,,,y,,,,,,,y,,,,,,,,,,,,,,,,,,y,,,,,,,,,,86,,,,,,,,,,,,,,,,,,,y,y,y,,,,,,,y,,,,,y,,,
2752,Elkhorn,100 E Commerce Ct,Elkhorn,WI,53121,42.652564,-88.542025,2.899,3.449,3.899,3.589,fuel,USA,USD,MapUp,Loves,,,,,,,,,,y,y,y,,,y,,y,y,,y,,,,,,,,,,,,,,,,,,,,y,,y,y,y,,,,,,y,,,,,,,y,,,,,y,y,,,,,,,,,,,,y,,,,,,,,,,100,,,,,,,,,,,,,,,,,,,y,y,y,,,,,,,y,,,,,y,,,
2832,Columbus - 832,15402 Hornsby Street NE,Columbus,MN,55025,45.248883,-93.022763,2.799,3.249,3.649,3.549,fuel,USA,USD,MapUp,Loves,,,,,,,,,y,y,y,y,,,y,,y,y,,,,,,,,,,,,,,,,,,,,,,y,,y,y,y,,,,,,,,,,,,,y,,,,,y,y,,,,,,,,,,,,y,,,,,,,,,,87,,,,,,,,,,,,,,,,,,,y,y,y,,,,,,,y,,,,,y,,,
2319,Pittsboro,780 Jeff Gordon Blvd.,Pittsboro,IN,46167,39.877254,-86.473992,2.899,3.449,3.899,3.949,fuel,USA,USD,MapUp,Loves,,,,,,,,,y,,,y,,,,,,y,,y,,,,,,,,,,,,,,,,,,,,,,y,y,y,,,,,,y,,,,,,,y,,,,,y,y,,,,,,,,,,,,y,,,,,,,,,,82,,,,,,,,,,,,,,,,,,,,y,y,,,,,,,y,,,,,,,,
2206,Loxley,126 E Flying K Rd,Loxley,AL,36551,30.654386,-87.759422,2.659,3.109,3.509,3.799,fuel,USA,USD,MapUp,Loves,,,,,,,,,y,y,y,y,,,y,,,y,,,,,,,,,,,,,,,,,,,,,,y,,y,y,,,,,,,y,,,,,,,y,,,,,y,y,,,,,,,,,,,,y,,,,,,,,,,80,,,,,,,,,,,,,,,,,,,y,y,y,,,,,,,y,,,,,y,,,
2622,Menomonie,5930 Badger Dr.,Menomonie,WI,54751,44.906993,-91.855865,2.999,3.549,3.999,3.689,fuel,USA,USD,MapUp,Loves,,,,,,,,,,y,y,y,,,y,,,y,,,,,,,,,,,,,,,,,,,,,,y,,y,y,y,,,,,,y,,,,,,,y,,,,,y,,,,,,,,,,,,,y,,,,,,,,,,110,,,,,,,,,,,,,,,,,,,y,y,y,,,,,,,y,,,,,y,,,
2417,Gary,3150 Grant St,Gary,IN,46408,41.561796,-87.35664,3.259,3.809,4.259,4.029,fuel,USA,USD,MapUp,Loves,,,,,,,,,,y,y,y,,,y,,y,y,,,,,,,,,,,,,,,,,,,,,,y,,,y,y,,,,,,y,,,,,,,y,,,,,y,y,,,,,,,,,,,,y,y,,,,,,,,,154,,,,,,,,,,,,,,,,,,,y,y,y,,,,,,,y,,,,,y,,,
2459,Whitestown,4155 S Indianapolis Rd,Whitestown,IN,46075,39.979492,-86.395742,2.789,3.339,3.789,3.969,fuel,USA,USD,MapUp,Loves,,,,,,,,,,y,y,y,,,y,,,y,,y,,,,,,,,,,,,,,,,,,,,y,,y,y,y,,,,,,y,,,,,,,y,,,,,y,y,,,,,,,,,,,,y,,,,,,,,,,90,,,,,,,,,,,,,,,,,,,y,y,y,,,,,,,y,,,,,y,,,
2330,Baxter,110 Fast Lane,Baxter,TN,38544,36.139694,-85.63023,2.599,3.049,3.399,3.589,fuel,USA,USD,MapUp,Loves,,,,,,,,,y,y,y,y,,,y,,,y,,,,,,,,,,,,,,,,,,,,,,y,,y,y,y,,,,,,y,,,,,,,y,,,,,,y,,,,,,,,,,,,y,,,,,,,,,,120,,,,,,,,,,,,,,,,,,,y,y,y,,,,,,,y,,,,,y,,,
2888,James Town- Green River,8901 Hwy 374,Green River,WY,82935,41.560036,-109.539654,3.159,3.459,3.759,3.689,fuel,USA,USD,MapUp,Loves,,,,,,,,,y,y,y,y,,,y,,y,y,,,,,,,,,,,,,,,,,,,,,,y,,y,y,y,,,,,,y,,,,,,,y,,,,,y,y,,,,,,,,,,,,y,,,,,,,,,,90,,,,,,,,,,,,,,,,,,,y,y,y,,,,,,,y,,,,,y,,,
2238,Shepherdsville,1090 Cedar Grove Rd.,Shepherdsville,KY,40165,37.979467,-85.694363,2.699,3.249,3.649,3.649,fuel,USA,USD,MapUp,Loves,,,,,,,,,,y,y,y,,,y,,,y,,y,,,,,,,,,,,,,,,,,,,,y,,y,y,y,,,,,,y,,,,,,,y,,,,,y,y,,,,,,,,,,,,y,,,,,,,,,,88,,,,,,,,,,,,,,,,,,,y,y,y,,,,,,,y,,,,,y,,,
2355,Memphis,13615 Blue Lick Rd.,Memphis,IN,47143,38.490873,-85.76988,2.959,3.509,3.959,3.889,fuel,USA,USD,MapUp,Loves,,,,,,,,,,y,y,y,,,y,,,y,,,,,,,,,,,,,,,,,,,,,,y,,y,y,y,,,,,,y,,,,,,,y,,,,,y,y,,,,,,,,,,,,y,,,,,,,,,,220,,,,,,,,,,,,,,,,,,,y,y,y,,,,,,,y,,,,,y,,,
2451,Whiteland,5115 N. 300 E.,Whiteland,IN,46184,39.551539,-86.044627,2.959,3.509,3.959,3.989,fuel,USA,USD,MapUp,Loves,,,,,,,,,,,,y,,,,,,y,,y,,,,,,,,,,,,,,,,,,,,,,y,y,y,,,,,,y,,,,,,,y,,,,,,y,,,,,,,,,,,,y,,,,,,,,,,70,,,,,,,,,,,,,,,,,,,,y,y,,,,,,,y,,,,,,,,
2770,Wadsworth,43100 US Hwy 41,Wadsworth,IL,60083,42.489035,-87.953391,3.099,3.649,4.049,3.889,fuel,USA,USD,MapUp,Loves,,,,,,,,,y,y,y,y,,,y,,y,y,,,,,,,,,,,,,,,,,y,,,,,y,,y,y,y,,,,,,y,,,,,,,y,,,,,y,y,,,,,,,,,,,,y,,,,,,,,,,97,,,,,,,,,,,,,,,,,,,y,y,y,,,,,,,y,,,,,y,,,
2225,Evergreen,16101 Highway 84,Evergreen,AL,36401,31.419105,-87.00765,2.919,3.369,3.769,3.789,fuel,USA,USD,MapUp,Loves,,,,,,,,,,y,y,y,,,y,,,y,,,,,,,,,,,,,,,,,,,,,,y,,y,y,y,,,,y,,y,,,,,,,y,,,,,y,y,,,,,,,,,,,,y,,,,,,,,,,148,,,,,,,,,,,,,,,,,,,y,y,y,,,,,,,y,,,,,y,,,
2490,Nickajack,260 TVA Road,Jasper,TN,37347,35.035683,-85.58188,2.759,3.209,3.559,3.749,fuel,USA,USD,MapUp,Loves,,,,,,,,,y,y,y,y,,,y,,y,y,,,,,,,,,,,,,,,,,,,,,,y,,y,y,y,,,,,,y,,,,,,,y,,,,,y,,,,,,,,,,,,,y,,,,,,,,,,188,,,,,,,,,,,,,,,,,,,y,y,y,,,,,,,y,,,,,y,,,
2965,Buffalo,190 US Hwy 16 E,Buffalo,WY,82834,44.357109,-106.662045,2.899,3.199,3.499,3.689,fuel,USA,USD,MapUp,Loves,,,,,,,,,y,,,y,,,,,,,,,,,,,,,,,,,,,,,,,,,,,,y,y,,,,,y,,y,,,,,,,y,,,,,y,y,,,,,,,,,,,,y,,,,,,,,,,64,,,,,,,,,,,,,,,,,,,,y,y,,,,,,,y,,,,,,,,
2718,Hope Hull,1127 Tyson Rd,Hope Hull,AL,36043,32.19624,-86.415235,2.599,3.049,3.449,3.789,fuel,USA,USD,MapUp,Loves,,,,,,,,,y,y,y,y,,,y,,y,y,,,,,,,,,,,,,,,,,,,,,,y,,y,y,y,,,,,,y,,,,,,,y,,,,,y,y,,,,,,,,,,,,y,,,,,,,,,,85,,,,,,,,,,,,,,,,,,,y,y,y,,,,,,,y,,,,,y,,,
2460,Benson,643 S. Highway 90,Benson,AZ,85602,31.962406,-110.344844,2.859,3.209,3.509,3.789,fuel,USA,USD,MapUp,Loves,,,,,,,,,y,y,y,y,,,y,,y,,,,,,,,,,,,,,,,,,,,,,,y,,y,y,y,,,,,,y,,,,,,,,,,,,,,,,,,,,,,,,,y,,,,,,,,,,85,,,,,,,,,,,,,,,,,,,y,y,y,,,,,,,y,,,,,y,,,
2710,Tipton,1875 Campbell Crossing,Tipton,IN,46072,40.276444,-86.130021,2.959,3.509,3.959,4.089,fuel,USA,USD,MapUp,Loves,,,,,,,,,y,y,y,y,,,y,,y,y,,y,,,,,,,,,,,,,,,,,,,,y,,y,y,y,,,,,,y,,,,,,,y,,,,,y,y,,,,,,,,,,,,y,,,,,,,,,,88,,,,,,,,,,,,,,,,,,,y,y,y,,,,,,,y,,,,,y,,,
2876,Michigan City,10157 N Love\'s Ave,Michigan City,IN,46361,41.652281,-86.895889,3.239,3.789,4.239,4.029,fuel,USA,USD,MapUp,Loves,,,,,,,,,,y,y,y,,,y,,y,y,,,,,,,,,,,,,,,,,,,,,,y,,y,y,y,,,,,,y,,,,,,,y,,,,,y,,,,,,,,,,,,,y,,,,,,,,,,114,,,,,,,,,,,,,,,,,,,y,y,y,,,,,,,y,,,,,y,,,
2432,Oak Creek,9650 S. 20th St.,Oak Creek,WI,53154,42.871169,-87.940847,2.999,3.549,3.999,3.869,fuel,USA,USD,MapUp,Loves,,,,,,,,,y,y,y,y,,,y,,,y,,,,,,,,,,,,,,,,,y,,,,,y,,y,y,y,,,,,,y,,,,,,,y,,,,,y,y,,,,,,,,,,,,y,,,,,,,,,,116,,,,,,,,,,,,,,,,,,,y,y,y,,,,,,,y,,,,,y,,,
2600,Ingalls,9000 Interpark Dr,Pendleton,IN,46064,39.992157,-85.845121,2.829,3.379,3.829,3.969,fuel,USA,USD,MapUp,Loves,,,,,,,,,,y,y,y,,,y,,,y,,y,,,,,,,,,,,,,,,,,,,,y,,y,y,y,,,,,,y,,,,,,,y,,,,,,,,,,,,,,,,,,y,,,,,,,,,,100,,,,,,,,,,,,,,,,,,,y,y,y,,,,,,,y,,,,,y,,,
2391,St. Paul - SRI,7880 N Old US Highway 421,Saint Paul,IN,47272,39.449756,-85.626449,2.899,3.449,3.899,4.049,fuel,USA,USD,MapUp,Loves,,,,,,,,,,y,y,y,,,y,,,y,,,,,,,,,,,,,,,,,,,,,,y,,y,y,y,,,,,,y,,,,,,,y,,,,,,,,,,,,,,,,,,y,,,,,,,,,,69,,,,,,,,,,,,,,,,,,,y,y,y,,,,,,,y,,,,,y,,,
2818,Heflin,6647 Hwy 46,Heflin,AL,36264,33.647017,-85.506004,2.749,3.199,3.599,3.549,fuel,USA,USD,MapUp,Loves,,,,,,,,,y,y,y,y,,,y,,y,y,,,,,,,,,,,,,,,,,y,,,,,y,,y,y,y,,,,y,,y,,,,,,,y,,,,,y,y,,,,,,,,,,,,y,,,,,,,,,,72,,,,,,,,,,,,,,,,,,,y,y,y,,,,,,,y,,,,,y,,,
2577,Shorter,431 Main St.,Shorter,AL,36075,32.404387,-85.956505,2.799,3.249,3.649,3.569,fuel,USA,USD,MapUp,Loves,,,,,,,,,y,y,y,y,,,y,,y,y,,,,,,,,,,,,,,,,,,,,,,y,,y,y,y,,,,,,y,,,,,,,y,,,,,,,,,,,,,,,,,,y,,,,,,,,,,83,,,,,,,,,,,,,,,,,,,y,y,y,,,,,,,y,,,,,y,,,
2802,Milton,3840 Garcon Point Rd,Milton,FL,32583,30.574249,-87.030483,2.849,3.299,3.649,3.799,fuel,USA,USD,MapUp,Loves,,,,,,,,,y,y,y,y,,,y,,y,y,,,,,,,,,,,,,,,,,,,,,,y,,y,y,y,,,,,,y,,,,,,,y,,,,,y,y,,,,,,,,,,,,y,,,,,,,,,,138,,,,,,,,,,,,,,,,,,,y,y,y,,,,,,,y,,,,,y,,,
2303,Waddy,1940 Waddy Road,Waddy,KY,40076,38.152234,-85.07025,2.859,3.409,3.809,3.789,fuel,USA,USD,MapUp,Loves,,,,,,,,,,y,y,y,,,y,,,y,,y,,,,,,,,,,,,,,,y,,,,,y,,y,y,,,,,,,y,,,,,,,y,,,,,y,y,,,,,,,,,,,,y,,,,,,,,,,67,,,,,,,,,,,,,,,,,,,y,y,y,,,,,,,y,,,,,y,,,
2601,Knightstown,6190 South State Route 109,Knightstown,IN,46148,39.843649,-85.557514,2.999,3.549,3.999,4.049,fuel,USA,USD,MapUp,Loves,,,,,,,,,y,y,y,y,,,y,,,y,,,,,,,,,,,,,,,,,,,,,,y,,y,y,y,,,,,,y,,,,,,,y,,,,,y,y,,,,,,,,,,,,y,,,,,,,,,,89,,,,,,,,,,,,,,,,,,,y,y,y,,,,,,,y,,,,,y,,,
2633,Plymouth,2952 Gary Drive,Plymouth,IN,46563,41.362314,-86.3492,2.899,3.449,3.899,4.089,fuel,USA,USD,MapUp,Loves,,,,,,,,,,y,y,y,,,y,,,y,,y,,,,,,,,,,,,,,,,,,,,y,,y,y,y,,,,,,y,,,,,,,y,,,,,,,,,,,,,,,,,,y,,,,,,,,,,59,,,,,,,,,,,,,,,,,,,y,y,y,,,,,,,y,,,,,y,,,
2587,Fond Du Lac,191 West Rolling Meadows Drive,Fond du Lac,WI,54937,43.748125,-88.46358,2.799,3.349,3.799,3.589,fuel,USA,USD,MapUp,Loves,,,,,,,,,y,y,y,y,,,y,,,y,,y,,,,,,,,,,,,,,,y,,,,,y,,y,y,y,,,,,,y,,,,,,,y,,,,,y,,,,,,,,,,,,,y,,,,,,,,,,85,,,,,,,,,,,,,,,,,,,y,y,y,,,,,,,y,,,,,y,,,
2353,Fargo,3220 39th St S,Fargo,ND,58104,46.831448,-96.844139,2.959,3.359,3.659,3.689,fuel,USA,USD,MapUp,Loves,,,,,,,,,,y,y,y,,,y,,,y,,,,,,,,,,,,,,,,,,,,,,y,,y,y,y,,,,,,y,,,,,,,y,,,,,y,,,,,,,,,,,,,y,,,,,,,,,,96,,,,,,,,,,,,,,,,,,,y,y,y,,,,,,,y,,,,,y,,,
2849,Valley City,1385 8th Ave SW,Valley City,ND,58072,46.910457,-98.00599,2.999,3.399,3.699,3.689,fuel,USA,USD,MapUp,Loves,,,,,,,,,y,y,y,y,,,y,,y,y,,,,,,,,,,,,,,,,,,,,,,y,,y,y,y,,,,,,y,,,,,,,y,,,,,,y,,,,,,,,,,,,y,,,,,,,,,,98,,,,,,,,,,,,,,,,,,,y,y,y,,,,,,,y,,,,,y,,,
2311,Waco,523 Atlantic Ave.,Waco,GA,30182,33.691297,-85.189547,2.759,3.209,3.609,3.959,fuel,USA,USD,MapUp,Loves,,,,,,,,,y,y,y,y,,,y,,,y,,y,,,,,,,,,,,,,,,y,,,,,y,,y,y,y,,,,,,y,,,,,,,y,,,,,,,,,,,,,,,,,,y,,,,,,,,,,66,,,,,,,,,,,,,,,,,,,y,y,y,,,,,,,y,,,,,y,,,
2364,Charleston,200 Lower River Road NW,Charleston,TN,37310,35.290197,-84.817591,2.749,3.199,3.549,3.789,fuel,USA,USD,MapUp,Loves,,,,,,,,,y,y,y,y,,,y,,,y,,,,,,,,,,,,,,,,,,,,,,y,,y,y,y,,,,,,y,,,,,,,y,,,,,y,y,,,,,,,,,,,,y,,,,,,,,,,85,,,,,,,,,,,,,,,,,,,y,y,y,,,,,,,y,,,,,y,,,
2383,Sparta,499 Loves Drive,Sparta,KY,41083,38.69365,-84.938639,2.859,3.409,3.809,3.749,fuel,USA,USD,MapUp,Loves,,,,,,,,,y,,,y,,,,,,y,,,,,,,,,,,,,,,,,y,,,,,,,y,y,y,,,,,,y,,,,,,,y,,,,,,y,,,,,,,,,,,,y,,,,,,,,,,85,,,,,,,,,,,,,,,,,,,,y,y,,,,,,,y,,,,,,,,
2581,Salina,1915 South State Street,Salina,UT,84654,38.932001,-111.853582,3.059,3.359,3.659,3.789,fuel,USA,USD,MapUp,Loves,,,,,,,,,y,,,y,,,,,,y,,,,,,,,,,,,,,,,,,,,,,,,y,y,y,,,,,,y,,,,,,,y,,,,,y,,y,,,,,,,,,,y,y,,,,,,,,,,65,,,,,,,,,,,,,,,,,,,,y,y,,,,,,,y,,,,,,,,
2735,Calhoun,1081 Belwood Road SE,Calhoun,GA,30701,34.443856,-84.915181,2.769,3.219,3.619,3.789,fuel,USA,USD,MapUp,Loves,,,,,,,,,y,y,y,y,,,y,,y,y,,,,,,,,,,,,,,,,,y,,,,,y,,y,y,y,,,,,,y,,,,,,,y,,,,,y,y,,,,,,,,,,,,y,,,,,,,,,,93,,,,,,,,,,,,,,,,,,,y,y,y,,,,,,,y,,,,,y,,,
2323,Marion,253 Tippy Ditch Rd,Marion,IN,46952,40.554335,-85.548979,3.259,3.809,4.259,3.969,fuel,USA,USD,MapUp,Loves,,,,,,,,,y,y,y,y,,,y,,,y,,,,,,,,,,,,,,,,,,,,,,y,,y,y,y,,,,,,y,,,,,,,y,,,,,,y,,,,,,,,,,,,y,,,,,,,,,,64,,,,,,,,,,,,,,,,,,,y,y,y,,,,,,,y,,,,,y,,,
2553,Williams,1055 N Grand Canyon Blvd,Williams,AZ,86046,35.262781,-112.193587,2.989,3.339,3.639,3.989,fuel,USA,USD,MapUp,Loves,,,,,,,,,y,y,y,y,,,y,,,y,,,,,,,,,,,,,,,,,,,,,,y,,y,y,y,,y,,,,y,,,,,,,,y,,,,y,,,,,,,,,,,,,y,,,,,,,,,,90,,,,,,,,,,,,,,,,,,,y,y,y,,,,,,,y,,,,,y,,,
2518,Springville,358 South 2200 West,Springville,UT,84663,40.162271,-111.651681,3.199,3.499,3.799,3.789,fuel,USA,USD,MapUp,Loves,,,,,,,,,y,y,y,y,,,y,,,y,,,,,,,,,,,,,,,,,,,,,,y,,y,y,y,,,,,,y,,,,,,,,,,,,,,,,,,,,,,,,,y,,,,,,,,,,55,,,,,,,,,,,,,,,,,,,y,y,y,,,,,,,y,,,,,y,,,
2879,Huntington,1379 Flaxmill Rd,Huntington,IN,46750,40.887716,-85.52357,3.059,3.609,4.059,3.689,fuel,USA,USD,MapUp,Loves,,,,,,,,,,,,y,,,,,,y,,y,,,,,,,,,,,,,,,,,,,,,,y,y,,,,,,,y,,,,,,,,,,,,,y,,,,,,,,,,,,y,,,,,,,,,,39,,,,,,,,,,,,,,,,,,,,y,y,,,,,,,y,,,,,,,,
2561,Mossy Head,17750 Hwy 285 Drive S,Mossy Head,FL,32435,30.733881,-86.349145,2.799,3.249,3.599,3.789,fuel,USA,USD,MapUp,Loves,,,,,,,,,y,y,y,y,,,y,,y,y,,,,,,,,,,,,,,,,,,,,,,y,,y,y,y,,,,,,y,,,,,,,y,,,,,,,,,,,,,,,,,,y,,,,,,,,,,82,,,,,,,,,,,,,,,,,,,y,y,y,,y,,,,,y,,,,,y,,,
2640,Sheboygan,6710 South Business Dr,Sheboygan,WI,53081,43.6769,-87.7577,2.999,3.549,3.999,3.529,fuel,USA,USD,MapUp,Loves,,,,,,,,,,,,y,,,,,,y,,,,,,,,,,,,,,,,,y,,,,,,,y,y,y,,,,,,y,,,,,,,y,,,,,y,,,,,,,,,,,,,y,,,,,,,,,,53,,,,,,,,,,,,,,,,,,,,y,y,,,,,,,y,,,,,,,,
2722,Cordes Junction (Mayer),14414 S Cross L Rd,Mayer,AZ,86333,34.334818,-112.117712,2.999,3.349,3.649,4.049,fuel,USA,USD,MapUp,Loves,,,,,,,,,y,y,y,y,,,y,,y,y,,,,,,,,,,,,,,,,,,,,,,y,,y,y,y,,,,,,y,,,,,,,y,,,,,,y,,,,,,,,,,,,y,,,,,,,,,,53,,,,,,,,,,,,,,,,,,,y,y,y,,,,,,,y,,,,,y,,,
2618,Sadieville,313 Porter Road,Sadieville,KY,40370,38.379493,-84.572583,2.899,3.449,3.849,3.489,fuel,USA,USD,MapUp,Loves,,,,,,,,,,y,y,y,,,y,,y,y,,y,,,,,,,,,,,,,,,y,,,,,y,,y,y,y,,,,,,y,,,,,,,y,,,,,y,,,,,,,,,,,,,y,,,,,,,,,,80,,,,,,,,,,,,,,,,,,,y,y,y,,,,,,,y,,,,,y,,,
2350,Nogales,739 E Frontage Rd,Nogales,AZ,85621,31.428598,-110.962381,2.959,3.309,3.609,3.989,fuel,USA,USD,MapUp,Loves,,,,,,,,,y,y,,y,,,y,,y,y,,,,,,,,,,,,,,,,,,,,,,y,,,y,y,,,,,,y,,,,,,,,,,,,y,y,,,,,,,,,,,,y,,,,,,,,,,79,,,,,,,,,,,,,,,,,,,y,y,y,,,,,,,y,,,,,y,,,
2359,Emerson,150 Old Allatoona Rd SE,Emerson,GA,30121,34.118857,-84.743165,2.999,3.449,3.849,3.889,fuel,USA,USD,MapUp,Loves,,,,,,,,,,y,y,y,,,y,,,y,,y,,,,,,,,,,,,,,,y,,,,,y,,y,y,,,,,,,y,,,,,,,y,,,,,y,y,,,,,,,,,,,,y,,,,,,,,,,93,,,,,,,,,,,,,,,,,,,y,y,y,,,,,,,y,,,,,y,,,
2771,West Point - 771,1917 Hwy 18,West Point,GA,31833,32.877702,-85.148422,2.799,3.249,3.649,3.889,fuel,USA,USD,MapUp,Loves,,,,,,,,,y,y,y,y,,,y,,y,y,,,,,,,,,,,,,,,,,y,,,,,y,,y,y,y,,,,y,,y,,,,,,,y,,,,,y,y,,,,,,,,,,,,y,,,,,,,,,,82,,,,,,,,,,,,,,,,,,,y,y,y,,,,,,,y,,,,,y,,,
2265,Casa Grande,5000 N Sunland Gin Rd,Eloy,AZ,85131,32.80643,-111.672093,2.599,2.949,3.249,3.889,fuel,USA,USD,MapUp,Loves,,,,,,,,,,,,y,,,,,,y,,y,,,,,,,,,,,,,,,,,,,,,,y,y,,,,,,,y,,,,,,,,,,,,y,,,,,,,,,,,,,y,,,,,,,,,,105,,,,,,,,,,,,,,,,,,,,y,y,,,,,,,y,,,,,,,,
2729,Elkhart,2201 CR 17,Goshen,IN,46528,41.665878,-85.888229,2.999,3.549,3.999,3.699,fuel,USA,USD,MapUp,Loves,,,,,,,,,y,,,y,,,,,,y,,y,,,,,,,,,,,,,,,,,,,,,,y,y,y,,,,,,y,,,,,,,y,,,,,,y,,,,,,,,,,,,y,,,,,,,,,,85,,,,,,,,,,,,,,,,,,,,y,y,,,,,,,y,,,,,,,,
2861,Loudon,222 Elizabeth Lee Pkwy,Loudon,TN,37774,35.732785,-84.400061,2.749,3.199,3.549,3.789,fuel,USA,USD,MapUp,Loves,,,,,,,,,y,y,y,y,,,y,,y,y,,,,,,,,,,,,,,,,,,,,,,y,,y,y,y,,,,y,,y,,,,,,,y,,,,,y,y,,,,,,,,,,,,y,,,,,,,,,,102,,,,,,,,,,,,,,,,,,,y,y,y,,,,,,,y,,,,,y,,,
2222,Richmond,2698 US 35 N.,Richmond,IN,47374,39.870945,-84.933264,2.939,3.489,3.939,4.049,fuel,USA,USD,MapUp,Loves,,,,,,,,,y,y,y,y,,,y,,,y,,y,,,,,,,,,,,,,,,,,,,,y,,y,y,y,,,,,,y,,,,,,,y,,,,,y,,,,,,,,,,,,,y,,,,,,,,,,130,,,,,,,,,,,,,,,,,,,y,y,y,,,,,,,y,,,,,y,,,
2480,Lenoir City,9155 Highway 321 N,Lenoir City,TN,37771,35.872378,-84.32321,2.989,3.439,3.789,3.559,fuel,USA,USD,MapUp,Loves,,,,,,,,,,y,y,y,,,y,,,y,,,,,,,,,,,,,,,,,,,,,,y,,y,y,y,,,,,,y,,,,,,,y,,,,,y,y,,,,,,,,,,,,y,,,,,,,,,,100,,,,,,,,,,,,,,,,,,,y,y,y,,,,,,,y,,,,,y,,,
2328,Chandler,7001 W. Sundust Rd.,Chandler,AZ,85226,33.279875,-111.962298,3.159,3.509,3.809,3.889,fuel,USA,USD,MapUp,Loves,,,,,,,,,,y,y,y,,,y,,,y,,,,,,,,,,,,,,,,,,,,,,y,,y,y,,,,,,,y,,,,,,,,,,,,y,,,,,,,,,,,,,y,,,,,,,,,,95,,,,,,,,,,,,,,,,,,,y,y,y,,y,,,,,y,,,,,y,,,
2291,Richmond,3799 Colonel Rd.,Richmond,KY,40475,37.84322,-84.324537,2.849,3.399,3.799,3.729,fuel,USA,USD,MapUp,Loves,,,,,,,,,,y,y,y,,,y,,,y,,,,,,,,,,,,,,,,,,,,,,y,,y,y,y,,,,,,y,,,,,,,y,,,,,,y,,,,,,,,,,,,y,,,,,,,,,,63,,,,,,,,,,,,,,,,,,,y,y,y,,,,,,,y,,,,,y,,,
2376,Hogansville,1621 Bass Cross Rd.,Hogansville,GA,30230,33.159438,-84.871354,2.749,3.199,3.599,4.049,fuel,USA,USD,MapUp,Loves,,,,,,,,,y,y,y,y,,,y,,,y,,y,,,,,,,,,,,,,,,y,,,,,y,,y,y,y,,,,,,y,,,,,,,y,,,,,y,,,,,,,,,,,,,y,,,,,,,,,,56,,,,,,,,,,,,,,,,,,,y,y,y,,,,,,,y,,,,,y,,,
2835,Fillmore,915 South 1100 West,Fillmore,UT,84631,38.948548,-112.352721,2.959,3.259,3.559,3.789,fuel,USA,USD,MapUp,Loves,,,,,,,,,y,y,y,y,,,y,,y,,,,,,,,,,,,,,,,,,,,,,,y,,y,y,y,,,,y,,y,,,,,,,y,,,,,y,y,,,,,,,,,,,,y,,,,,,,,,,79,,,,,,,,,,,,,,,,,,,y,y,y,,,,,,,y,,,,,y,,,
2774,Smiths Station,747 Lee Road 248,Smiths Station,AL,36877,32.536993,-85.082484,2.749,3.199,3.599,3.579,fuel,USA,USD,MapUp,Loves,,,,,,,,,y,,,y,,,,,,y,,,,,,,,,,,,,,,,,,,,,,,,y,y,,,,,,,y,,,,,,,y,,,,,y,y,,,,,,,,,,,,y,,,,,,,,,,62,,,,,,,,,,,,,,,,,,,,y,y,,,,,,,y,,,,,,,,
2566,Ozark,3771 S US Highway 231,Ozark,AL,36360,31.427267,-85.619824,2.849,3.299,3.699,3.989,fuel,USA,USD,MapUp,Loves,,,,,,,,,y,y,y,y,,,y,,,y,,,,,,,,,,,,,,,,,,,,,,y,,y,y,y,,,,,,y,,,,,,,y,,,,,y,,,,,,,,,,,,,y,,,,,,,,,,68,,,,,,,,,,,,,,,,,,,y,y,y,,,,,,,y,,,,,y,,,
2321,Corbin,222 Highway 770,Corbin,KY,40701,36.977491,-84.116242,2.899,3.449,3.849,3.729,fuel,USA,USD,MapUp,Loves,,,,,,,,,y,,,y,,,,,,y,,,,,,,,,,,,,,,,,y,,,,,,,y,y,y,,,,,,y,,,,,,,y,,,,,y,,,,,,,,,,,,,y,,,,,,,,,,90,,,,,,,,,,,,,,,,,,,,y,y,,,,,,,y,,,,,,,,
2659,Tolleson,8313 Roosevelt St,Tolleson,AZ,85353,33.457995,-112.23908,3.399,3.749,4.049,3.889,fuel,USA,USD,MapUp,Loves,,,,,,,,,y,y,y,y,,,y,,y,y,,y,,,,,,,,,,,,,,,,,,,,y,,y,y,y,,,,,,y,,,,,,,,,,,,y,y,,,,,,,,,,,,y,,,,,,,,,,89,,,,,,,,,,,,,,,,,,,y,y,y,,,,,,,y,,,,,y,,,
2436,Salt Lake City,25 N. Redwood Rd.,Salt Lake City,UT,84116,40.769949,-111.939921,2.999,3.299,3.599,3.789,fuel,USA,USD,MapUp,Loves,,,,,,,,,,,,y,,,,,,y,,y,,,,,,,,,,,,,,,,,,,,,,y,y,,,,,,,y,,,,,,,,,,,,,y,,,,,,,,,,,,y,,,,,,,,,,78,,,,,,,,,,,,,,,,,,,,y,y,,,,,,,y,,,,,,,,
2742,Holland,9790 Adams St,Holland,MI,49424,42.782791,-86.023202,2.599,3.149,3.599,3.949,fuel,USA,USD,MapUp,Loves,,,,,,,,,y,y,y,y,,,y,,,y,,y,,,,,,,,,,,,,,,,,,,,y,,y,y,y,,,,,,y,,,,,,,y,,,,,,y,,,,,,,,,,,,y,,,,,,,,,,70,,,,,,,,,,,,,,,,,,,y,y,y,,,,,,,y,,,,,y,,,
2878,Alamo,7900 Adobe Road,Alamo,MI,49009,42.374803,-85.659821,3.099,3.649,4.099,3.659,fuel,USA,USD,MapUp,Loves,,,,,,,,,,,,y,,,,,,y,,,,,,,,,,,,,,,,,,,,,,,,y,y,,,,,,,y,,,,,,,y,,,,,y,y,,,,,,,,,,,,y,,,,,,,,,,63,,,,,,,,,,,,,,,,,,,,y,y,,,,,,,y,,,,,,,,
2592,Woodburn,5959 N State Road 101,Woodburn,IN,46797,41.141101,-84.850485,2.989,3.539,3.989,4.089,fuel,USA,USD,MapUp,Loves,,,,,,,,,,y,y,y,,,y,,,y,,y,,,,,,,,,,,,,,,,,,,,y,,y,y,y,,,,,,y,,,,,,,y,,,,,y,,,,,,,,,,,,,y,,,,,,,,,,76,,,,,,,,,,,,,,,,,,,y,y,y,,,,,,,y,,,,,y,,,
2335,Cedar City,2645 N Canyon Ranch Dr,Cedar City,UT,84720,37.725785,-113.051367,3.089,3.389,3.689,3.789,fuel,USA,USD,MapUp,Loves,,,,,,,,,y,y,y,y,,,y,,,y,,,,,,,,,,,,,,,,,,,,,,y,,y,y,y,,,,,,y,,,,,,,y,,,,,y,,,,,,,,,,,,,y,,,,,,,,,,48,,,,,,,,,,,,,,,,,,,y,y,y,,,,,,,y,,,,,y,,,
2427,Dayton,2217 S Edwin C Moses Blvd,Dayton,OH,45417,39.732978,-84.208953,2.639,3.189,3.639,3.549,fuel,USA,USD,MapUp,Loves,,,,,,,,,,y,y,y,,,y,,y,y,,y,,,,,,,,,,,,,,,,,,,,y,,y,y,y,,,,,,y,,,,,,,y,,,,,,,,,,,,,,,,,,y,,,,,,,,,,112,,,,,,,,,,,,,,,,,,,y,y,y,,,,,,,y,,,,,y,,,
2280,Buckeye,1610 S Miller Rd,Buckeye,AZ,85326,33.431284,-112.591725,3.299,3.649,3.949,3.889,fuel,USA,USD,MapUp,Loves,,,,,,,,,,y,y,y,,,y,,,y,,,,,,,,,,,,,,,,,,,,,,y,,y,y,y,,,,,,y,,,,,,,,,,,,y,y,,,,,,,,,,,,y,,,,,,,,,,48,,,,,,,,,,,,,,,,,,,y,y,y,,,,,,,,,,,,y,,,
2551,Angola,3443 W. Maumee Street,Angola,IN,46703,41.633593,-85.050747,2.859,3.409,3.859,4.089,fuel,USA,USD,MapUp,Loves,,,,,,,,,y,y,y,y,,,y,,,y,,,,,,,,,,,,,,,,,,,,,,y,,y,y,y,,,,,,y,,,,,,,y,,,,,y,,,,,,,,,,,,,y,,,,,,,,,,120,,,,,,,,,,,,,,,,,,,y,y,y,,,,,,,y,,,,,y,,,
2453,Cottondale,2510 Highway 231,Cottondale,FL,32431,30.749024,-85.382951,2.929,3.379,3.729,3.729,fuel,USA,USD,MapUp,Loves,,,,,,,,,,y,y,y,,,y,,,y,,,,,,,,,,,,,,,,,,,,,,y,,y,y,y,,,,,,y,,,,,,,,,,,,y,,,,,,,,,,,,,y,,,,,,,,,,110,,,,,,,,,,,,,,,,,,,y,y,y,,,,,,,y,,,,,y,,,
2747,Sidney - 747,2241 Fair Rd,Sidney,OH,45365,40.265328,-84.186013,2.939,3.489,3.939,3.549,fuel,USA,USD,MapUp,Loves,,,,,,,,,,y,y,y,,,y,,y,y,,,,,,,,,,,,,,,,,,,,,,y,,y,y,y,,,,y,,y,,,,,,,y,,,,,y,y,,,,,,,,,,,,y,y,,,,,,,,,130,,,,,,,,,,,,,,,,,,,y,y,y,,,,,,,y,,,,,y,,,
2686,Brigham City,20 South 1550 West St,Brigham City,UT,84302,41.508809,-112.053738,3.099,3.399,3.699,3.789,fuel,USA,USD,MapUp,Loves,,,,,,,,,y,y,y,y,,,y,,,y,,,,,,,,,,,,,,,,,,,,,,y,,y,y,y,,,,,,y,,,,,,,y,,,,,y,,,,,,,,,,,,y,y,,,,,,,,,,96,,,,,,,,,,,,,,,,,,,y,y,y,,,,,,,y,,,,,y,,,
2306,Dandridge,1058 Deep Springs Rd.,Dandridge,TN,37725,36.011677,-83.532051,2.699,3.149,3.499,3.789,fuel,USA,USD,MapUp,Loves,,,,,,,,,,,,y,,,,,,y,,,,,,,,,,,,,,,,,,,,,,,,y,y,,,,,,,y,,,,,,,,,,,,y,,,,,,,,,,,,,y,,,,,,,,,,65,,,,,,,,,,,,,,,,,,,,y,y,,,,,,,y,,,,,,,,
2679,Hardin,1270 N State Highway 47,Hardin,MT,59034,45.748255,-107.611532,3.059,3.359,3.659,3.389,fuel,USA,USD,MapUp,Loves,,,,,,,,,y,,,y,,,,,,y,,,,,,,,,,,,,,,,,,,,,,,,y,y,y,,,,,,y,,,,,,,,,,,,y,,,,,,,,,,,,y,y,,,,,,,,,,74,,,,,,,,,,,,,,,,,,,,y,y,,,,,,,y,,,,,,,,
2748,Edon,14553 State Route 49,Edon,OH,43518,41.627561,-84.767331,2.899,3.449,3.899,3.989,fuel,USA,USD,MapUp,Loves,,,,,,,,,y,y,y,y,,,y,,y,y,,,,,,,,,,,,,,,,,,,,,,y,,y,y,y,,,,,,y,,,,,,,y,,,,,y,y,,,,,,,,,,,,y,,,,,,,,,,111,,,,,,,,,,,,,,,,,,,y,y,y,,,,,,,y,,,,,y,,,
2307,Jackson,115 Truck Stop Way,Jackson,GA,30233,33.208091,-84.05852,2.899,3.349,3.749,3.889,fuel,USA,USD,MapUp,Loves,,,,,,,,,,,,y,,,,,,y,,y,,,,,,,,,,,,,,,y,,,,,,,y,y,y,,,,,,y,,,,,,,,,,,,,,,,,,,,,,,,,y,,,,,,,,,,40,,,,,,,,,,,,,,,,,,,,y,y,,,,,,,y,,,,,,,,
2555,Delphos,1910 E 5th St,Delphos,OH,45833,40.847803,-84.312626,3.189,3.739,4.189,3.549,fuel,USA,USD,MapUp,Loves,,,,,,,,,y,,,y,,,,,,,,,,,,,,,,,,,,,,,,,,,,,,y,y,y,,,,,,y,,,,,,,y,,,,,,y,,,,,,,,,,,,y,,,,,,,,,,86,,,,,,,,,,,,,,,,,,,,y,y,,,,,,,y,,,,,,,,
2296,Gila Bend - SRI,820 W Pima St,Gila Bend,AZ,85337,32.94432,-112.733253,3.199,3.549,3.849,4.049,fuel,USA,USD,MapUp,Loves,,,,,,,,,y,,,y,,,,,,y,,,,,,,,,,,,,,,,,,,,,,,,y,y,,,,,,,y,,,,,,,,,,,,y,,,,,,,,,,,,,y,,,,,,,,,,41,,,,,,,,,,,,,,,,,,,,y,y,,,,,,,y,,,,,,,,
2336,Marshall,18720 Partello Rd.,Marshall,MI,49068,42.280206,-84.93073,3.099,3.649,4.099,3.769,fuel,USA,USD,MapUp,Loves,,,,,,,,,y,y,y,y,,,y,,,y,,y,,,,,,,,,,,,,,,,,,,,y,,y,y,y,,,,,,y,,,,,,,y,,,,,,y,,,,,,,,,,,,y,,,,,,,,,,112,,,,,,,,,,,,,,,,,,,y,y,y,,,,,,,y,,,,,y,,,
2605,Springfield,1725 Ridge Rd,Springfield,OH,45502,39.893548,-83.722517,2.649,3.199,3.649,3.649,fuel,USA,USD,MapUp,Loves,,,,,,,,,y,y,y,y,,,y,,y,y,,y,,,,,,,,,,,,,,,,,,,,y,,y,y,y,,,,y,,y,,,,,,,y,,,,,,,,,,,,,,,,,,y,,,,,,,,,,112,,,,,,,,,,,,,,,,,,,y,y,y,,,,,,,y,,,,,y,,,
2796,Newport,1129 Smokey Mountain Lane,Newport,TN,37821,35.970619,-83.247821,2.599,3.049,3.399,3.789,fuel,USA,USD,MapUp,Loves,,,,,,,,,y,y,y,y,,,y,,y,y,,,,,,,,,,,,,,,,,,,,,,y,,y,y,y,,,,y,,y,,,,,,,y,,,,,y,y,,,,,,,,,,,,y,,,,,,,,,,95,,,,,,,,,,,,,,,,,,,y,y,y,,,,,,,y,,,,,y,,,
2352,Jeffersonville,13023 US 35,Jeffersonville,OH,43128,39.620768,-83.612786,3.199,3.749,4.199,3.629,fuel,USA,USD,MapUp,Loves,,,,,,,,,y,y,y,y,,,y,,,y,,,,,,,,,,,,,,,,,,,,,,y,,y,y,y,,,,,,y,,,,,,,y,,,,,y,y,,,,,,,,,,,,y,,,,,,,,,,141,,,,,,,,,,,,,,,,,,,y,y,y,,,,,,,y,,,,,y,,,
2765,Commerce,4855 Maysville Road,Commerce,GA,30529,34.227399,-83.499387,2.999,3.449,3.849,3.559,fuel,USA,USD,MapUp,Loves,,,,,,,,,,y,y,y,,,y,,y,y,,y,,,,,,,,,,,,,,,y,,,,,y,,y,y,y,,,,,,y,,,,,,,y,,,,,y,y,,,,,,,,,,,,y,,,,,,,,,,114,,,,,,,,,,,,,,,,,,,y,y,y,,,,,,,y,,,,,y,,,
2810,Bellefontaine,2001 State Route 540,Bellefontaine,OH,43311,40.371804,-83.725684,2.929,3.479,3.929,3.549,fuel,USA,USD,MapUp,Loves,,,,,,,,,y,,,y,,,,,,y,,,,,,,,,,,,,,,,,,,,,,,,y,y,y,,,,y,,y,,,,,,,y,,,,,y,y,,,,,,,,,,,,y,,,,,,,,,,135,,,,,,,,,,,,,,,,,,,,y,y,,,,,,,y,,,,,,,,
2781,Madison,1500 Monticello Road,Madison,GA,30650,33.562861,-83.497019,2.939,3.389,3.789,4.059,fuel,USA,USD,MapUp,Loves,,,,,,,,,y,y,y,y,,,y,,y,y,,,,,,,,,,,,,,,,,y,,,,,y,,y,y,y,,,,,,y,,,,,,,y,,,,,,y,,,,,,,,,,,,y,,,,,,,,,,108,,,,,,,,,,,,,,,,,,,y,y,y,,,,,,,y,,,,,y,,,
2841,Napoleon,775 American Road,Napoleon,OH,43545,41.416321,-84.106962,2.999,3.549,3.999,3.779,fuel,USA,USD,MapUp,Loves,,,,,,,,,y,y,y,y,,,y,,y,y,,y,,,,,,,,,,,,,,,y,,,,,y,,y,y,y,,,,,,y,,,,,,,y,,,,,y,y,,,,,,,,,,,,y,,,,,,,,,,98,,,,,,,,,,,,,,,,,,,y,y,y,,,,,,,y,,,,,y,,,
2698,Macon,1190 Frank Amerson Pkwy,Macon,GA,31216,32.717528,-83.733418,2.999,3.449,3.849,3.849,fuel,USA,USD,MapUp,Loves,,,,,,,,,,y,y,y,,,y,,y,y,,,,,,,,,,,,,,,,,y,,,,,y,,y,y,y,,,,,,y,,,,,,,y,,,,,y,y,,,,,,,,,,,,y,,,,,,,,,,119,,,,,,,,,,,,,,,,,,,y,y,y,,,,,,,y,,,,,y,,,
2787,Bulls Gap (Mosheim),10465 Lonesome Pine Trail,Mosheim,TN,37818,36.2765,-82.925643,2.699,3.149,3.499,3.759,fuel,USA,USD,MapUp,Loves,,,,,,,,,y,y,y,y,,,y,,y,y,,,,,,,,,,,,,,,,,,,,,,y,,y,y,y,,,,y,,y,,,,,,,y,,,,,y,y,,,,,,,,,,,,y,,,,,,,,,,109,,,,,,,,,,,,,,,,,,,y,y,y,,,,,,,y,,,,,y,,,
2418,Grayson,750 N. Carol Malone Blvd.,Grayson,KY,41143,38.341101,-82.941906,2.599,3.149,3.549,3.789,fuel,USA,USD,MapUp,Loves,,,,,,,,,,,y,y,,,y,,,y,,,,,,,,,,,,,,,,,,,,,,y,,y,y,y,,,,,,y,,,,,,,y,,,,,,,,,,,,,,,,,,y,,,,,,,,,,50,,,,,,,,,,,,,,,,,,,y,y,y,,,,,,,y,,,,,y,,,
2272,Kingman,6035 E. Minerva Lane,Kingman,AZ,86401,35.19925,-113.90403,2.959,3.309,3.609,4.189,fuel,USA,USD,MapUp,Loves,,,,,,,,,y,y,y,y,,,y,,,y,,,,,,,,,,,,,,,,,,,,,,y,,y,y,y,,,,,,y,,,,,,,,,,,,y,y,,,,,,,,,,,,y,,,,,,,,,,86,,,,,,,,,,,,,,,,,,,y,y,y,,,,,,,,,,,,y,,,
2808,Albany,1737 Clark Ave,Albany,GA,31705,31.581169,-84.106279,2.799,3.249,3.649,4.049,fuel,USA,USD,MapUp,Loves,,,,,,,,,,,,y,,,,,,y,,,,,,,,,,,,,,,,,y,,,,,,,y,y,y,,,,,,y,,,,,,,y,,,,,,y,,,,,,,,,,,,y,,,,,,,,,,100,,,,,,,,,,,,,,,,,,,,y,y,,,,,,,y,,,,,,,,
2785,Watertown Twp (Lansing),7300 West Grand River Ave,Grand Ledge,MI,48837,42.78529,-84.668084,3.099,3.649,4.099,3.889,fuel,USA,USD,MapUp,Loves,,,,,,,,,y,y,y,y,,,y,,y,y,,,,,,,,,,,,,,,,,,,,,,y,,y,y,y,,,,,,y,,,,,,,y,,,,,y,y,,,,,,,,,,,,y,,,,,,,,,,110,,,,,,,,,,,,,,,,,,,y,y,y,,,,,,,y,,,,,y,,,
2387,Fair Play,4238 Old Dobbins Bridge Road,Fair Play,SC,29643,34.50482,-82.96193,2.999,3.449,3.849,3.689,fuel,USA,USD,MapUp,Loves,,,,,,,,,,y,y,y,,,y,,,y,,y,,,,,,,,,,,,,,,,,,,,y,,y,y,y,,,,,,y,,,,,,,y,,,,,y,y,,,,,,,,,,,,y,,,,,,,,,,92,,,,,,,,,,,,,,,,,,,y,y,y,,,,,,,y,,,,,y,,,
2356,N Baltimore - SRI,13190 Deshler Rd.,North Baltimore,OH,45872,41.17372,-83.65167,2.499,3.049,3.499,3.589,fuel,USA,USD,MapUp,Loves,,,,,,,,,,y,y,y,,,y,,,y,,y,,,,,,,,,,,,,,,,,,,,y,,y,y,y,,,,,,y,,,,,,,y,,,,,y,,,,,,,,,,,,,y,,,,,,,,,,65,,,,,,,,,,,,,,,,,,,y,y,y,,,,,,,y,,,,,y,,,
2843,Drayton,7988 160th Ave NE,Drayton,ND,58225,48.570063,-97.1893,2.769,3.169,3.469,3.689,fuel,USA,USD,MapUp,Loves,,,,,,,,,y,,,y,,,,,,y,,,,,,,,,,,,,,,,,,,,,,,,y,y,y,,,,y,,y,,,,,,,y,,,,,y,y,,,,,,,,,,,,y,,,,,,,,,,63,,,,,,,,,,,,,,,,,,,,y,y,,,,,,,y,,,,,,,,
2801,Cordele,1525 E 8th Ave,Cordele,GA,31015,31.975579,-83.758552,2.849,3.299,3.699,3.849,fuel,USA,USD,MapUp,Loves,,,,,,,,y,y,y,y,y,,,y,,y,y,,,,,,,,,,,,,,,,,y,,,,,y,,y,y,y,,,,,,y,,,,,,,y,,,,,y,y,,,,,,,,,,,y,y,,,,,,,,,,92,,,,,,,,,,,,,,,,,,,y,y,y,,,,,,,y,,,,,y,,,
2690,Circleville,25727 Duroc St,Circleville,OH,43113,39.556927,-82.95828,3.099,3.649,4.099,3.889,fuel,USA,USD,MapUp,Loves,,,,,,,,,y,y,y,y,,,y,,,y,,y,,,,,,,,,,,,,,,,,,,,y,,y,y,y,,,,,,y,,,,,,,y,,,,,,,,,,,,,,,,,,y,,,,,,,,,,101,,,,,,,,,,,,,,,,,,,y,y,y,,,,,,,y,,,,,y,,,
2744,Obetz,6023 Alum Creek Drive,Obetz,OH,43137,39.84506,-82.937652,3.199,3.749,4.199,3.659,fuel,USA,USD,MapUp,Loves,,,,,,,,,,y,y,y,,,y,,y,y,,y,,,,,,,,,,,,,,,,,,,,y,,y,y,y,,,,,,y,,,,,,,,,,,,y,y,,,,,,,,,,,,y,,,,,,,,,,90,,,,,,,,,,,,,,,,,,,y,y,y,,,,,,,y,,,,,y,,,
2693,Upper Sandusky,1301 N Warpole St,Upper Sandusky,OH,43351,40.855721,-83.300795,3.059,3.609,4.059,3.889,fuel,USA,USD,MapUp,Loves,,,,,,,,,y,y,y,y,,,y,,,y,,,,,,,,,,,,,,,,,,,,,,y,,y,y,y,,,,,,y,,,,,,,y,,,,,y,,,,,,,,,,,,,y,,,,,,,,,,68,,,,,,,,,,,,,,,,,,,y,y,y,,,,,,,y,,,,,y,,,
2474,Williston,104 104th Street East,Williston,ND,58801,48.243802,-103.621143,2.949,3.349,3.649,3.339,fuel,USA,USD,MapUp,Loves,,,,,,,,,,,,y,,,,,,y,,,,,,,,,,,,,,,,,,,,,,,,y,y,y,,,,,,y,,,,,,,,,,,,,,,,,,,,,,,,,y,,,,,,,,,,108,,,,,,,,,,,,,,,,,,,,y,y,,,,,,,y,,,,,,,,
2456,Toledo- Perrysburg,26530 Baker Rd,Perrysburg,OH,43551,41.537233,-83.466653,2.889,3.439,3.889,3.739,fuel,USA,USD,MapUp,Loves,,,,,,,,,,y,y,y,,,y,,,y,,y,,,,,,,,,,,,,,,,,,,,y,,y,y,y,,,,,,y,,,,,,,y,,,,,y,y,,,,,,,,,,,,y,,,,,,,,,,100,,,,,,,,,,,,,,,,,,,y,y,y,,,,,,,y,,,,,y,,,
2478,Idaho Falls,6737 South 45th West,Idaho Falls,ID,83402,43.436962,-112.119846,3.199,3.499,3.799,3.889,fuel,USA,USD,MapUp,Loves,,,,,,,,,y,,y,y,,,y,,,y,,,,,,,,,,,,,,,,,,,,,,y,,y,y,y,,,,,,y,,,,,,,,,,,,y,,,,,,,,,,,,,y,,,,,,,,,,59,,,,,,,,,,,,,,,,,,,y,y,y,,,,,,,y,,,,,y,,,
2871,Anderson County,1805 Easley Hwy,Piedmont,SC,29673,34.674988,-82.539511,2.959,3.409,3.809,3.689,fuel,USA,USD,MapUp,Loves,,,,,,,,,y,y,y,y,,,y,,y,y,,,,,,,,,,,,,,,,,,,,,,y,,y,y,y,,,,,,y,,,,,,,y,,,,,y,y,,,,,,,,,,,,y,,,,,,,,,,91,,,,,,,,,,,,,,,,,,,y,y,y,,,,,,,y,,,,,y,,,
2872,Lancaster,3799 Lancaster-Circleville Rd SW,Lancaster,OH,43130,39.716026,-82.670894,3.199,3.749,4.199,3.529,fuel,USA,USD,MapUp,Loves,,,,,,,,,y,,,y,,,,,,y,,,,,,,,,,,,,,,,,,,,,,,,y,y,y,,,,y,,y,,,,,,,y,,,,,,y,,,,,,,,,,,,y,,,,,,,,,,68,,,,,,,,,,,,,,,,,,,,y,y,,,,,,,y,,,,,,,,
2386,Lake Havasu,14875 AZ Hwy-95,Lake Havasu City,AZ,86404,34.724959,-114.315844,2.999,3.349,3.649,4.189,fuel,USA,USD,MapUp,Loves,,,,,,,,,,y,y,y,,,y,,,y,,,,,,,,,,,,,,,,,,,,,,y,,y,y,y,,,,,,y,,,,,,,y,,,,,,y,,,,,,,,,,,,y,,,,,,,,,,84,,,,,,,,,,,,,,,,,,,y,y,y,,,,,,,y,,,,,y,,,
2757,Milan - 757,14137 Plank Road,Milan,MI,48160,42.076541,-83.667902,3.099,3.649,4.099,3.749,fuel,USA,USD,MapUp,Loves,,,,,,,,,,y,y,y,,,y,,y,y,,,,,,,,,,,,,,,,,,,,,,y,,y,y,y,,,,,,y,,,,,,,y,,,,,y,y,,,,,,,,,,,,y,,,,,,,,,,95,,,,,,,,,,,,,,,,,,,y,y,y,,,,,,,y,,,,,y,,,
2892,Etna,9901 Schuster Way,Etna,OH,43018,39.944873,-82.679506,2.899,,,3.659,fuel,USA,USD,MapUp,Loves,,,,,,,,,,y,y,y,,,y,,y,y,,,,,,,,,,,,,,,,,,,,,,y,,y,y,y,,,,,,y,,,,,,,y,,,,,y,y,,,,,,,,,,,,y,,,,,,,,,,117,,,,,,,,,,,,,,,,,,,y,y,y,,,,,,,y,,,,,y,,,
2594,Bidwell,2008 State Route 850,Bidwell,OH,45614,38.875395,-82.296051,2.999,3.549,3.999,3.949,fuel,USA,USD,MapUp,Loves,,,,,,,,,y,y,y,y,,,y,,,y,,,,,,,,,,,,,,,,,,,,,,y,,y,y,y,,,,,,y,,,,,,,y,,,,,y,,,,,,,,,,,,,y,,,,,,,,,,80,,,,,,,,,,,,,,,,,,,y,y,y,,,,,,,y,,,,,y,,,
2325,Tifton,178 Southwell Blvd.,Tifton,GA,31794,31.415715,-83.503054,2.999,3.449,3.849,4.029,fuel,USA,USD,MapUp,Loves,,,,,,,,,y,y,y,y,,,y,,,y,,,,,,,,,,,,,,,,,y,,,,,y,,y,y,y,,,,,,y,,,,,,,y,,,,,y,,,,,,,,,,,,,y,,,,,,,,,,115,,,,,,,,,,,,,,,,,,,y,y,y,,,,,,,y,,,,,y,,,
2286,Quartzsite,760 S. Quartzsite Blvd.,Quartzsite,AZ,85346,33.657299,-114.241226,2.999,3.349,3.649,4.089,fuel,USA,USD,MapUp,Loves,,,,,,,,,,y,y,y,,,y,,,y,,,,,,,,,,,,,,,,,,,,,,y,,y,y,y,,,,,,y,,,,,,,,,,,,,,y,,,,,,,,,,,y,,,,,,,,,,81,,,,,,,,,,,,,,,,,,,y,y,y,,,,,,,y,,,,,y,,,
2320,Dublin,3009 Highway 257,Dublin,GA,31021,32.495759,-82.981753,2.849,3.299,3.699,3.849,fuel,USA,USD,MapUp,Loves,,,,,,,,,y,y,y,y,,,y,,,y,,,,,,,,,,,,,,,,,y,,,,,y,,y,y,y,,,,,,y,,,,,,,y,,,,,y,,,,,,,,,,,,,y,,,,,,,,,,68,,,,,,,,,,,,,,,,,,,y,y,y,,,,,,,y,,,,,y,,,
2645,Frenchtown,1609 Nadeau Rd,Frenchtown,MI,48161,41.964765,-83.345143,3.099,3.649,4.099,3.539,fuel,USA,USD,MapUp,Loves,,,,,,,,,,y,y,y,,,y,,,y,,,,,,,,,,,,,,,,,,,,,,y,,y,y,y,,,,,,y,,,,,,,,,,,,y,,,,,,,,,,,,,y,,,,,,,,,,85,,,,,,,,,,,,,,,,,,,y,y,y,,,,,,,y,,,,,y,,,
2354,Thomson,2129 Washington Rd. NW,Thomson,GA,30824,33.514228,-82.503612,2.959,3.409,3.809,3.949,fuel,USA,USD,MapUp,Loves,,,,,,,,,y,y,y,y,,,y,,,y,,,,,,,,,,,,,,,,,y,,,,,y,,y,y,y,,,,,,y,,,,,,,y,,,,,,,,,,,,,,,,,,y,,,,,,,,,,79,,,,,,,,,,,,,,,,,,,y,y,y,,,,,,,y,,,,,y,,,
2340,Las Vegas,12501 Apex Great Basin Pkwy,Las Vegas,NV,89165,36.381561,-114.896529,3.199,3.499,3.799,3.889,fuel,USA,USD,MapUp,Loves,,,,,,,,,y,y,y,y,,,y,,,y,,,,,,,,,,,,,,,,,y,,,,,y,,y,y,y,,,,,,y,,,,,,,y,,,,,y,y,,,,,,,,,,,,y,,,,,,,,,,153,,,,,,,,,y,,,,,,,,,,y,y,y,,,,,,,y,,,,,y,,,
2711,Bellville,976 State Route 97 W,Bellville,OH,44813,40.652891,-82.546018,3.199,3.749,4.199,3.889,fuel,USA,USD,MapUp,Loves,,,,,,,,,y,y,y,y,,,y,,,y,,,,,,,,,,,,,,,,,,,,,,y,,y,y,y,,,,,,y,,,,,,,y,,,,,,y,,,,,,,,,,,,y,,,,,,,,,,73,,,,,,,,,,,,,,,,,,,y,y,y,,,,,,,y,,,,,y,,,
2308,Marion,3308 Hwy 226 S.,Marion,NC,28752,35.657872,-81.96337,2.729,3.179,3.579,3.959,fuel,USA,USD,MapUp,Loves,,,,,,,,,,,,y,,,,,,y,,,,,,,,,,,,,,,,,,,,,,,,,y,,,,,,,y,,,,,,,y,,,,,,,,,,,,,,,,,,y,,,,,,,,,,48,,,,,,,,,,,,,,,,,,,,y,y,,y,,,,,y,,,,,,,,
2613,Meadowview,13365 Glenbrook Ave,Meadowview,VA,24361,36.756463,-81.856803,2.829,,,3.749,fuel,USA,USD,MapUp,Loves,,,,,,,,,,y,y,y,,,y,,,y,,,,,,,,,,,,,,,,,y,,,,,y,,y,y,y,,,,,,y,,,,,,,y,,,,,y,,,,,,,,,,,,,y,,,,,,,,,,62,,,,,,,,,,,,,,,,,,,y,y,y,,,,,,,y,,,,,y,,,
2743,Bridgeport - 743,6560 Dixie Highway,Bridgeport,MI,48722,43.348709,-83.861776,3.099,3.649,4.099,3.489,fuel,USA,USD,MapUp,Loves,,,,,,,,,,y,y,y,,,y,,y,y,,,,,,,,,,,,,,,,,,,,,,y,,y,y,y,,,,,,y,,,,,,,y,,,,,y,y,,,,,,,,,,,,y,,,,,,,,,,102,,,,,,,,,,,,,,,,,,,y,y,y,,,,,,,y,,,,,y,,,
2691,Ely,1701 Great Basin Blvd,Ely,NV,89301,39.242743,-114.869115,2.839,3.139,3.439,3.889,fuel,USA,USD,MapUp,Loves,,,,,,,,,y,,,y,,,,,,,,,,,,,,,,,,,,,,,y,,,,,,,y,y,,,,,,,y,,,,,,,,,,,,y,,,,,,,,,,,,,y,,,,,,,,,,48,,,,,,,,,,,,,,,,,,,,y,y,,,,,,,y,,,,,,,,
2550,Valdosta,I-75 Old Clyattville Rd,Valdosta,GA,31601,30.774407,-83.298368,2.999,3.449,3.849,3.589,fuel,USA,USD,MapUp,Loves,,,,,,,,,y,,,y,,,,,,y,,,,,,,,,,,,,,,,,y,,,,,,,y,y,y,,,,y,,y,,,,,,,y,,,,,y,y,,,,,,,,,,,,y,,,,,,,,,,112,,,,,,,,,,,,,,,,,,,,y,y,,,,,,,y,,,,,,,,
2378,Ripley- SRI,3875 Charleston Rd.,Ripley,WV,25271,38.757195,-81.69044,2.929,3.379,3.729,3.689,fuel,USA,USD,MapUp,Loves,,,,,,,,,,y,y,y,,,y,,,y,,,,,,,,,,,,,,,,,y,,,,,y,,y,y,y,,,,,,y,,,,,,,y,,,,,y,,,,,,,,,,,,,y,,,,,,,,,,80,,,,,,,,,,,,,,,,,,,y,y,y,,,,,,,y,,,,,y,,,
2334,Heyburn -SRI,260 Centennial Dr.,Heyburn,ID,83336,42.564532,-113.740836,3.289,3.589,3.889,3.889,fuel,USA,USD,MapUp,Loves,,,,,,,,,y,,,y,,,,,,y,,,,,,,,,,,,,,,,,,,,,,,,y,y,y,,,,,,y,,,,,,,,,,,,y,,,,,,,,,,,,,y,,,,,,,,,,70,,,,,,,,,,,,,,,,,,,,y,y,,,,,,,y,,,,,,,,
2221,Zanesville -SRI,605 Sonora Rd.,Zanesville,OH,43701,39.968384,-81.90321,3.089,3.639,4.089,3.659,fuel,USA,USD,MapUp,Loves,,,,,,,,,y,y,y,y,,,y,,,y,,y,,,,,,,,,,,,,,,,,,,,,,y,y,y,,,,,,y,,,,,,,y,,,,,,,,,,,,,,,,,,y,,,,,,,,,,80,,,,,,,,,,,,,,,,,,,y,y,y,,,,,,,y,,,,,y,,,
2349,Yuma,2931 E Gila Ridge Rd,Yuma,AZ,85365,32.686341,-114.582581,2.939,3.289,3.589,3.889,fuel,USA,USD,MapUp,Loves,,,,,,,,,y,y,y,y,,,y,,,y,,,,,,,,,,,,,,,,,,,,,,y,,y,y,y,,,,,,y,,,,,,,,,,,,y,y,,,,,,,,,,,,y,,,,,,,,,,80,,,,,,,,,,,,,,,,,,,y,y,y,,,,,,,y,,,,,y,,,
2379,Lee,3204 SE County Road 255,Lee,FL,32059,30.377124,-83.297401,3.199,3.649,3.999,3.989,fuel,USA,USD,MapUp,Loves,,,,,,,,,y,y,y,y,,,y,,,y,,,,,,,,,,,,,,,,,,,,,,y,,y,y,y,,,,,,y,,,,,,,y,,,,,y,y,,,,,,,,,,,,y,,,,,,,,,,103,,,,,,,,,,,,,,,,,,,y,y,y,,,,,,,y,,,,,y,,,
2397,Blacksburg - SRI,116 Priester Road,Blacksburg,SC,29702,35.156688,-81.478429,2.959,3.409,3.809,3.689,fuel,USA,USD,MapUp,Loves,,,,,,,,,,y,y,y,,,y,,,y,,y,,,,,,,,,,,,,,,,,,,,y,,y,y,,,,,,,y,,,,,,,y,,,,,y,,,,,,,,,,,,,y,,,,,,,,,,94,,,,,,,,,,,,,,,,,,,y,y,y,,,,,,,y,,,,,y,,,
2332,Burbank,10145 Avon Lake Rd.,Burbank,OH,44214,40.996205,-81.995846,3.089,3.639,4.089,3.889,fuel,USA,USD,MapUp,Loves,,,,,,,,,y,,,y,,,,,,y,,y,,,,,,,,,,,,,,,,,,,,,,y,y,y,,y,,,,y,,,,,,,y,y,,,,y,,,,,,,,,,,,,y,,,,,,,,,,120,,,,,,,,,,,,,,,,,,,,y,y,,,,,,,y,,,,,,,,
2697,Newton - 697,1760 Southfork Dr,Newton,NC,28658,35.635688,-81.301141,2.759,3.209,3.609,3.949,fuel,USA,USD,MapUp,Loves,,,,,,,,,,y,y,y,,,y,,,y,,y,,,,,,,,,,,,,,,,,,,,y,,y,y,y,,,,,,y,,,,,,,y,,,,,,y,,,,,,,,,,,,y,,,,,,,,,,104,,,,,,,,,,,,,,,,,,,y,y,y,,,,,,,y,,,,,y,,,
2396,Newberry - SRI,36 Dusty Rd.,Newberry,SC,29108,34.296351,-81.543761,2.789,3.239,3.639,3.749,fuel,USA,USD,MapUp,Loves,,,,,,,,,,y,y,y,,,y,,,y,,,,,,,,,,,,,,,,,,,,,,y,,y,y,y,,,,,,y,,,,,,,y,,,,,y,y,,,,,,,,,,,,y,,,,,,,,,,86,,,,,,,,,,,,,,,,,,,y,y,y,,,,,,,y,,,,,y,,,
2701,Capac,3191 Capac Rd,Capac,MI,48014,42.989255,-82.928883,3.099,3.649,4.099,4.049,fuel,USA,USD,MapUp,Loves,,,,,,,,,,y,y,y,,,y,,,y,,y,,,,,,,,,,,,,,,,,,,,y,,y,y,y,,,,,,y,,,,,,,y,,,,,y,y,,,,,,,,,,,,y,,,,,,,,,,105,,,,,,,,,,,,,,,,,,,y,y,y,,,,,,,y,,,,,y,,,
2715,Bastian,6168 N Scenic Hwy,Bastian,VA,24314,37.177665,-81.140518,3.019,3.469,3.869,3.919,fuel,USA,USD,MapUp,Loves,,,,,,,,,y,,,y,,,,,,y,,,,,,,,,,,,,,,,,,,,,,,,y,y,y,,,,,,y,,,,,,,,,,,,y,y,,,,,,,,,,,,y,,,,,,,,,,51,,,,,,,,,,,,,,,,,,,,y,y,,,,,,,y,,,,,,,,
2365,Wells,157 Hwy 93 S.,Wells,NV,89835,41.098956,-114.959945,3.249,3.549,3.849,3.889,fuel,USA,USD,MapUp,Loves,,,,,,,,,y,y,y,y,,,y,,y,y,,,,,,,,,,,,,,,,,y,,,,,y,,y,y,,,,,,,y,,,,,,,y,,,,,y,y,,,,,,,,,,,,y,,,,,,,,,,68,,,,,,,,,,,,,,,,,,,y,y,y,,,,,,,y,,,,,y,,,
2470,Jasper - 470,11459 SW 61st Way,Jasper,FL,32052,30.452116,-82.933564,3.049,3.499,3.849,3.849,fuel,USA,USD,MapUp,Loves,,,,,,,,,,y,y,y,,,y,,,y,,,,,,,,,,,,,,,,,,,,,,y,,y,y,y,,,,,,y,,,,,,,y,,,,,y,y,,,,,,,,,,,,y,,,,,,,,,,118,,,,,,,,,,,,,,,,,,,y,y,y,,,,,,,y,,,,,y,,,
2891,Jackpot,1563 US Hwy-93,Jackpot,NV,89825,41.982285,-114.672304,3.249,3.549,3.849,3.589,fuel,USA,USD,MapUp,Loves,,,,,,,,,y,,,y,,,,,,,,,,,,,,,,,,,,,,,y,,,,,,,,y,y,,,,,,y,,,,,,,,,,,,y,y,,,,,,,,,,,,y,,,,,,,,,,44,,,,,,,,,,,,,,,,,,,,y,y,,,,,,,,,,,,,,,
2745,St. Clair,1336 Wadhams Road,St. Clair,MI,48079,42.865257,-82.558108,2.959,3.509,3.959,4.049,fuel,USA,USD,MapUp,Loves,,,,,,,,,,y,y,y,,,y,,y,y,,,,,,,,,,,,,,,,,,,,,,y,,y,y,y,,,,,,y,,,,,,,y,,,,,y,y,,,,,,,,,,,,y,,,,,,,,,,106,,,,,,,,,,,,,,,,,,,y,y,y,,,,,,,y,,,,,y,,,
2239,Wytheville,145 Major Grahams Rd.,Max Meadows,VA,24360,36.951409,-80.883067,2.949,3.399,3.799,3.869,fuel,USA,USD,MapUp,Loves,,,,,,,,,,y,y,y,,,y,,,y,,,,,,,,,,,,,,,,,,,,,,y,,y,y,y,,,,,,y,,,,,,,,,,,,y,y,,,,,,,,,,,,y,,,,,,,,,,122,,,,,,,,,,,,,,,,,,,y,y,y,,,,,,,y,,,,,y,,,
2424,Lexington,340 Longs Pond Rd.,Lexington,SC,29073,33.924497,-81.290338,2.899,3.349,3.749,3.689,fuel,USA,USD,MapUp,Loves,,,,,,,,,y,y,y,y,,,y,,,y,,,,,,,,,,,,,,,,,,,,,,y,,y,y,y,,,,,,y,,,,,,,y,,,,,y,,,,,,,,,,,,,y,,,,,,,,,,100,,,,,,,,,,,,,,,,,,,y,y,y,,,,,,,y,,,,,y,,,
2714,Charlotte,2603 Sam Wilson Rd,Charlotte,NC,28214,35.255425,-80.980732,3.099,3.549,3.949,3.749,fuel,USA,USD,MapUp,Loves,,,,,,,,,y,y,y,y,,,y,,,y,,y,,,,,,,,,,,,,,,,,,,,y,,y,y,y,,,,,,y,,,,,,,y,,,,,y,y,,,,,,,,,,,,y,,,,,,,,,,53,,,,,,,,,,,,,,,,,,,y,y,y,,,,,,,y,,,,,y,,,
2813,North Canton,4898 Shuffel St NW,North Canton,OH,44720,40.898929,-81.437124,2.949,3.499,3.949,3.729,fuel,USA,USD,MapUp,Loves,,,,,,,,,,y,y,y,,,y,,y,y,,,,,,,,,,,,,,,,,,,,,,y,,y,y,y,,,,,,y,,,,,,,y,,,,,,y,,,,,,,,,,,,y,,,,,,,,,,70,,,,,,,,,,,,,,,,,,,y,y,y,,,,,,,y,,,,,y,,,
2333,Fort Mill- SRI,135 Sutton Ridge Ln.,Fort Mill,SC,29708,35.000639,-80.977899,2.999,3.449,3.849,3.649,fuel,USA,USD,MapUp,Loves,,,,,,,,,y,,,y,,,,,,y,,,,,,,,,,,,,,,,,,,,,,,,y,y,,,,,,,y,,,,,,,y,,,,,y,,,,,,,,,,,,,y,,,,,,,,,,44,,,,,,,,,,,,,,,,,,,,y,y,,,,,,,y,,,,,,,,
2497,Statesville,229 Mocksville Hwy,Statesville,NC,28625,35.812442,-80.8334,3.049,3.499,3.899,3.949,fuel,USA,USD,MapUp,Loves,,,,,,,,,,y,y,y,,,y,,,y,,y,,,,,,,,,,,,,,,,,,,,y,,y,y,y,,,,,,y,,,,,,,y,,,,,,,,,,,,,,,,,,y,,,,,,,,,,74,,,,,,,,,,,,,,,,,,,y,y,y,,,,,,,y,,,,,y,,,
2399,Fancy Gap,227 Old Pipers Gap Rd.,Lambsburg,VA,24351,36.578653,-80.74052,2.939,3.389,3.789,3.889,fuel,USA,USD,MapUp,Loves,,,,,,,,,,y,y,y,,,y,,,y,,,,,,,,,,,,,,,,,y,,,,,y,,y,y,,,,,,,y,,,,,,,y,,,,,,y,,,,,,,,,,,,y,,,,,,,,,,94,,,,,,,,,,,,,,,,,,,y,y,y,,,,,,,y,,,,,y,,,
2657,Cayce,2015 Bluff Rd,Cayce,SC,29033,33.9537,-80.993392,2.599,3.049,3.449,3.689,fuel,USA,USD,MapUp,Loves,,,,,,,,,,y,y,y,,,y,,y,y,,,,,,,,,,,,,,,,,,,,,,y,,y,y,y,,,,,,y,,,,,,,y,,,,,y,,,,,,,,,,,,,y,,,,,,,,,,50,,,,,,,,,,,,,,,,,,,y,y,y,,,,,,,y,,,,,y,,,
2749,Westmorland,551 West Main Street,Westmorland,CA,92281,33.037837,-115.629103,4.099,4.399,4.699,4.949,fuel,USA,USD,MapUp,Loves,,,,,,,,,,,,y,,,,,,y,,,,,,,,,,,,,,,,,,,,,,,,y,y,y,,,,,,y,,,,,,,y,,,,,,y,,,,,,,,,,,,y,,,,,,,,,,84,,,,,,,,,,,,,,,,,,,,y,y,,,,,,,y,,,,,,,,
2724,Ellisville,13700 S US Highway 441,Lake City,FL,32025,30.002627,-82.598483,3.099,3.549,3.899,3.689,fuel,USA,USD,MapUp,Loves,,,,,,,,,y,y,y,y,,,y,,y,y,,y,,,,,,,,,,,,,,,,,,,,y,,y,y,y,,,,y,,y,,,,,,,y,,,,,y,y,,,,,,,,,,,,y,,,,,,,,,,106,,,,,,,,,,,,,,,,,,,y,y,y,,,,,,,y,,,,,y,,,
2778,Ellabell,11151 Hwy 280E,Ellabell,GA,31308,32.183641,-81.458046,2.899,3.349,3.749,3.849,fuel,USA,USD,MapUp,Loves,,,,,,,,,y,y,y,y,,,y,,y,y,,y,,,,,,,,,,,,,,,y,,,,,y,,y,y,y,,,,,,y,,,,,,,y,,,,,y,y,,,,,,,,,,,,y,,,,,,,,,,146,,,,,,,,,,,,,,,,,,,y,y,y,,,,,,,y,,,,,y,,,
2507,Salisbury,1105 Peeler Rd. Suite 100,Salisbury,NC,28146,35.608991,-80.517501,2.999,3.449,3.849,3.789,fuel,USA,USD,MapUp,Loves,,,,,,,,,y,y,y,y,,,y,,y,y,,y,,,,,,,,,,,,,,,,,,,,y,,y,y,y,,,,,,y,,,,,,,y,,,,,,y,,,,,,,,,,,,y,,,,,,,,,,95,,,,,,,,,,,,,,,,,,,y,y,y,,,,,,,y,,,,,y,,,
2881,Diamond,4352 State Route 225,Diamond,OH,44412,41.107922,-81.050233,3.199,3.749,4.199,3.749,fuel,USA,USD,MapUp,Loves,,,,,,,,,,y,y,y,,,y,,y,y,,,,,,,,,,,,,,,,,,,,,,y,,y,y,y,,,,,,y,,,,,,,y,,,,,y,y,,,,,,,,,,,,y,,,,,,,,,,93,,,,,,,,,,,,,,,,,,,y,y,y,,,,,,,y,,,,,y,,,
2751,Elgin,701 White Pond Road,Elgin,SC,29045,34.139461,-80.748271,2.859,3.309,3.709,3.689,fuel,USA,USD,MapUp,Loves,,,,,,,,,y,y,y,y,,,y,,y,y,,,,,,,,,,,,,,,,,,,,,,y,,y,y,y,,,,,,y,,,,,,,y,,,,,y,y,,,,,,,,,,,,y,,,,,,,,,,101,,,,,,,,,,,,,,,,,,,y,y,y,,,,,,,y,,,,,y,,,
2812,Bliss,680 US Hwy 30,Bliss,ID,83314,42.924687,-114.940688,3.199,3.599,3.799,3.889,fuel,USA,USD,MapUp,Loves,,,,,,,,,y,y,y,y,,,y,,y,y,,,,,,,,,,,,,,,,,,,,,,y,,y,y,y,,,,y,,y,,,,,,,y,,,,,y,y,,,,,,,,,,,,y,,,,,,,,,,116,,,,,,,,,,,,,,,,,,,y,y,y,,,,,,,y,,,,,y,,,
2819,Springfield,2600 Hwy 21 S,Rincon,GA,31326,32.336101,-81.259142,2.899,3.349,3.749,3.689,fuel,USA,USD,MapUp,Loves,,,,,,,,,y,,,y,,,,,,y,,y,,,,,,,,,,,,,,,y,,,,,,,y,y,y,,,,,,y,,,,,,,y,,,,,y,y,,,,,,,,,,,,y,,,,,,,,,,70,,,,,,,,,,,,,,,,,,,,y,y,,,,,,,y,,,,,,,,
2883,Rural Hall,2257 Shore Rd,Rural Hall,NC,27045,36.225136,-80.323372,2.999,3.449,3.849,3.879,fuel,USA,USD,MapUp,Loves,,,,,,,,,y,,,y,,,,,,,,,,,,,,,,,,,,,,,,,,,,,,y,y,,,,,y,,y,,,,,,,y,,,,,y,y,,,,,,,,,,,,y,,,,,,,,,,81,,,,,,,,,,,,,,,,,,,,y,y,,,,,,,y,,,,,,,,
2574,Elliston,5275 N Fork Rd,Elliston,VA,24087,37.232889,-80.234747,2.899,3.349,3.749,3.819,fuel,USA,USD,MapUp,Loves,,,,,,,,,y,,,y,,,,,,,,,,,,,,,,,,,,,,,,,,,,,,y,y,,,,,y,,y,,,,,,,y,,,,,y,y,,,,,,,,,,,,y,,,,,,,,,,93,,,,,,,,,,,,,,,,,,,,y,y,,,,,,,y,,,,,,,,
2338,Richmond Hill,8436 Ford Ave.,Richmond Hill,GA,31324,31.960662,-81.331564,2.899,3.349,3.749,3.729,fuel,USA,USD,MapUp,Loves,,,,,,,,,y,y,y,y,,,y,,,y,,y,,,,,,,,,,,,,,,y,,,,,y,,y,y,y,,,,,,y,,,,,,,y,,,,,y,y,,,,,,,,,,,,y,,,,,,,,,,140,,,,,,,,,,,,,,,,,,,y,y,y,,,,,,,y,,,,,y,,,
2847,Pageland,2210 Hwy 601 N,Pageland,SC,29728,34.798621,-80.406067,2.999,3.449,3.849,3.629,fuel,USA,USD,MapUp,Loves,,,,,,,,,y,,,y,,,,,,y,,,,,,,,,,,,,,,,,,,,,,,,y,y,y,,,,,,y,,,,,,,y,,,,,y,y,,,,,,,,,,,,y,,,,,,,,,,58,,,,,,,,,,,,,,,,,,,,y,y,,,,,,,y,,,,,,,,
2207,Coachella,45-761 Dillon Rd.,Coachella,CA,92236,33.717419,-116.171266,3.759,4.059,4.359,4.789,fuel,USA,USD,MapUp,Loves,,,,,,,,,y,y,y,y,,,y,,,y,,y,,,,,,,,,,,,,,,,,,,,y,,y,y,,,,,,,y,,,,,,,,,,,,y,y,,,,,,,,,,,,y,,,,,,,,,,104,,,,,,,,,,,,,,,,,,,y,y,y,,,,,,,y,,,,,y,,,
2326,Orangeburg,3205 Five Chop Rd.,Orangeburg,SC,29115,33.457976,-80.735242,2.979,3.429,3.829,3.549,fuel,USA,USD,MapUp,Loves,,,,,,,,,,y,y,y,,,y,,,,,,,,,,,,,,,,,,,,,,,,,y,,y,y,y,,,,,,y,,,,,,,y,,,,,y,,,,,,,,,,,,,y,,,,,,,,,,50,,,,,,,,,,,,,,,,,,,y,y,y,,,,,,,y,,,,,y,,,
2863,Madison - 863,1601 Great Lakes Way,Madison,OH,44057,41.756796,-81.046069,3.159,3.709,4.159,3.989,fuel,USA,USD,MapUp,Loves,,,,,,,,,,,,y,,,,,,y,,,,,,,,,,,,,,,,,,,,,,,,y,y,y,,,,y,,y,,,,,,,y,,,,,y,,,,,,,,,,,,,y,,,,,,,,,,91,,,,,,,,,,,,,,,,,,,,y,y,,,,,,,y,,,,,,,,
2893,Garden City - 893,2 Sonny Perdue Drive,Garden City,GA,31408,32.103201,-81.194401,2.999,3.449,3.849,3.589,fuel,USA,USD,MapUp,Loves,,,,,,,,,,,,y,,,,,,y,,y,,,,,,,,,,,,,,,y,,,,,,,y,y,y,,y,,,,y,,,,,,,y,,,,,y,y,,,,,,,,,,,,y,,,,,,,,,,97,,,,,,,,,,,,,,,,,,,,y,y,,,,,,,y,,,,,,,,
2405,Brunswick -SRI,2766 US Highway 17 S,Brunswick,GA,31523,31.137752,-81.571797,2.899,3.349,3.749,3.749,fuel,USA,USD,MapUp,Loves,,,,,,,,,,,,y,,,,,,y,,,,,,,,,,,,,,,,,y,,,,,,,y,y,y,,y,,,,y,,,,,,,y,,,,,y,,,,,,,,,,,,,y,,,,,,,,,,78,,,,,,,,,,,,,,,,,,,,y,y,,,,,,,y,,,,,,,,
2504,North Lima - 504,10727 Market St,North Lima,OH,44452,40.962632,-80.658458,3.079,3.629,4.079,3.889,fuel,USA,USD,MapUp,Loves,,,,,,,,,y,y,y,y,,,y,,y,,,,,,,,,,,,,,,,,,,,,,,y,,y,y,y,,,,,,y,,,,,,,y,,,,,,y,,,,,,,,,,,,y,,,,,,,,,,108,,,,,,,,,,,,,,,,,,,y,y,y,,,,,,,y,,,,,y,,,
2740,Yemassee,409 Yemassee Hwy,Yemassee,SC,29945,32.705457,-80.874488,2.849,3.299,3.699,3.749,fuel,USA,USD,MapUp,Loves,,,,,,,,,y,y,y,y,,,y,,y,y,,,,,,,,,,,,,,,,,,,,,,y,,y,y,y,,,,,,y,,,,,,,y,,,,,y,y,,,,,,,,,,,,y,,,,,,,,,,52,,,,,,,,,,,,,,,,,,,y,y,y,,,,,,,y,,,,,y,,,
2761,Baldwin,17110 Brandy Branch Rd,Jacksonville,FL,32234,30.291386,-81.985123,3.259,3.709,4.059,4.089,fuel,USA,USD,MapUp,Loves,,,,,,,,,y,y,y,y,,,y,,y,y,,y,,,,,,,,,,,,,,,,,,,,y,,y,y,y,,,,,,y,,,,,,,y,,,,,y,y,,,,,,,,,,,,y,,,,,,,,,,94,,,,,,,,,,,,,,,,,,,y,y,y,,,,,,,y,,,,,y,,,
2370,Hubbard,2586 N. Main St.,Hubbard,OH,44425,41.173058,-80.56913,2.999,3.549,3.999,3.689,fuel,USA,USD,MapUp,Loves,,,,,,,,,,y,y,y,,,y,,,y,,y,,,,,,,,,,,,,,,,,,,,y,,y,y,y,,,,,,y,,,,,,,y,,,,,y,y,,,,,,,,,,,,y,,,,,,,,,,85,,,,,,,,,,,,,,,,,,,y,y,y,,,,,,,y,,,,,y,,,
2707,Low Moor,9104 Winterberry Ave,Covington,VA,24426,37.79431,-79.884011,2.999,3.449,3.849,3.889,fuel,USA,USD,MapUp,Loves,,,,,,,,,y,,,y,,,,,,y,,,,,,,,,,,,,,,,,,,,,,,,y,y,y,,,,,,y,,,,,,,y,,,,,,y,,,,,,,,,,,,y,,,,,,,,,,56,,,,,,,,,,,,,,,,,,,,y,y,,,,,,,y,,,,,,,,
2828,Jacksonville (Duval),12921 Duval Rd,Jacksonville,FL,32218,30.463245,-81.673875,3.159,3.609,3.959,3.689,fuel,USA,USD,MapUp,Loves,,,,,,,,,y,y,y,y,,,y,,y,y,,,,,,,,,,,,,,,,,,,,,,y,,y,y,y,,,,y,,y,,,,,,,y,,,,,y,y,,,,,,,,,,,,y,,,,,,,,,,77,,,,,,,,,,,,,,,,,,,y,y,y,,,,,,,y,,,,,y,,,
2603,Jacksonville,400 Pecan Park Road,Jacksonville,FL,32218,30.516861,-81.632633,3.139,3.589,3.939,3.789,fuel,USA,USD,MapUp,Loves,,,,,,,,,y,y,y,y,,,y,,,y,,y,,,,,,,,,,,,,,,,,,,,y,,y,y,y,,,,,,y,,,,,,,y,,,,,y,,,,,,,,,,,,,y,,,,,,,,,,82,,,,,,,,,,,,,,,,,,,y,y,y,,,,,,,y,,,,,y,,,
2790,Summerton,401 Buff Blvd,Summerton,SC,29148,33.591813,-80.355763,2.739,3.189,3.589,3.649,fuel,USA,USD,MapUp,Loves,,,,,,,,,y,y,y,y,,,y,,y,y,,,,,,,,,,,,,,,,,,,,,,y,,y,y,y,,,,,,y,,,,,,,y,,,,,y,y,,,,,,,,,,,,y,,,,,,,,,,97,,,,,,,,,,,,,,,,,,,y,y,y,,,,,,,y,,,,,y,,,
2620,Hawthorne,5615 SE US Highway 301,Hawthorne,FL,32640,29.601979,-82.08676,3.199,3.649,3.999,4.049,fuel,USA,USD,MapUp,Loves,,,,,,,,,y,,,y,,,,,,y,,,,,,,,,,,,,,,,,y,,,,,,,y,y,,,,,,,y,,,,,,,y,,,,,y,,,,,,,,,,,,,y,,,,,,,,,,71,,,,,,,,,,,,,,,,,,,,y,y,,,,,,,y,,,,,,,,
2789,Great Falls,3219 Airport Drive,Great Falls,MT,59404,47.475031,-111.361108,2.999,3.299,3.599,3.319,fuel,USA,USD,MapUp,Loves,,,,,,,,,y,,,y,,,,,,y,,,,,,,,,,,,,,,,,,,,,,,,y,y,y,,,,,,y,,,,,,,y,,,,,,y,,,,,,,,,,,,y,,,,,,,,,,51,,,,,,,,,,,,,,,,,,,,y,y,,,,,,,y,,,,,,,,
2389,Conneaut,2 Loves Dr,Conneaut,OH,44030,41.913966,-80.570646,2.999,3.549,3.999,3.989,fuel,USA,USD,MapUp,Loves,,,,,,,,,y,,,y,,,,,,y,,y,,,,,,,,,,,,,,,,,,,,,,y,y,y,,,,,,y,,,,,,,y,,,,,y,y,,,,,,,,,,,,y,,,,,,,,,,80,,,,,,,,,,,,,,,,,,,,y,y,,,,,,,y,,,,,,,,
2363,Ocala,7791 NW 47th Avenue,Ocala,FL,34482,29.267562,-82.198425,3.299,3.749,4.099,3.689,fuel,USA,USD,MapUp,Loves,,,,,,,,,,y,y,y,,,y,,,y,,y,,,,,,,,,,,,,,,,,,,,y,,y,y,y,,,,,,y,,,,,,,y,,,,,y,y,,,,,,,,,,,,y,,,,,,,,,,70,,,,,,,,,,,,,,,,,,,y,y,y,,,,,,,y,,,,,y,,,
2741,Reidsville,2105 Barnes Street,Reidsville,NC,27320,36.32668,-79.640427,2.729,3.179,3.579,3.989,fuel,USA,USD,MapUp,Loves,,,,,,,,,y,,,y,,,,,,y,,y,,,,,,,,,,,,,,,,,,,,,,y,y,,,,,,,y,,,,,,,y,,,,,y,y,,,,,,,,,,,,y,,,,,,,,,,75,,,,,,,,,,,,,,,,,,,,y,y,,,,,,,y,,,,,,,,
2857,Tonopah,1170 US Hwy-95,Tonopah,NV,89049,38.079307,-117.253181,3.679,3.979,4.279,3.789,fuel,USA,USD,MapUp,Loves,,,,,,,,,y,,,y,,,,,,,,,,,,,,,,,,,,,,,y,,,,,,,,y,y,,,,,,y,,,,,,,,,,,,y,y,,,,,,,,,,,,y,,,,,,,,,,44,,,,,,,,,,,,,,,,,,,,y,y,,,,,,,,,,,,,,,
2731,Slippery Rock,1011 New Castle Road,Slippery Rock,PA,16057,41.036927,-80.127481,3.239,3.689,4.039,4.249,fuel,USA,USD,MapUp,Loves,,,,,,,,,y,y,y,y,,,y,,,y,,,,,,,,,,,,,,,,,y,,,,,y,,y,y,y,,,,,,y,,,,,,,y,,,,,,y,y,,,,,,,,,,,y,,,,,,,,,,66,,,,,,,,,,,,,,,,,,,y,y,y,,,,,,,y,,,,,y,,,
2374,Barstow,2974 Lenwood Rd.,Barstow,CA,92311,34.857121,-117.091981,4.099,4.399,4.699,4.989,fuel,USA,USD,MapUp,Loves,,,,,,,,,,y,y,y,,,y,,,y,,y,,,,,,,,,,,,,,,,,,,,y,,y,y,y,,,,,,y,,,,,,,,,,,,y,y,y,,,,,,,,,,,y,,,,,,,,,,90,,,,,,,,,,,,,,,,,,,y,y,y,,,,,y,,y,,,,,y,,,
2667,Mebane,1217 Trollingwood Hawflds Rd,Mebane,NC,27302,36.067837,-79.313632,2.999,3.449,3.849,3.989,fuel,USA,USD,MapUp,Loves,,,,,,,,,y,y,y,y,,,y,,,y,,,,,,,,,,,,,,,,,,,,,,y,,y,y,y,,,,,,y,,,,,,,y,,,,,y,y,,,,,,,,,,,,y,,,,,,,,,,82,,,,,,,,,,,,,,,,,,,y,y,y,,,,,,,y,,,,,y,,,
2708,Bushnell,2615 W C-48,Bushnell,FL,33513,28.66815,-82.147216,3.099,3.549,3.899,3.579,fuel,USA,USD,MapUp,Loves,,,,,,,,,y,y,y,y,,,y,,,y,,y,,,,,,,,,,,,,,,y,,,,,y,,y,y,y,,,,,,y,,,,,,,y,,,,,y,y,,,,,,,,,,,,y,,,,,,,,,,99,,,,,,,,,,,,,,,,,,,y,y,y,,,,,,,y,,,,,y,,,
2706,Greenville,3499 Lee Jackson Highway,Staunton,VA,24401,38.022101,-79.142299,2.929,3.379,3.779,3.889,fuel,USA,USD,MapUp,Loves,,,,,,,,,y,y,y,y,,,y,,,y,,,,,,,,,,,,,,,,,,,,,,y,,y,y,y,,,,,,y,,,,,,,y,,,,,,y,,,,,,,,,,,,y,,,,,,,,,,85,,,,,,,,,,,,,,,,,,,y,y,y,,,,,,,y,,,,,y,,,
2894,St Augustine,1025 SR 206 W,St Augustine,FL,32086,29.745791,-81.349601,3.199,3.649,3.999,3.989,fuel,USA,USD,MapUp,Loves,,,,,,,,,y,y,y,y,,,y,,y,,,,,,,,,,,,,,,,,,,,,,,y,,y,y,,,,,,,y,,,,,,,y,,,,,y,y,,,,,,,,,,,,y,,,,,,,,,,64,,,,,,,,,,,,,,,,,,,y,y,y,,,,,,,y,,,,,y,,,
2371,Dillon,1911 Highway 34 W,Dillon,SC,29536,34.419584,-79.41594,2.749,3.199,3.599,3.489,fuel,USA,USD,MapUp,Loves,,,,,,,,,y,y,y,y,,,y,,,y,,,,,,,,,,,,,,,,,,,,,,y,,y,y,y,,,,,,y,,,,,,,y,,,,,,y,,,,,,,,,,,,y,,,,,,,,,,92,,,,,,,,,,,,,,,,,,,y,y,y,,,,,,,y,,,,,y,,,
2755,Boron,27201 Boron Frontage Rd N,Boron,CA,93516,35.011891,-117.644461,4.079,4.379,4.679,5.049,fuel,USA,USD,MapUp,Loves,,,,,,,,,,y,y,y,,,y,,y,y,,,,,,,,,,,,,,,,,,,,,,y,,y,y,y,,,,,,y,,,,,,,y,,,,,,y,y,,,,,,,,,,,y,,,,,,,,,,85,,,,,,,,,,,,,,,,,,,y,y,y,,,,,y,,y,,,,,y,,,
2833,Ripley - 833,6201 Shortman Road,Ripley,NY,14775,42.258833,-79.743629,3.399,,,4.199,fuel,USA,USD,MapUp,Loves,,,,,,,,,y,y,y,y,,,y,,y,y,,,,,,,,,,,,,,,,,,,,,,y,,y,y,y,,,,,,y,,,,,,,y,,,,,y,y,y,,,,,,,,,,,y,,,,,,,,,,73,,,,,,,,,,,,,,,,,,,y,y,y,,,,,,,y,,,,,y,,,
2316,Ormond Beach,1657 N US Highway 1,Ormond Beach,FL,32174,29.339663,-81.13461,3.099,3.549,3.899,3.989,fuel,USA,USD,MapUp,Loves,,,,,,,,,y,,,y,,,,,,y,,,,,,,,,,,,,,,,,y,,,,,,,y,y,,,,,,,y,,,,,,,,,,,,y,y,,,,,,,,,,,,y,,,,,,,,,,79,,,,,,,,,,,,,,,,,,,,y,y,,,,,,,y,,,,,,,,
2797,Winnemucca,3550 W Winnemucca,Winnemucca,NV,89445,40.950788,-117.757554,3.239,3.539,3.839,3.689,fuel,USA,USD,MapUp,Loves,,,,,,,,,y,y,y,y,,,y,,y,,,,,,,,,,,,,,,,,,y,,,,,y,,y,y,y,,,,,,y,,,,,,,y,,,,,y,y,,,,,,,,,,,,y,,,,,,,,,,68,,,,,,,,,,,,,,,,,,,y,y,y,,,,,,,y,,,,,y,,,
2228,Auburndale,1800 Highway 559,Auburndale,FL,33868,28.155314,-81.800734,3.059,3.509,3.859,3.759,fuel,USA,USD,MapUp,Loves,,,,,,,,,y,y,y,y,,,y,,,y,,y,,,,,,,,,,,,,,,y,,,,,y,,y,y,y,,,,y,,y,,,,,,,y,,,,,,y,,,,,,,,,,,,y,,,,,,,,,,160,,,,,,,,,,,,,,,,,,,y,y,y,,,,,,,y,,,,,y,,,
2537,Cumberland,13300 Ali Ghan Road NE,Cumberland,MD,21502,39.672643,-78.716666,3.399,3.899,4.299,4.189,fuel,USA,USD,MapUp,Loves,,,,,,,,,y,y,y,y,,,y,,,y,,,,,,,,,,,,,,,,,,,,,,,,y,y,y,,,,,,y,,,,,,,y,,,,,,,,,,,,,,,,,,y,,,,,,,,,,90,,,,,,,,,,,,,,,,,,,y,y,y,,,,,,,y,,,,,y,,,
2829,Brookville,1373 Route 28,Brookville,PA,15825,41.171527,-79.046351,3.299,3.749,4.099,4.059,fuel,USA,USD,MapUp,Loves,,,,,,,,,y,y,y,y,,,y,,y,y,,,,,,,,,,,,,,,,,y,,,,,y,,y,y,y,,,,y,,y,,,,,,,y,,,,,y,y,,,,,,,,,,,,y,,,,,,,,,,130,,,,,,,,,,,,,,,,,,,y,y,y,,,,,,,y,,,,,y,,,
2627,Davenport - 627,45000 Highway 27,Davenport,FL,33897,28.243773,-81.657694,3.199,3.649,3.999,3.849,fuel,USA,USD,MapUp,Loves,,,,,,,,,y,y,y,y,,,y,,,y,,y,,,,,,,,,,,,,,,,,,,,y,,y,y,y,,,,,,y,,,,,,,,,,,,y,,y,,,,,,,,,,,y,,,,,,,,,,67,,,,,,,,,,,,,,,,,,,y,y,y,,,,,,,y,,,,,y,,,
2753,Missoula,8077 Hwy 10 West,Missoula,MT,59808,46.947602,-114.133598,3.099,3.399,3.699,3.339,fuel,USA,USD,MapUp,Loves,,,,,,,,,y,y,y,y,,,y,,,y,,,,,,,,,,,,,,,,,y,,,,,y,,y,y,y,,,,,,y,,,,,,,y,,,,,y,y,,,,,,,,,,,,y,,,,,,,,,,56,,,,,,,,,,,,,,,,,,,y,y,y,,,,,,,y,,,,,y,,,
2412,Dunn,3948 Hodges Chapel Rd,Dunn,NC,28334,35.339906,-78.55693,2.979,3.429,3.829,3.949,fuel,USA,USD,MapUp,Loves,,,,,,,,,,,,y,,,,,,y,,,,,,,,,,,,,,,,,,,,,,,,y,y,y,,,,,,y,,,,,,,,,,,,,y,,,,,,,,,,,,y,,,,,,,,,,55,,,,,,,,,,,,,,,,,,,,y,y,,,,,,,y,,,,,,,,
2305,Toms Brook,1015 Mount Olive Rd,Toms Brook,VA,22660,38.96563,-78.439457,3.059,3.509,3.909,3.949,fuel,USA,USD,MapUp,Loves,,,,,,,,,,y,y,y,,,y,,y,y,,y,,,,,,,,,,,,,,,,,,,,,,y,y,y,,,,,,y,,,,,,,y,,,,,,y,,,,,,,,,,,,y,y,,,,,,,,,140,,,,,,,,,,,,,,,,,,,y,y,y,,,,,,,y,,,,,y,,,
2392,Tehachapi,2000 East Tehachapi Blvd.,Tehachapi,CA,93561,35.12607,-118.40815,3.999,4.299,4.599,5.049,fuel,USA,USD,MapUp,Loves,,,,,,,,,y,y,y,y,,,y,,,y,,,,,,,,,,,,,,,,,,,,,,y,,y,y,y,,y,,,,y,,,,,,,y,y,,,,,y,,,,,,,,,,,,y,,,,,,,,,,82,,,,,,,,,,,,,,,,,,,y,y,y,,,,,,,y,,,,,y,,,
2674,Lake Wales,17309 Hwy 27,Lake Wales,FL,33853,27.872889,-81.593219,3.199,3.649,3.999,3.889,fuel,USA,USD,MapUp,Loves,,,,,,,,,,y,y,y,,,y,,,y,,y,,,,,,,,,,,,,,,,,,,,y,,y,y,y,,,,,,y,,,,,,,y,,,,,y,y,,,,,,,,,,,,y,,,,,,,,,,83,,,,,,,,,,,,,,,,,,,y,y,y,,,,,,,y,,,,,y,,,
2372,Ontario,1041 NW Washington Ave.,Ontario,OR,97914,44.045823,-116.977143,3.299,3.599,3.899,3.489,fuel,USA,USD,MapUp,Loves,,,,,,,,,,y,y,y,,,y,,,y,,,,,,,,,,,,,,,,,,,,,,y,,y,y,,,,,,,y,,,,,,,,,,,,y,y,,,,,,,,,,,,y,,,,,,,,,,86,,,,,,,,,,,,,,,,,,,y,y,y,,,,,,,y,,,,,y,,,
2469,South Hill,1850 North Mecklenburg Ave,South Hill,VA,23970,36.748373,-78.098214,2.599,3.049,3.449,3.849,fuel,USA,USD,MapUp,Loves,,,,,,,,,y,y,y,y,,,y,,,y,,,,,,,,,,,,,,,,,y,,,,,y,,y,y,y,,,,y,,y,,,,,,,y,,,,,y,,,,,,,,,,,,,y,,,,,,,,,,83,,,,,,,,,,,,,,,,,,,y,y,y,,,,,,,y,,,,,y,,,
2868,Mims,4440 Hwy 46,Mims,FL,32754,28.666889,-80.873248,3.199,3.649,3.999,3.989,fuel,USA,USD,MapUp,Loves,,,,,,,,,y,y,y,y,,,y,,y,y,,y,,,,,,,,,,,,,,,y,,,,,y,,y,y,y,,,,,,y,,,,,,,y,,,,,y,y,,,,,,,,,,,,y,,,,,,,,,,93,,,,,,,,,,,,,,,,,,,y,y,y,,,,,,,y,,,,,y,,,
2830,Bakersfield,1500 Taft Hwy,Bakersfield,CA,93307,35.267733,-119.019841,3.899,4.199,4.499,4.639,fuel,USA,USD,MapUp,Loves,,,,,,,,,y,y,y,y,,,y,,y,,,,,,,,,,,,,,,,,,,,,,,,,y,y,y,,,,y,,y,,,,,,,y,,,,,,y,,,,,,,,,,,,y,,,,,,,,,,113,,,,,,,,,,,,,,,,,,,y,y,y,,,,,,,y,,,,,y,,,
2682,Hagerstown,14188 Perini Ave,Hagerstown,MD,21742,39.7007,-77.7338,3.359,3.859,4.259,4.149,fuel,USA,USD,MapUp,Loves,,,,,,,,,,y,y,y,,,y,,,y,,y,,,,,,,,,,,,,,,,,,,,,,y,y,y,,,,,,y,,,,,,,y,,,,,,,,,,,,,,,,,,y,,,,,,,,,,84,,,,,,,,,,,,,,,,,,,y,y,y,,,,,,,y,,,,,y,,,
2495,Ft. Myers - 495,17308 Park 78 Drive,North Fort Myers,FL,33917,26.71396,-81.81507,3.299,3.749,4.099,4.149,fuel,USA,USD,MapUp,Loves,,,,,,,,,y,y,y,y,,,y,,,y,,,,,,,,,,,,,,,,,y,,,,,y,,y,y,y,,,,,,y,,,,,,,,,,,,y,,,,,,,,,,,,,y,,,,,,,,,,96,,,,,,,,,,,,,,,,,,,y,y,y,,,,,,,y,,,,,y,,,
2317,Skippers,770 Moores Ferry Rd.,Skippers,VA,23879,36.605447,-77.560647,2.899,3.349,3.749,3.889,fuel,USA,USD,MapUp,Loves,,,,,,,,,y,y,y,y,,,y,,,y,,,,,,,,,,,,,,,,,,,,,,y,,y,y,y,,,,,,y,,,,,,,y,,,,,y,,,,,,,,,,,,,y,,,,,,,,,,72,,,,,,,,,,,,,,,,,,,y,y,y,,,,,,,y,,,,,y,,,
2435,Ruther Glen,23845 Rogers Clark Blvd.,Ruther Glen,VA,22546,37.937868,-77.465815,2.839,3.289,3.689,3.849,fuel,USA,USD,MapUp,Loves,,,,,,,,,,,,y,,,,,,y,,,,,,,,,,,,,,,,,,,,,,,,y,y,,,,,,,y,,,,,,,,,,,,,y,,,,,,,,,,,,y,,,,,,,,,,52,,,,,,,,,,,,,,,,,,,,y,y,,,,,,,,,,,,,,,
2246,Fernley,825 Commerce Center Dr.,Fernley,NV,89408,39.618046,-119.266446,3.259,3.559,3.859,3.789,fuel,USA,USD,MapUp,Loves,,,,,,,,,y,,,y,,,,,,y,,y,,,,,,,,,,,,,,,y,,,,,,,y,y,y,,,,,,y,,,,,,,y,,,,,,y,,,,,,,,,,,,y,,,,,,,,,,54,,,,,,,,,,,,,,,,,,,,y,y,,,,,,,y,,,,,,,,
2382,Tulare,2700 S. Blackstone St.,Tulare,CA,93274,36.180909,-119.330122,3.999,4.299,4.599,4.989,fuel,USA,USD,MapUp,Loves,,,,,,,,,,y,y,y,,,y,,,y,,y,,,,,,,,,,,,,,,,,,,,y,,y,y,y,,,,,,y,,,,,,,y,,,,,,y,y,,,,,,,,,,,y,,,,,,,,,,150,,,,,,,,,,,,,,,,,,,y,y,y,,,,,y,,y,,,,,y,,,
2717,Prince George,7200 County Dr,Disputanta,VA,23842,37.156571,-77.273581,2.999,3.449,3.849,3.849,fuel,USA,USD,MapUp,Loves,,,,,,,,,y,y,y,y,,,y,,y,y,,y,,,,,,,,,,,,,,,y,,,,,y,,y,y,y,,,,,,y,,,,,,,y,,,,,y,y,,,,,,,,,,,,y,,,,,,,,,,73,,,,,,,,,,,,,,,,,,,y,y,y,,,,,,,y,,,,,y,,,
2705,Talleysville,6870 Jimmy Burrell Ln,Providence Forge,VA,23140,37.501466,-77.090663,2.939,3.389,3.789,3.949,fuel,USA,USD,MapUp,Loves,,,,,,,,,y,y,y,y,,,y,,y,y,,y,,,,,,,,,,,,,,,y,,,,,y,,y,y,y,,,,,,y,,,,,,,y,,,,,y,y,,,,,,,,,,,,y,,,,,,,,,,86,,,,,,,,,,,,,,,,,,,y,y,y,,,,,,,y,,,,,y,,,
2569,Baker City,200 Campbell St,Baker City,OR,97814,44.784961,-117.807806,3.539,3.889,4.189,3.649,fuel,USA,USD,MapUp,Loves,,,,,,,,,y,y,y,y,,,y,,y,,,,,,,,,,,,,,,,,,,,,,,y,,y,y,y,,,,y,,y,,,,,,,y,,,,,y,y,,,,,,,,,,,,y,,,,,,,,,,81,,,,,,,,,,,,,,,,,,,y,y,y,,,,,,,y,,,,,y,,,
2230,Lost Hills,21948 Highway 46,Lost Hills,CA,93249,35.616981,-119.65888,4.099,4.399,4.699,4.789,fuel,USA,USD,MapUp,Loves,,,,,,,,,y,,,y,,,,,,y,,,,,,,,,,,,,,,,,,,,,,,,y,y,y,,,,,,y,,,,,,,y,y,,,,,y,,,,,,,,,,,,y,,,,,,,,,,75,,,,,,,,,,,,,,,,,,,,y,y,,,,,,,y,,,,,,,,
2683,Moore Haven,23073 N US Highway 27,Moore Haven,FL,33471,26.834811,-81.13192,3.129,3.579,3.929,4.149,fuel,USA,USD,MapUp,Loves,,,,,,,,,y,,,y,,,,,,y,,,,,,,,,,,,,,,,,,,,,,,,y,y,,,,,,,y,,,,,,,y,,,,,y,,,,,,,,,,,,,y,,,,,,,,,,70,,,,,,,,,,,,,,,,,,,,y,y,,,,,,,y,,,,,,,,
2407,Carlisle,1165 Harrisburg Pike,Carlisle,PA,17013,40.230349,-77.144086,3.359,3.809,4.159,4.449,fuel,USA,USD,MapUp,Loves,,,,,,,,,,y,y,y,,,y,,,y,,,,,,,,,,,,,,,,,,,,,,,,y,y,,,,,,,y,,,,,,,,,,,,,y,,,,,,,,,,,,y,,,,,,,,,,108,,,,,,,,,,,,,,,,,,,y,y,y,,,,,,,y,,,,,y,,,
2560,Franklin,2307 South Street,Franklin,VA,23851,36.662523,-76.939647,2.899,3.349,3.749,3.949,fuel,USA,USD,MapUp,Loves,,,,,,,,,y,y,y,y,,,y,,,y,,,,,,,,,,,,,,,,,y,,,,,y,,y,y,y,,,,,,y,,,,,,,y,,,,,y,,,,,,,,,,,,,y,,,,,,,,,,78,,,,,,,,,,,,,,,,,,,y,y,y,,,,,,,y,,,,,y,,,
2467,Ft. Pierce,200 S Kings Hwy,Fort Pierce,FL,34945,27.445606,-80.398175,3.259,,,3.839,fuel,USA,USD,MapUp,Loves,,,,,,,,,,y,y,y,,,y,,y,y,,y,,,,,,,,,,,,,,,y,,,,,y,,y,y,y,,,,,,y,,,,,,,y,,,,,y,y,,,,,,,,,,,,y,,,,,,,,,,130,,,,,,,,,,,,,,,,,,,y,y,y,,,,,,,y,,,,,y,,,
2415,Fort Pierce,7150 Okeechobee Rd.,Fort Pierce,FL,34945,27.413167,-80.397701,3.259,3.709,4.059,3.839,fuel,USA,USD,MapUp,Loves,,,,,,,,,,,,y,,,,,,y,,,,,,,,,,,,,,,,,y,,,,,,,y,y,,,,,,,y,,,,,,,y,,,,,,y,,,,,,,,,,,,y,,,,,,,,,,87,,,,,,,,,,,,,,,,,,,,y,y,,,,,,,y,,,,,,,,
2736,Madera,3174 Avenue 17,Madera,CA,93638,36.995626,-120.096252,3.999,4.299,4.599,4.989,fuel,USA,USD,MapUp,Loves,,,,,,,,,y,y,y,y,,,y,,y,y,,y,,,,,,,,,,,,,,,,,,,,y,,y,y,y,,,,,,y,,,,,,,y,,,,,y,y,y,,,,,,,,,,,y,,,,,,,,,,90,,,,,,,,,y,,,,,,,,,,y,y,y,,,,,y,,y,,,,,y,,,
2772,Bath,7748 Route 53,Bath,NY,14810,42.376673,-77.362132,3.099,3.599,3.999,4.289,fuel,USA,USD,MapUp,Loves,,,,,,,,,,y,y,y,,,y,,,y,,,,,,,,,,,,,,,,,,,,,,y,,y,y,y,,,,,,y,,,,,,,,,,,,y,y,,,,,,,,,,,,y,,,,,,,,,,70,,,,,,,,,,,,,,,,,,,y,y,y,,,,,,,y,,,,,y,,,
2535,Londonderry,3555 Vine St,Londonderry,PA,17057,40.22626,-76.720249,3.289,3.739,4.039,4.349,fuel,USA,USD,MapUp,Loves,,,,,,,,,,y,y,y,,,y,,,y,,y,,,,,,,,,,,,,,,,,,,,,,y,y,y,,,,,,y,,,,,,,,,,,,,,,,,,,,,,,,,y,,,,,,,,,,71,,,,,,,,,,,,,,,,,,,y,y,y,,,,,,,y,,,,,y,,,
2366,Jonestown,22 Old Forge Rd.,Jonestown,PA,17038,40.450148,-76.515328,3.199,3.649,3.999,4.389,fuel,USA,USD,MapUp,Loves,,,,,,,,,,y,y,y,,,y,,,y,,,,,,,,,,,,,,,,,y,,,,,,,y,y,,,,,,,y,,,,,,,y,,,,,y,y,y,,,,,,,,,,,y,,,,,,,,,,84,,,,,,,,,,,,,,,,,,,y,y,y,,,,,,,y,,,,,y,,,
2324,Mifflinville,440 W. 3rd,Mifflinville,PA,18631,41.026768,-76.318757,3.249,,,4.349,fuel,USA,USD,MapUp,Loves,,,,,,,,,y,y,y,y,,,y,,,y,,y,,,,,,,,,,,,,,,,,,,,y,,y,y,y,,,,,,y,,,,,,,y,,,,,,,,,,,,,,,,,,y,,,,,,,,,,74,,,,,,,,,,,,,,,,,,,y,y,y,,,,,,,y,,,,,y,,,
2820,Tyre (Waterloo),1262 Route 414,Waterloo,NY,13165,42.964412,-76.847761,3.349,3.849,4.249,4.189,fuel,USA,USD,MapUp,Loves,,,,,,,,,,y,y,y,,,y,,y,y,,y,,,,,,,,,,,,,,,,,,,,y,,y,y,y,,,,,,y,,,,,,,y,,,,,y,y,,,,,,,,,,,,y,,,,,,,,,,75,,,,,,,,,,,,,,,,,,,y,y,y,,,,,,,y,,,,,y,,,
2358,Hamburg,3700 Mountain Road,Hamburg,PA,19526,40.517378,-76.111101,3.199,3.649,3.999,4.389,fuel,USA,USD,MapUp,Loves,,,,,,,,,,y,y,y,,,y,,,y,,y,,,,,,,,,,,,,,,y,,,,,y,,y,y,y,,,,,,y,,,,,,,y,,,,,,,,,,,,,,,,,,y,,,,,,,,,,60,,,,,,,,,,,,,,,,,,,y,y,y,,,,,,,y,,,,,y,,,
2301,Post Falls,4208 W Expo Pkwy,Post Falls,ID,83854,47.711161,-117.00409,3.099,3.399,3.699,3.689,fuel,USA,USD,MapUp,Loves,,,,,,,,,y,y,y,y,,,y,,,y,,,,,,,,,,,,,,,,,,,,,,y,,y,y,y,,,,,,y,,,,,,,,,,,,,,,,,,,,,,,,,y,,,,,,,,,,90,,,,,,,,,,,,,,,,,,,y,y,y,,,,,,,y,,,,,y,,,
2441,Santa Nella,29025 West Plaza Dr.,Santa Nella,CA,95322,37.111363,-121.016625,4.099,4.399,4.699,4.989,fuel,USA,USD,MapUp,Loves,,,,,,,,,,,,y,,,,,,,,,,,,,,,,,,,,,,,,,,,,,,y,y,,,,,,,y,,,,,,,y,,,,,,y,,,,,,,,,,,,y,,,,,,,,,,85,,,,,,,,,,,,,,,,,,,,y,y,,,,,,,y,,,,,,,,
2223,Ripon,1553 Colony Rd.,Ripon,CA,95366,37.755193,-121.14151,4.099,4.399,4.699,4.949,fuel,USA,USD,MapUp,Loves,,,,,,,,,y,,,y,,,,,,y,,y,,,,,,,,,,,,,,,,,,,,,,y,y,y,,,,,,y,,,,,,,,,,,,y,y,y,,,,,,,,,,,y,,,,,,,,,,95,,,,,,,,,,,,,,,,,,,,y,y,,,,,y,,y,,,,,,,,
2807,Patterson,55 S Rogers Rd,Patterson,CA,95363,37.462921,-121.175756,4.099,4.399,4.699,4.989,fuel,USA,USD,MapUp,Loves,,,,,,,,,y,y,y,y,,,y,,y,y,,,,,,,,,,,,,,,,,,,,,,y,,y,y,y,,,,,,y,,,,,,,y,,,,,y,y,,,,,,,,,,,,y,,,,,,,,,,91,,,,,,,,,,,,,,,,,,,y,y,y,,,,,,,y,,,,,y,,,
2538,Lodi,15250 North Thornton Rd,Lodi,CA,95242,38.117395,-121.39261,3.999,4.299,4.599,4.949,fuel,USA,USD,MapUp,Loves,,,,,,,,,y,y,y,y,,,y,,,y,,,,,,,,,,,,,,,,,,,,,,y,,y,y,y,,,,,,y,,,,,,,,,,,,,,,,,,,,,,,,,y,,,,,,,,,,90,,,,,,,,,,,,,,,,,,,y,y,y,,,,,,,y,,,,,y,,,
2403,Binghamton,2 Industrial Park Dr.,Binghamton,NY,13904,42.101592,-75.835785,3.249,3.749,4.149,4.179,fuel,USA,USD,MapUp,Loves,,,,,,,,,,,,y,,,,,,y,,,,,,,,,,,,,,,,,,,,,,,,y,y,y,,,,,,y,,,,,,,y,,,,,,y,y,,,,,,,,,,,y,,,,,,,,,,72,,,,,,,,,,,,,,,,,,,,y,y,,,,,,,y,,,,,,,,
2514,Ritzville,1370 N Highway 261,Ritzville,WA,99169,47.11319,-118.36694,3.699,3.999,4.299,4.159,fuel,USA,USD,MapUp,Loves,,,,,,,,,y,y,y,y,,,y,,,y,,,,,,,,,,,,,,,,,,,,,,y,,y,y,y,,,,,,y,,,,,,,y,,,,,,,,,,,,,,,,,,y,,,,,,,,,,86,,,,,,,,,,,,,,,,,,,y,y,y,,,,,,,y,,,,,y,,,
2811,Pasco,2252 E Kartchner St,Pasco,WA,99301,46.264151,-119.082472,3.699,3.999,4.299,4.399,fuel,USA,USD,MapUp,Loves,,,,,,,,,y,,,y,,,,,,,,,,,,,,,,,,,,,,,,,,,,,,y,y,y,,,,,,y,,,,,,,y,,,,,y,y,,,,,,,,,,,,y,,,,,,,,,,57,,,,,,,,,,,,,,,,,,,,y,y,,,,,,,y,,,,,,,,
2898,Salinas,1264 De La Torre,Salinas,CA,93905,36.659302,-121.618714,4.099,4.399,4.699,4.449,fuel,USA,USD,MapUp,Loves,,,,,,,,,y,y,y,y,,,y,,,y,,,,,,,,,,,,,,,,,,,,,,y,,y,y,y,,,,,,y,,,,,,,y,,,,,y,,y,,,,,,,,,,,y,,,,,,,,,,94,,,,,,,,,,,,,,,,,,,y,y,y,,,,,,,y,,,,,y,,,
2650,Boardman,78665 Tower Road,Boardman,OR,97818,45.825166,-119.798742,3.299,3.599,3.899,,fuel,USA,USD,MapUp,Loves,,,,,,,,,,y,y,y,,,y,,,y,,,,,,,,,,,,,,,,,,,,,,y,,y,y,y,,,,,,y,,,,,,,y,,,,,y,,,,,,,,,,,,,y,,,,,,,,,,95,,,,,,,,,,,,,,,,,,,y,y,y,,,,,,,y,,,,,y,,,
2870,Watertown,23425 State Route 12,Watertown,NY,13601,44.002115,-75.921886,3.219,3.719,4.119,4.189,fuel,USA,USD,MapUp,Loves,,,,,,,,,y,y,y,y,,,y,,y,,,,,,,,,,,,,,,,,,,,,,,y,,,y,y,,,,y,,y,,,,,,,y,,,,,y,y,,,,,,,,,,,,y,,,,,,,,,,71,,,,,,,,,,,,,,,,,,,y,y,y,,,,,,,y,,,,,y,,,
2652,Williams - 652,100 Marguerite Street,Williams,CA,95987,39.167256,-122.14382,4.099,4.399,4.699,4.789,fuel,USA,USD,MapUp,Loves,,,,,,,,,,y,y,y,,,y,,,y,,,,,,,,,,,,,,,,,,,,,,y,,y,y,y,,,,,,y,,,,,,,y,,,,,y,y,,,,,,,,,,,,y,,,,,,,,,,88,,,,,,,,,,,,,,,,,,,y,y,y,,,,,,,y,,,,,y,,,
2681,Prosser,700 Wine Country Rd,Prosser,WA,99350,46.219559,-119.79295,3.799,4.099,4.399,4.399,fuel,USA,USD,MapUp,Loves,,,,,,,,,y,y,y,y,,,y,,,y,,,,,,,,,,,,,,,,,,,,,,y,,y,y,y,,,,,,y,,,,,,,y,,,,,y,,,,,,,,,,,,,y,,,,,,,,,,66,,,,,,,,,,,,,,,,,,,y,y,y,,,,,,,y,,,,,y,,,
2404,Bordentown,2008 Hwy 206 S.,Bordentown,NJ,8505,40.119963,-74.707648,3.129,3.629,4.029,4.189,fuel,USA,USD,MapUp,Loves,,,,,,,,,,,,y,,,,,,,,,,,,,,,,,,,,,,,,,,,,,,y,y,,,,,,,y,,,,,,,y,,,,,,y,,,,,,,,,,,,y,,,,,,,,,,82,,,,,,,,,,,,,,,,,,,,y,y,,,,,,,y,,,,,,,,
2410,Corning -SRI,2120 South Ave.,Corning,CA,96021,39.907601,-122.196352,3.999,4.299,4.599,4.599,fuel,USA,USD,MapUp,Loves,,,,,,,,,y,,,y,,,,,,y,,,,,,,,,,,,,,,,,,,,,,,,y,y,y,,,,,,y,,,,,,,y,,,,,y,y,,,,,,,,,,,,y,,,,,,,,,,130,,,,,,,,,,,,,,,,,,,,y,y,,,,,,,y,,,,,,,,
2823,Klamath Falls,250 Dan O\'brien Way,Klamath Falls,OR,97601,42.258046,-121.799445,3.499,3.799,4.099,3.869,fuel,USA,USD,MapUp,Loves,,,,,,,,,y,,,y,,,,,,,,,,,,,,,,,,,,,,,,,,,,,,y,y,y,,,,,,y,,,,,,,y,,,,,y,y,,,,,,,,,,,,y,,,,,,,,,,94,,,,,,,,,,,,,,,,,,,,y,y,,,,,,,y,,,,,,,,
2827,Moses Lake,4315 Prichard Rd,Moses Lake,WA,98837,47.102584,-119.341493,3.499,3.799,4.099,4.149,fuel,USA,USD,MapUp,Loves,,,,,,,,,y,,,y,,,,,,y,,,,,,,,,,,,,,,,,,,,,,,,y,y,y,,,,,,y,,,,,,,y,,,,,y,y,,,,,,,,,,,,y,,,,,,,,,,80,,,,,,,,,,,,,,,,,,,,y,y,,,,,,,y,,,,,,,,
2795,Madras,1678 SE Highway 97,Madras,OR,97741,44.61226,-121.137633,3.399,,3.999,3.689,fuel,USA,USD,MapUp,Loves,,,,,,,,,y,,,y,,,,,,y,,,,,,,,,,,,,,,,,,,,,,,,y,y,y,,,,,,y,,,,,,,y,,,,,y,y,,,,,,,,,,,,y,,,,,,,,,,81,,,,,,,,,,,,,,,,,,,,y,y,,,,,,,y,,,,,,,,
2413,Ellensburg,1512 Hwy 97,Ellensburg,WA,98926,47.007647,-120.585862,3.899,4.199,4.499,4.289,fuel,USA,USD,MapUp,Loves,,,,,,,,,,y,y,y,,,y,,y,y,,,,,,,,,,,,,,,,,,,,,,y,,y,y,,,,,,,y,,,,,,,,,,,,,y,,,,,,,,,,,,y,,,,,,,,,,85,,,,,,,,,,,,,,,,,,,y,y,y,,,,,,,y,,,,,y,,,
2611,Canaan,12845 Route 22,Canaan,NY,12029,42.362667,-73.429423,3.079,3.579,3.979,4.249,fuel,USA,USD,MapUp,Loves,,,,,,,,,,y,y,y,,,y,,,y,,,,,,,,,,,,,,,,,,,,,,y,,y,y,y,,,,,,y,,,,,,,y,,,,,y,,,,,,,,,,,,,y,,,,,,,,,,58,,,,,,,,,,,,,,,,,,,y,y,y,,,,,,,y,,,,,y,,,
2449,Troutdale,400 NW Frontage Rd,Troutdale,OR,97060,45.543612,-122.391721,3.999,4.349,4.649,3.789,fuel,USA,USD,MapUp,Loves,,,,,,,,,,y,y,y,,,y,,,y,,,,,,,,,,,,,,,,,,,,,,y,,y,y,y,,,,,,y,,,,,,,,,,,,,y,,,,,,,,,,,,y,,,,,,,,,,96,,,,,,,,,,,,,,,,,,,y,y,y,,,,,,,y,,,,,y,,,
2312,Roseburg,280 Grant Smith Rd,Roseburg,OR,97471,43.150503,-123.367895,3.399,3.749,4.049,3.689,fuel,USA,USD,MapUp,Loves,,,,,,,,,y,y,y,y,,,y,,,y,,,,,,,,,,,,,,,,,,,,,,y,,y,y,,,,,,,y,,,,,,,y,,,,,,,,,,,,,,,,,,y,,,,,,,,,,76,,,,,,,,,,,,,,,,,,,y,y,y,,,,,,,y,,,,,y,,,
2728,Millersburg,6457 Old Salem Rd NE,Albany,OR,97321,44.698743,-123.055073,3.349,3.699,3.999,3.729,fuel,USA,USD,MapUp,Loves,,,,,,,,,y,y,y,y,,,y,,,y,,y,,,,,,,,,,,,,,,,,,,,y,,y,y,y,,,,,,y,,,,,,,y,,,,,y,y,,,,,,,,,,,,y,,,,,,,,,,72,,,,,,,,,,,,,,,,,,,y,y,y,,,,,,,y,,,,,y,,,
2448,Tacoma,1501 33rd Ave E,Tacoma,WA,98424,47.245328,-122.384434,3.999,4.349,4.649,4.549,fuel,USA,USD,MapUp,Loves,,,,,,,,,,y,,y,,,y,,,,,y,,,,,,,,,,,,,,,,,,,,y,,y,y,y,,,,,,y,,,,,,,,,,,,,y,,,,,,,,,,,,y,,,,,,,,,,160,,,,,,,,,,,,,,,,,,,y,y,y,,,,,,,y,,,,,y,,,
2646,Willington,3 Polster Rd,Willington,CT,6279,41.925687,-72.25951,2.899,3.449,3.899,4.359,fuel,USA,USD,MapUp,Loves,,,,,,,,,,,,y,,,,,,,,,,,,,,,,,,,,,,,,,,,,,,y,y,,,,,,,y,,,,,,,y,,,,,y,,,,,,,,,,,,,y,,,,,,,,,,56,,,,,,,,,,,,,,,,,,,,y,y,,,,,,,y,,,,,,,,
2454,Napavine,1276 Rush Rd,Napavine,WA,98532,46.603206,-122.908266,3.949,4.299,4.599,4.549,fuel,USA,USD,MapUp,Loves,,,,,,,,,,y,y,y,,,y,,,y,,y,,,,,,,,,,,,,,,,,,,,y,,y,y,y,,,,,,y,,,,,,,y,,,,,y,,,,,,,,,,,,,y,,,,,,,,,,76,,,,,,,,,,,,,,,,,,,y,y,y,,,,,,,y,,,,,y,,,
31216,Pilot Travel Center #1216,"5240 S Sunland Gin Rd, Eloy, AZ 85131",Eloy,AZ,85131,32.8118421145121,-111.671802829499,2.599,3.019,3.509,3.499,fuel,USA,USD,MapUp,PilotJ,,,,,,,,,,,,,,,,,,,,,,,,,,,,,,,,,,,,,,,,,,,,,,,,,,,,y,,,,,,,,,,,,,,,,y,,,,,,,,,,,,,,,,,,,,,,y,,,,,,y,,,,,,,,,,,,,,,,,,,,,,,,,
31215,Pilot Travel Center #1215,"48710 Vicksburg Rd, Salome, AZ 85348",Salome,AZ,85348,33.6276563635544,-113.767799081737,2.999,3.479,3.839,3.559,fuel,USA,USD,MapUp,PilotJ,,,,,,,,,,,,,,,,,,,,,,,,,,,,,,,,,,,,,,,,,,,,,,,,,,,,y,,,,,,,,,,,,,,,,y,,,,,,,,,,,,,,,,,,,,,,y,,,,,,y,,,,,,,,,,,,,,,,,,,,,,,,,
31213,Pilot Travel Center #1213,"12551 S Mohave Center Blvd, Yucca, AZ 86438",Yucca,AZ,86438,34.8639643261858,-114.144065823417,2.959,3.259,3.559,3.799,fuel,USA,USD,MapUp,PilotJ,,,,,,y,,,,,,,,,,y,,,,,,,,,,,,,,,,,y,,,,,,,,,,,,y,,,,y,,,y,,,,,,,,,,,,,,,,,,,,,,,,,,,,,,,,,,,,,,y,,,,,,,,,,,,,,,y,,,,,,,,,y,,,,,,,
31212,Pilot Travel Center #1212,"48286 Vicksburg Road, Salome, AZ 85348",Salome,AZ,85348,33.6337213291138,-113.768365302565,2.999,3.479,3.809,4.099,fuel,USA,USD,MapUp,PilotJ,,,,,,,,,,,,,,,,,,,,,,,,,,,,,,,,,,,,,,,,,,,,y,,,,,,,,y,,,,,,,,y,,,,,,,,y,,,,,,,,,,,,,,,,,,,,,,y,,,,,,y,,,,,,,,,y,,,,,,,,,,,,,,,,
31211,Pilot Travel Center #1211,"1103 South Main Street, Andrews, TX 79714",Andrews,TX,79714,32.307063656,-102.542170944,2.899,3.369,3.699,3.799,fuel,USA,USD,MapUp,PilotJ,,,,,,y,,,,,,,,,,y,,,,,,,,,,,,,,,,,,,,,,,,,,,,,,,,,,,,y,,,,,,,,y,,,,,,,,y,,,,,,,,,,,,,,,,,,,,,,y,,,,,,y,,,,,,,,,y,,,,,,,,,y,,,,,,,
31219,Pilot Travel Center #1219,"10 Interstate Drive, Vandalia, IL 62471",Vandalia,IL,62471,38.970867677,-89.135870093,3.119,3.519,3.969,3.859,fuel,USA,USD,MapUp,PilotJ,,,,,,y,,,,,,,,,,y,,,,,,,,,,,,,,,,,y,,,,,,,,,,,,,,,,,,,y,,,,,,,,y,y,,,,,,,y,,,,,,,,,,,,,,,,,,,,,,y,,,,,,y,,,,,,,,,y,,,,y,,,,,y,,,,,,,
31470,Pilot Travel Center #1470,"2360 US-59, Carthage, TX 75633",Carthage,TX,75633,32.1475557160128,-94.3258878423452,,,,3.439,fuel,USA,USD,MapUp,PilotJ,,,,,,,,,,,,,,,,,,,,,,,,,,,,,,,,,,,,,,,,,,,,,,,,,,,,,,,,,,,,,,,,,,,,,,,,,,,,,,,,,,,,,,,,,,,,,,,,,,,,,,,,,,,,,,,,,,,,,,,,,
31227,Pilot Travel Center #1227,"164 FM 1927, Pyote, TX 79777",Pyote,TX,79777,31.5279256,-103.1194983,2.859,3.359,3.859,3.659,fuel,USA,USD,MapUp,PilotJ,,,,,,,,,,,,,,,,,,,,,,,,,,,,,,,,,y,,,,,,,,,,,,,,,,,,,y,,,,,,,,y,,,,,,,,y,,,,,,,,,,,,,,,,,,,,,,y,,,,,,y,,,,,,,,,,,,,,,,,,,,,,,,,
31,Pilot Travel Center #1,"5868 Nittany Valley Drive, Mill Hall, PA 17751",Mill Hall,PA,17751,41.033959,-77.515672,3.299,3.709,4.079,4.249,fuel,USA,USD,MapUp,PilotJ,,,,,,y,,,,,,,,,,y,,,,,,,,,,,,,,y,,,y,,,,,,,,y,,,,,,,,y,,,y,,,,,,,,y,,,,,,,,y,,,,,,,,,,,,,,,,,,,,,,y,,,,,,y,,,,,,,,,y,,,,y,,,,,y,,,,,,,
32,Pilot Travel Center #2,"2246 OH-45, Austinburg, OH 44010",Austinburg,OH,44010,41.7855178,-80.8536977,3.159,3.659,4.159,3.999,fuel,USA,USD,MapUp,PilotJ,,,,,,y,,,,,,,,,,y,,,,,,,,,,,,,y,y,,,y,,,,,,,,y,,,,,,,,y,,,y,,,,,,,,y,,,,,,,,y,,,,,,,,,,,,,,,,,,,,,,y,,,,,,y,,,,,,,,,y,,,,y,,,,,y,,,,,,,
31226,Pilot Travel Center #1226,"91558 Biggs Rufus Highway, Biggs Junction, OR 97065",Biggs Junction,OR,97065,45.6697222790323,-120.831919543297,3.299,3.799,4.299,3.259,fuel,USA,USD,MapUp,PilotJ,,,,,,,,,,,,,,,,,,,,,,,,,,,,,,,,,,,,,,,,,,,,,,,,,,,,y,,,,,,,,y,,,,,,,,y,,,,,,,,,,,,,,,,,,,,,,,,,,,,y,,,,,,,,,,,,,,,,,,,,,,,,,
31467,Pilot Travel Center #1467,"1445 E Sauk Trail, Sauk Village, IL 60487",Sauk Village,IL,60487,41.4882633844953,-87.5784671429395,,,,3.559,fuel,USA,USD,MapUp,PilotJ,,,,,,,,,,,,,,,,,,,,,,,,,,,,,,,,,,,,,,,,,,,,,,,,,,,,,,,,,,,,,,,,,,,,,,,,,,,,,,,,,,,,,,,,,,,,,,,,,,,,,,,,,,,,,,,,,,,,,,,,,
33,Pilot Travel Center #3,"1150 North Canfield-Niles Road, Austintown, OH 44515",Austintown,OH,44515,41.1287014,-80.7699193,3.149,3.549,4.019,3.759,fuel,USA,USD,MapUp,PilotJ,,,,,,y,,,,,,,,,,y,,,,,,,,,,,,,y,y,,,y,,,,,,,,y,,,,,,,,y,,,y,,,,,,,,y,y,,,,,,,y,,,,,,,,,,,,,,,,,,,,,,y,,,,,,y,,,,,,,,,y,,,,y,,,,,y,,,,,,,
31225,Pilot Travel Center #1225,"9810 Perrin Road, Mascoutah, IL 62258",Mascoutah,IL,62258,38.5554689,-89.8059702,3.259,3.659,4.109,3.959,fuel,USA,USD,MapUp,PilotJ,,,,,,,,,,,,,,,,,,,,,,,,,,,,,,,,,,,,,,,,,,,,,,,,,,,,y,,,,,,,,y,,,,,,,,y,,,,,,,,,,,,,,,,,,,,,,,,,,,,,,,,,,,,,,,,,,,,,,,,,,,,,
31224,Pilot Travel Center #1224,"3936 Miriam Ave, Bismarck, ND 58501",Bismarck,ND,58501,46.8294332542112,-100.729286154116,2.899,,3.399,3.499,fuel,USA,USD,MapUp,PilotJ,,,,,,,,,,,,,,,,,,,,,,,,,,,,,,,,,,,,,,,,,,,,,,,,,,,,y,,,,,,,,,,,,,,,,y,,,,,,,,,,,,,,,,,,,,,,y,,,,,,,,,,,,,,,,,,,,,,,,,,,,,,,
34,Pilot Travel Center #4,"39115 Colorado Road, Avon, OH 44011",Avon,OH,44011,41.465085,-82.060677,3.059,3.489,3.959,3.999,fuel,USA,USD,MapUp,PilotJ,,,,y,,y,,,,,,,,,,y,,,,,,,,,,,,,y,y,,,y,,,,,,,,y,,,,,,,,y,,,y,,,,,,,,y,,,,,,,,y,,,,,,,,,,,,,,,,,,,,,,y,,,,,,y,,,,,,,,,y,,,,,,,,,,,,,,,,
36,Pilot Travel Center #6,"61700 Southgate Road, Cambridge, OH 43725",Cambridge,OH,43725,39.997137,-81.576912,3.159,3.659,4.159,3.759,fuel,USA,USD,MapUp,PilotJ,,,,,,y,,,,,,,,,,y,,,,,,,,,,,,,y,y,,,,,,,,,,,y,,,,,,,,y,,,y,,,,,,,,y,y,,,,,,,y,,,,,,,,,,,,,,,,,,,,,,y,,,,,,y,,,,,,,,,y,,,,y,,,,,,,,,,,,
31222,Pilot Travel Center #1222,"3500 12 Avenue North, Fargo, ND 58102",Fargo,ND,58102,46.88931495,-96.835889225,2.959,,3.559,3.499,fuel,USA,USD,MapUp,PilotJ,,,,,,,,,,,,,,,,,,,,,,,,,,,,,,,,,,,,,,,,,,,,,,,,,,,,y,,,,,,,,,,,,,,,,y,,,,,,,,,,,,,,,,,,,,,,y,,,,,,,,,,,,,,,,,,,,,,,,,,,,,,,
38,Pilot Travel Center #8,"25600 US-23, Circleville, OH 43113",Circleville,OH,43113,39.557944,-82.957098,3.159,3.659,4.159,3.899,fuel,USA,USD,MapUp,PilotJ,,,,,,y,,,,,,,,,,y,,,,,,,,,,,,,y,,,,,,,,,,,,y,,,,,,,,y,,,y,,,,,,,,y,,,,,,,,y,,,,,,,,,,,,,,,,,,,,,,y,,,,,,y,,,,,,,,,y,,,,y,,,,,,,,,,,,
39,Pilot Travel Center #9,"6830 Franklin-Lebanon Road, Franklin, OH 45005",Franklin,OH,45005,39.542654,-84.290451,2.989,3.489,3.989,3.559,fuel,USA,USD,MapUp,PilotJ,,,,y,,y,,,,,,,,,,y,,,,,,,,,,,,,y,,,,y,,,,,,,,y,,,,,,,,y,,,y,,,,,,,,y,y,,,,,,,y,,,,,,,,,,,,,,,,,,,,,,y,,,,,,y,,,,,,,,,y,,,,y,,,,,y,,,,,,,
31235,Pilot Travel Center #1235,"9250 S Avenue 40E, Tacna, AZ 85352",Tacna,AZ,85352,32.6911744346727,-113.953601484299,,,,3.959,fuel,USA,USD,MapUp,PilotJ,,,,y,,,,,,,,,,,,y,,,,,,,,,,,,,y,,,,,,,,,,,,,,,y,,,,,,,,y,,,,,,,,y,,,,,,,,y,,,,,,,,,,,,,,,,,,,,,,,,,,,,y,,,,,,,,,y,,,,,,,,,,,,,,,,
31234,Pilot Travel Center #1234,"12683 White Hills Rd, White Hills, AZ 86445",White Hills,AZ,86445,35.7000449052476,-114.476126413924,,,,4.099,fuel,USA,USD,MapUp,PilotJ,,,,,,,,,,,,,,,,y,,,,,,,,,,,,,y,,,,,,,,,,,,,,,y,,,,,,,,y,,,,,,,,y,,,,,,,,y,,,,,,,,,,,,,,,,,,,,,,,,,,,,y,,,,,,,,,y,,,,,,,,,,,,,,,,
31232,Pilot Travel Center #1232,"33380 Highway 34 SE, Albany, OR 97322",Albany,OR,97322,44.5554220503754,-123.057583503704,3.459,3.759,4.059,3.099,fuel,USA,USD,MapUp,PilotJ,,,,,,,,,,,,,,,,,,,,,,,,,,,,,,,,,,,,,,,,,,,,,,,,,,,,y,,,,,,,,y,,,,,,,,y,,,,,,,,,,,,,,,,,,,,,,,,,,,,,,,,,,,,,,,,,,,,,,,,,,,,,
31251,Pilot Travel Center #1251,"399 McCormick St, Wamsutter, WY 82336",Wamsutter,WY,82336,41.6742115,-107.9788783,3.199,3.499,3.799,3.399,fuel,USA,USD,MapUp,PilotJ,,,,,,,,,,,,,,,,,,,,,,,,,,,,,,,,,,,,,,,,,,,,,,,,,,,,,,,,,,,,,,,,,,,,,,,,,,,,,,,,,,,,,,,,,,,,,,,,,,,,,,,,,,,,,,,,,,,,,,,,,
31490,Pilot Travel Center #1490,"7530 Hwy 222, Mason, TN 38049",Mason,TN,38049,35.3868,-89.4094,2.899,3.399,3.799,3.599,fuel,USA,USD,MapUp,PilotJ,,,,,,y,,,,,,,,,,y,,,,,,,,,,,,,,,,,y,,,,,,,,,,,,,,,,y,,,y,,,,,,,,y,,,,,,,,y,,,,,,,,,,,,,y,,,,,,,,,y,,,,,,,,,,,,,,,y,,,,y,,,,,y,,,,,,,
31248,Pilot Travel Center #1248,"103 S I-45, Wilmer, TX 75172",Wilmer,TX,75172,32.5913049264763,-96.6804378048934,,,,3.229,fuel,USA,USD,MapUp,PilotJ,,,,,,,,,,,,,,,,,,,,,,,,,,,,,,,,,,,,,,,,,,,,,,,,,,,,,,,,,,,,,,,,,,,,,,,,,,,,,,,,,,,,,,,,,,,,,,,,,,,,,,,,,,,,,,,,,,,,,,,,,
31006,Pilot Travel Center #1006,"2342 North Main Street, Junction, TX 76849",Junction,TX,76849,30.505646584402,-99.7764369851806,2.639,3.139,3.639,3.859,fuel,USA,USD,MapUp,PilotJ,,,,,,,,,,,,,,,,y,,,,,,,,,,,,,y,y,,,y,,,,,,,,y,,,,,,,,y,,,y,,,,,,,,y,,,,,,,,y,,,,,,,,,,,,,,,,,,,,,,y,,,,,,y,,,,,,,,,y,,,,y,,,,,y,,,,,,,
31247,Pilot Travel Center #1247,"1888 US 82, New Boston, TX 75570",New Boston,TX,75570,33.4695811068898,-94.4536501275085,,,,3.559,fuel,USA,USD,MapUp,PilotJ,,,,,,,,,,,,,,,,y,,,,,,,,,,,,,,,,,,,,,,,,,,,,,,,,,,,,y,,,,,,,,y,,,,,,,,y,,,,,,,,,,,,,,,,,,,,,,y,,,,,,y,,,,,,,,,y,,,,,,,,,y,,,,,,,
31005,Pilot Travel Center #1005,"480 Truck Inn Way, Fernley, NV 89408",Fernley,NV,89408,39.6149587613342,-119.216740027122,3.259,3.759,3.949,3.799,fuel,USA,USD,MapUp,PilotJ,,,,,,y,,,,,,,,,,,,,,,,,,,,,,,y,,,,,,,,,,,,y,,,,,,,,y,,,y,,,,,,,,y,y,,,,,,,y,,,,,,,,,,,,,y,,,,,,,,,y,,,,,,y,,,,,,,,,y,,,,y,,,,,y,,,,,,,
31004,Pilot Travel Center #1004,"16600 West South Avenue, Tonkawa, OK 74653",Tonkawa,OK,74653,36.6960792,-97.3492936,2.699,2.999,3.379,3.699,fuel,USA,USD,MapUp,PilotJ,,,,,,,,,,,,,,,,y,,,,,,,,,,,,,y,,,,y,,,,,,,,,,,,,,,,y,,,y,,,,,,,,y,,,,,,,,y,,,,,,,,,,,,,,,,,,,,,,y,,,,,,y,,,,,,,,,y,,,,y,,,,,y,,,,,,,
31003,Pilot Travel Center #1003,"2301 Avenue F NW, Childress, TX 79201",Childress,TX,79201,34.4354253504279,-100.230500084655,2.539,2.969,3.199,3.759,fuel,USA,USD,MapUp,PilotJ,,,,,,y,,,,,,,,,,y,,,,,,,,,,,,,y,y,,,y,,,,,,,,y,,,,,,,,y,,,y,,,,,,,,y,,,,,,,,y,,,,,,,,,,,,,y,,,,,,,,,y,,,,,,y,,,,,,,,,y,,,,y,,,,,y,,,,,,,
31245,Pilot Travel Center #1245,"4 Corvette Drive, Litchfield, IL 62056",Litchfield,IL,62056,39.1768697717239,-89.6743942207973,2.999,,,3.499,fuel,USA,USD,MapUp,PilotJ,,,,,,y,,,,,,,,,,,,,,,,,,,,,,,,,,,,,,,,,,,y,,,,,,,,y,,,y,,,,,,,,,,,,,,,,y,,,,,,,,,,,,,,,,,,,,,,,,,,,,,,,,,,,,,y,,,,y,,,,,,,,,,,,
31244,Pilot Travel Center #1244,"942 E Pima St, Gila Bend, AZ 85337",Gila Bend,AZ,85337,32.94993318,-112.705484524,,,,3.599,fuel,USA,USD,MapUp,PilotJ,,,,,,,,,,,,,,,,,,,,,,,,,,,,,y,,,,,,,,,,,,,,,y,,,,,,,,y,,,,,,,,y,,,,,,,,y,,,,,,,,,,,,,,,,,,,,,,,,,,,,y,,,,,,,,,y,,,,,,,,,,,,,,,,
31243,Pilot Travel Center #1243,"3006 S Butterfield Trail, Gila Bend, AZ 85337",Gila Bend,AZ,85337,32.9296202846481,-112.673211553372,3.199,3.699,4.069,4.059,fuel,USA,USD,MapUp,PilotJ,,,,,,y,,,,,,,,,,y,,,,,,,,,,,,,y,y,,,y,,,,,,,,,,,,y,,,,y,,,y,,,,,,,,y,y,,,,,,,y,,,,,,,,,,,,,,,,,,,,,,y,,,,,,,,,,,,,,,y,,,,,,,,,,,,,,,,
31001,Pilot Travel Center #1001,"1310 E. US-67, Big Lake, TX 76932",Big Lake,TX,76932,31.1904978,-101.4497547,2.929,3.429,3.759,3.899,fuel,USA,USD,MapUp,PilotJ,,,,,,y,,,,,,,,,,y,,,,,,,,,,,,,y,y,,,,,,,,,,,y,,,,,,,,y,,,y,,,,,,,,y,,,,,,,,y,,,,,,,,,,,,,,,,,,,,,,y,,,,,,y,,,,,,,,,y,,,,y,,,,,y,,,,,,,
31009,Pilot Travel Center #1009,"11053 Riverside Drive, Mira Loma, CA 91752",Mira Loma,CA,91752,34.0154125284713,-117.525864022628,4.159,4.379,4.599,4.899,fuel,USA,USD,MapUp,PilotJ,,,,,,,,,,,,,,,,,,,,,,,,,,,,,,,,,y,,,,,,,,,,,,,,,,,,,y,,,,,,,,y,y,,,,,,,y,,,,,,,,,,,,,y,,,,,,,,,y,,,,,,y,,,,,,,,,,,,,,,,,,,,,,,,,
31264,Pilot Travel Center #1264,"3105 North Toltec Rd., Eloy, AZ 85131",Eloy,AZ,85131,32.7795467538672,-111.617923551559,2.599,3.039,3.289,3.499,fuel,USA,USD,MapUp,PilotJ,,,,,,,,,,,,,,,,,,,,,,,,,,,,,,,,,,,,,,,,,,,,,,,,,,,,,,,,,,,,,,,,,,,,,,,,,,,,,,,,,,,,,,,,,,,,,,,,,,,,,,,,,,,,,,,,,,,,,,,,,
31021,Pilot Travel Center #1021,"853 Interchange Drive, Holland, MI 49423",Holland,MI,49423,42.7406493057177,-86.0698721838531,3.099,3.599,4.099,3.959,fuel,USA,USD,MapUp,PilotJ,,,,,,,,,,,,,,,,y,,,,,,,,,,,,,y,y,,,y,,,,,,,,,,,,,,,,y,,,y,,,,,,,,y,,,,,,,,y,,,,,,,,,,,,,,,,,,,,,,y,,,,,,y,,,,,,,,,y,,,,y,,,,,y,,,,,,,
31020,Pilot Travel Center #1020,"1235 Ripley Street, Lake Station, IN 46405",Lake Station,IN,46405,41.5884802413498,-87.2397542736801,3.199,3.679,4.179,3.659,fuel,USA,USD,MapUp,PilotJ,,,,,,,,,,,,,,,,,,,,,,,,,,,,,y,,,,,,,,,,,,,,,,,,,,y,,,y,,,,,,,,y,,,,,,,,y,,,,,,,,y,,,,,,,,,,,,,,y,,,,,,y,,,,,,,,,,,,,y,,,,,,,,,,,,
31262,Pilot Travel Center #1262,"1590 Clint Cutoff Road,, Clint, TX 79836",Clint,TX,79836,31.5923367448452,-106.224374984078,2.759,3.259,3.759,3.359,fuel,USA,USD,MapUp,PilotJ,,,,,,,,,,,,,,,,,,,,,,,,,,,,,,,,,,,,,,,,,,,,,,,,,,,,y,,,,,,,,y,y,,,,,,,y,,,,,,,,,,,,,,,,,,,,,,y,,,,,,y,,,,,,,,,,,,,,,,,,,,,,,,,
31260,Pilot Travel Center #1260,"20404 Taft Hwy, Bakersfield, CA 93311",Bakersfield,CA,93311,35.2676621472138,-119.229770593917,,,,4.799,fuel,USA,USD,MapUp,PilotJ,,,,,,,,,,,,,,,,y,,,,,,,,,,,,,,,,,,,,,,,,,,,,,,,,,,,,y,,,,,,,,y,,,,,,,,y,,,,,,,,,,,,,,,,,,,,,,y,,,,,,y,,,,,,,,,y,,,,y,,,,,,,,,,,,
31019,Pilot Travel Center #1019,"4444 Commerce Lane, Orland, CA 95963",Orland,CA,95963,39.7506816648723,-122.208061746032,3.959,4.259,4.559,4.619,fuel,USA,USD,MapUp,PilotJ,,,,,,y,,,,,,,,,,y,,,,,,,,,y,,,,y,y,,,y,,,,,,,,y,,,y,,,,,y,,,y,,,,,,,,y,y,,,,,,,y,,,,,,,,,,,,,y,,,,,,,,,y,,,,,,y,,,,,,,,,y,,,,y,,,,,y,,,,,,,
31017,Pilot Travel Center #1017,"345 Roth Road, Lathrop, CA 95330",Lathrop,CA,95330,37.8562275,-121.276207,4.099,4.399,4.699,4.959,fuel,USA,USD,MapUp,PilotJ,,,,,,y,,,,,,,,,,y,,,,,,,,,y,,,,y,y,,,y,,,,,,,,,,,,,,,,y,,,y,,,,,,,,y,,,,,,,,y,,,,,,,,,,,,,y,,,,,,,,,y,,,,,,y,,,,,,,,,y,,,,y,,,,,y,,,,,,,
31258,Pilot Travel Center #1258,"185 N Riggles Rd, Quartzsite, AZ 85346",Quartzsite,AZ,85346,33.6700984354779,-114.198958954223,,,,3.559,fuel,USA,USD,MapUp,PilotJ,,,,,,y,,,,,,,,,,y,,,,,,,,,,,,,y,,,,,,,,,,,,,,,,y,,,,,,,y,,,,,,,,y,,,,,,,,y,,,,,,,,,,,,,,,,,,,,,,y,,,,,,y,,,,,,,,,y,,,,,,,,,y,,,,,,,
31015,Pilot Travel Center #1015,"3150 S. Central Avenue, Sidney, MT 59270",Sidney,MT,59270,47.685641813543,-104.176493607131,2.969,3.269,3.469,3.219,fuel,USA,USD,MapUp,PilotJ,,,,,,,,,,,,,,,,y,,,,,,,,,,,,,,,,,,,,,,,,,,,,,,,,,,,,,,,,,,,,y,,,,,,,,y,,,,,,,,,,,,,,,,,,,,,,y,,,,,,y,,,,,,,,,y,,,,,,,,,y,,,,,,,
31014,Pilot Travel Center #1014,"73 Highway 16, Glendive, MT 59330",Glendive,MT,59330,47.1166134547149,-104.736564807548,2.859,3.159,3.359,3.089,fuel,USA,USD,MapUp,PilotJ,,,,,,,,,,,,,,,,y,,,,,,,,,,,,,,,,,,,,,,,,,y,,,,,,,,y,,,,,,,,,,,,,,,,,,,y,,,,,,,,,,,,,,,,,,,,,,y,,,,,,y,,,,,,,,,y,,,,y,,,,,y,,,,,,,
31013,Pilot Travel Center #1013,"561 Business Hub Road, Belgrade, MT 59714",Belgrade,MT,59714,45.773855,-111.199,2.959,3.259,3.559,3.289,fuel,USA,USD,MapUp,PilotJ,,,,,,,,,,,,,,,,,,,,,,,,,,,,,,y,,,,,,,,,,,,,,,,,,,y,,,,,,,,,,,y,,,,,,,,y,,,,,,,,,,,,,y,,,,,,,,,y,,,,,,y,,,,,,,,,y,,,,,,,,,y,,,,,,,
31012,Pilot Travel Center #1012,"1300 N. Grand Avenue, Mt. Pleasant, IA 52641",Mt. Pleasant,IA,52641,40.9820393263389,-91.5394046048934,2.819,3.249,3.659,3.799,fuel,USA,USD,MapUp,PilotJ,,,,,,,,,,,,,,,,y,,,,,,,,,,,,,y,y,,,y,,,,,,,,,,,,,,,,y,,,y,,,,,,,,y,,,,,,,,y,,,,,,,,,,,,,y,,,,,,,,,y,,,,,,y,,,,,,,,,y,,,,y,,,,,y,,,,,,,
31275,Pilot Travel Center #1275,"28577 Avenue 12, Madera, CA 93637",Madera,CA,93637,36.9250033,-120.0263035,3.999,4.299,4.599,4.359,fuel,USA,USD,MapUp,PilotJ,,,,y,,y,,,,,,,,,,y,,,,,,,,,,,,,y,,,,,,,,,,,,,,,,y,,,,,,,,,,,,,,,y,,,,,,,,y,,,,,,,,,,,,,,,,,,,,,,y,,,,,,,,,,,,,,,y,,,,,,,,,,,,,,,,
31033,Pilot Travel Center #1033,"3302 Garden City Highway, Midland, TX 79706",Midland,TX,79706,31.9803431667952,-102.033557390213,2.899,3.329,3.639,3.699,fuel,USA,USD,MapUp,PilotJ,,,,,,y,,,,,,,,,,y,,,,,,,,,,,,,,y,,,y,,,,,,,,y,,,,,,,,y,,,y,,,,,,,,y,,,,,,,,y,,,,,,,,,,,,,y,,,,,,,,,y,,,,,,y,,,,,,,,,y,,,,y,,,,,y,,,,,,,
31032,Pilot Travel Center #1032,"435 S. 3rd Street, Steubenville, OH 43952",Steubenville,OH,43952,40.3530444,-80.6168094,3.099,3.599,4.099,3.599,fuel,USA,USD,MapUp,PilotJ,,,,,,,,,,,,,,,,y,,,,,,,,,,,,,y,y,,,,,,,,,,,,,,,,,,,,,,y,,,,,,,,y,,,,,,,,y,,,,,,,,,,,,,,,,,,,,,,,,,,,,y,,,,,,,,,y,,,,,,,,,,,,,,,,
31030,Pilot Travel Center #1030,"12680 S. Kedzie, Alsip, IL 60803",Alsip,IL,60803,41.6629547664666,-87.7005769214263,3.299,3.699,4.149,3.759,fuel,USA,USD,MapUp,PilotJ,,,,,,y,,,,,,,,,,y,,,,,,,,,,,,,y,y,,,y,,,,,,,,y,,,,,,,,y,,,y,,,,,,,,y,y,,,,,,,y,,,,,,,,,,,,,,,,,,,,,,y,,,,,,y,,,,,,,,,y,,,,y,,,,,,,,,,,,
31272,Pilot Travel Center #1272,"35858 Ghost Town Road, Yermo, CA 92398",Yermo,CA,92398,34.904088,-116.887267,,,,4.999,fuel,USA,USD,MapUp,PilotJ,,,,,,y,,,,,,,,,,y,,,,,,,,,,,,,y,,,,,,,,,,,,,,,,,,,,,,,y,,,,,,,,y,,,,,,,,y,,,,,,,,,,,,,,,,,,,,,,,,,,,,y,,,,,,,,,y,,,,y,,,,,,,,,,,,
31271,Pilot Travel Center #1271,"2084 S Marina Dr, Thermal, CA 92274",Thermal,CA,92274,33.2788476,-115.9656157,,,,4.499,fuel,USA,USD,MapUp,PilotJ,,,,,,,,,,,,,,,,,,,,,,,,,,,,,,,,,,,,,,,,,,,,,,,,,,,,,,,,,,,,,,,,,,,,,,,,,,,,,,,,,,,,,,,,,,,,,,,,,,,,,,,,,,,,,,,,,,,,,,,,,
31270,Pilot Travel Center #1270,"1851 State Highway 77, Holbrook, AZ 86025",Holbrook,AZ,86025,34.9739719261817,-110.090138033065,3.299,3.599,3.899,3.559,fuel,USA,USD,MapUp,PilotJ,,,,,,y,,,,,,,,,,,,,,,,,,,,,,,y,,,,,,,,,,,,,,,,,,,,,,,y,,,,,,,,y,,,,,,,,y,,,,,,,,,,,,,y,,,,,,,,,y,,,,,,y,,,,,,,,,,,,,y,,,,,,,,,,,,
31028,Pilot Travel Center #1028,"2605 West Commerce Street, Buffalo, TX 75831",Buffalo,TX,75831,31.4485345162055,-96.0786817962951,2.659,3.159,3.649,3.659,fuel,USA,USD,MapUp,PilotJ,,,,,,y,,,,,,,,,,,,,,,,,,,,,,,y,y,,,y,,,,,,,,y,,,,,,,,y,,,y,,,,,,,,y,y,,,,,,,y,,,,,,,,,,,,,y,,,,,,,,,y,,,,,,y,,,,,,,,,y,,,,y,,,,,y,,,,,,,
31027,Pilot Travel Center #1027,"6555 US Hwy 385, Vega, TX 79092",Vega,TX,79092,35.2358870665109,-102.429003246696,2.699,3.109,3.539,3.399,fuel,USA,USD,MapUp,PilotJ,,,,,,y,,,,,,,,,,y,,,,,,,,,,,,,y,y,,,y,,,,,,,,y,,,,,,,,y,,,y,,,,,,,,y,y,,,,,,,y,,,,,,,,,,,,,y,,,,,,,,,y,,,,,,y,,,,,,,,,y,,,,y,,,,,y,,,,,,,
31269,Pilot Travel Center #1269,"2500 W Business I-10, San Simon, AZ 85632",San Simon,AZ,85632,32.2708643893893,-109.244373854036,,,,3.999,fuel,USA,USD,MapUp,PilotJ,,,,,,y,,,,,,,,,,y,,,,,,,,,,,,,,,,,,,,,,,,,,,,y,,,,,,,,y,,,,,,,,y,,,,,,,,y,,,,,,,,,,,,,,,,,,,,,,,,,,,,y,,,,,,,,,y,,,,y,,,,,,,,,,,,
31025,Pilot Travel Center #1025,"102 South Sheldon Road, Channelview, TX 77530",Channelview,TX,77530,29.7712787094354,-95.1251652380981,2.599,3.099,3.569,3.599,fuel,USA,USD,MapUp,PilotJ,,,,,,y,,,,,,,,,,y,,,,,,,,,,,,,y,y,,,y,,,,,,,,y,,,,y,,,,y,,,y,,,,,,,,y,,,,,,,,y,,,,,,,,,,,,,y,,,,,,,,,y,,,,,,y,,,,,,,,,y,,,,y,,,,,y,,,,,,,
31267,Pilot Travel Center #1267,"5231 Pearblossom Hwy, Palmdale, CA 93552",Palmdale,CA,93552,34.5427275,-118.0364883,4.199,4.449,4.699,4.999,fuel,USA,USD,MapUp,PilotJ,,,,,,y,,,,,,,,,,y,,,,,,,,,,,,,,,,,y,,,,,,,,,,,,y,,,,y,,,y,,,,,,,,y,,,,,,,,y,,,,,,,,,,,,,,,,,,,,,,y,,,,,,y,,,,,,,,,y,,,,y,,,,,y,,,,,,,
31024,Pilot Travel Center #1024,"40 East Laraway Road, Joliet, IL 60433",Joliet,IL,60433,41.4801878018496,-88.0792878435165,3.159,3.559,4.009,3.759,fuel,USA,USD,MapUp,PilotJ,,,,,,y,,,,,,,,,,y,,,,,,,,,,,,,y,y,,,y,,,,,,,,y,,,,,,,,y,,,y,,,,,,,,y,y,,,,,,,y,,,,,,,,,,,,,,,,,,,,,,y,,,,,,y,,,,,,,,,y,,,,y,,,,,y,,,,,,,
31023,Pilot Travel Center #1023,"1920 East Denman Avenue, Lufkin, TX 75901",Lufkin,TX,75901,31.3175053850842,-94.6988200416641,2.659,3.159,3.659,3.799,fuel,USA,USD,MapUp,PilotJ,,,,,,y,,,,,,,,,,y,,,,,,,,,,,,,y,y,,,y,,,,,,,,,,,,,,,,,,,y,,,,,,,,y,,,,,,,,y,,,,,,,,,,,,,,,,,,,,,,y,,,,,,y,,,,,,,,,y,,,,y,,,,,y,,,,,,,
3601,Pilot Travel Center #601,"6098 Macashan Dr, Mccalla, AL 35111",Mccalla,AL,35111,33.321871490077,-87.0471329657455,2.589,3.089,3.549,3.649,fuel,USA,USD,MapUp,PilotJ,,,,y,,y,,,,,,,,,,,,,,,,,,,,,,,,y,,,y,,,,,,,,y,,,,,,,,y,,,y,,,,,,,,y,y,,,,,,,y,,,,,,,,,,,,,y,,,,,,,,,y,,,,,,y,,,y,,,,,,y,,,,y,,,,,y,,,,,,,
3602,Pilot Travel Center #602,"224 Daniel Payne Drive, Birmingham, AL 35207",Birmingham,AL,35207,33.5625948649233,-86.8307471183853,2.799,3.259,3.659,3.799,fuel,USA,USD,MapUp,PilotJ,,,,,,,,,,,,,,,,,,,,,,,,,,,,,y,y,,,y,,,,,,,,y,,,y,,,,,y,,,y,,,,,,,,y,y,,,,,,,y,,,,,,,,,,,,,,,,,,,,,,y,,,,,,y,,,,,,,,,y,,,,y,,,,,y,,,,,,,
3603,Pilot Travel Center #603,"2190 Ross Clark Circle, Dothan, AL 36301",Dothan,AL,36301,31.1914179221985,-85.4000840846557,2.839,3.339,3.639,3.999,fuel,USA,USD,MapUp,PilotJ,,,,,,y,,,,,,,,,,,,,,,,,,,,,,,y,y,,,y,,,,,,,,y,,,y,,,,,y,,,y,,,,,,,,y,,,,,,,,y,,,,,,,,,,,,,y,,,,,,,,,y,,,,,,y,,,,,,,,,y,,,,y,,,,,y,,,,,,,
3604,Pilot Travel Center #604,"900 Tyson Road, Hope Hull, AL 36043",Hope Hull,AL,36043,32.1942029100886,-86.4196730833282,2.599,3.099,3.469,3.799,fuel,USA,USD,MapUp,PilotJ,,,,y,,,,,,,,,,,,,,,,,,,,,,,,,y,y,,,y,,,,,,,,y,,,y,,,,,y,,,y,,,,,,,,y,y,,,,,,,y,,,,,,,,,,,,,,,,,,,,,,y,,,,,,y,,,,,,,,,y,,,,y,,,,,y,,,,,,,
36955,Pilot Travel Center #6955,"1044 Jimmy Kerr Road, Haw River, NC 27258",Haw River,NC,27258,36.0704143138039,-79.3511324116393,2.959,,,3.999,fuel,USA,USD,MapUp,PilotJ,,,,,,,,,,,,,,,,,,,,,,,,,,,,,y,y,,,y,,,,,,,,,,,,,,,,y,,,y,,,,,,,,y,,,,,,,,y,,,,,,,,,,,,,,,,,,,,,,y,,,,,,y,,,,,,,,,,,,,y,,,,,,,,,,,,
3605,Pilot Travel Center #605,"42 Bradley Cove Road, Russellville, AR 72801",Russellville,AR,72801,35.2832860499314,-93.0900442896881,2.759,3.219,3.549,3.659,fuel,USA,USD,MapUp,PilotJ,,,,,,y,,,,,,,,,,y,,,,,,,,,,,,,y,y,,,y,,,,,,,,y,,,y,,,,,y,,,y,,,,,,,,y,y,,,,,,,y,,,,,,,,,,,,,y,,,,,,,,,y,,,,,,y,,,,,,,,,y,,,,y,,,,,y,,,,,,,
3606,Pilot Travel Center #606,"8300 State Highway 108, Texarkana, AR 71854",Texarkana,AR,71854,33.513218388412,-93.947986193779,2.759,3.249,3.649,3.659,fuel,USA,USD,MapUp,PilotJ,,,,y,,y,,,,,,,,,,y,,,,,,,,,,,,,y,y,,,y,,,,,,,,y,,,,,,,,y,,,y,,,,,,,,y,y,,,,,,,y,,,,,,,,,,,,,y,,,,,,,,,y,,,,,,y,,,,,,,,,y,,,,y,,,,,y,,,,,,,
3607,Pilot Travel Center #607,"3400 Service Loop Road, West Memphis, AR 72301",West Memphis,AR,72301,35.1540415557233,-90.1439278957702,2.649,3.129,3.629,3.699,fuel,USA,USD,MapUp,PilotJ,,,,y,,y,,,,,,,,,,y,,,,,,,,,,,,,y,y,,,y,,,,,,,,y,,,y,,,,,y,,,y,,,,,,,,y,y,,,,,,,y,,,,,,,,,,,,,,,,,,,,,,y,,,,,,y,,,,,,,,,y,,,,y,,,,,y,,,,,,,
3608,Pilot Travel Center #608,"I-10 Exit 1 Frontage Road N., Ehrenberg, AZ 85334",Ehrenberg,AZ,85334,33.6016057711783,-114.522863456344,2.999,3.399,3.749,4.099,fuel,USA,USD,MapUp,PilotJ,,,,,,y,,,,,,,,,,y,,,,,,,,,,,,,,,,,y,,,,,,,,y,,,y,,,,,y,,,y,,,,,,,,y,y,,,,y,,,y,,,,,,,,,,,,,y,,,,,,,,,y,,,,,,y,,,,,,,,,y,,,,y,,,,,y,,,,,,,
3609,Pilot Travel Center #609,"16189 S Sunshine Blvd, Eloy, AZ 85131",Eloy,AZ,85131,32.7323837377861,-111.549414312828,2.699,3.039,3.309,3.899,fuel,USA,USD,MapUp,PilotJ,,,,,,y,,,,,,,,,,y,,,,,,,,,,,,,y,y,,,y,,,,,,,,y,,,y,,,,,y,,,y,,,,,,,,y,y,,,,,,,y,,,,,,,,,,,,,y,,,,,,,,,y,,,,,,y,,,,,,,,,y,,,,y,,,,,y,,,,,,,
31286,Pilot Travel Center #1286,"1530 W Main St, Salem, IL 62881",Salem,IL,62881,38.6255148766982,-88.9680069656196,,,,3.399,fuel,USA,USD,MapUp,PilotJ,,,,,,y,,,,,,,,,,y,,,,,,,,,,,,,,,,,,,,,,,,,,,,y,,,,,,,,y,,,,,,,,,,,,,,,,,,,,,,,,,,,,,,,,,,,,,,,,,,,,,,,,,,,,,y,,,,,,,,,,,,,,,,
31285,Pilot Travel Center #1285,"87125 IH 20, Santo, TX 76472",Santo,TX,76472,32.6116828283891,-98.1094568553642,,,,3.359,fuel,USA,USD,MapUp,PilotJ,,,,,,,,,,,,,,,,,,,,,,,,,,,,,,,,,,,,,,,,,,,,,,,,,,,,,,,,,,,,,,,,,,,,,,,,,,,,,,,,,,,,,,,,,,,,,,,,,,,,,,,,,,,,,,,,,,,,,,,,,
31043,Pilot Travel Center #1043,"6485 West Overland Drive, Idaho Falls, ID 83402",Idaho Falls,ID,83402,43.4395903652086,-112.115174478434,3.159,3.539,3.829,3.899,fuel,USA,USD,MapUp,PilotJ,,,,,,y,,,,,,,,,,y,,,,,,,,,,,,,y,y,,,y,,,,,,,,,,,y,,,,,y,,,y,,,,,,,,y,y,,,,,,,y,,,,,,,,,,,,,,,,,,,,,,y,,,,,,y,,,,,,,,,y,,,,y,,,,,,,,,,,,
31284,Pilot Travel Center #1284,"1955 N Kings Hwy, Nash, TX 75569",Nash,TX,75569,33.4518338768001,-94.131641600629,,,,3.559,fuel,USA,USD,MapUp,PilotJ,,,,,,,,,,,,,,,,,,,,,,,,,,,,,,,,,,,,,,,,,,,,,,,,,,,,,,,,,,,,,,,,,,,,y,,,,,,,,,,,,,,,,,,,,,,y,,,,,,y,,,,,,,,,y,,,,,,,,,,,,,,,,
31042,Pilot Travel Center #1042,"7501 South Harlem Ave, Bridgeview, IL 60455",Bridgeview,IL,60455,41.7544401517427,-87.7992072037048,3.159,3.559,4.009,3.959,fuel,USA,USD,MapUp,PilotJ,,,,,,,,,,,,,,,,y,,,,,,,,,,,,,y,y,,,y,,,,,,,,y,,,,,,,,y,,,y,,,,,,,,y,y,,,,,,,y,,,,,,,,,,,,,,,,,,,,,,y,,,,,,y,,,,,,,,,y,,,,y,,,,,,,,,,,,
31283,Pilot Travel Center #1283,"4750 South Interstate Hwy 45 West, Corsicana, TX 75110",Corsicana,TX,75110,32.040102,-96.447435,,,,3.549,fuel,USA,USD,MapUp,PilotJ,,,,,,,,,,,,,,,,,,,,,,,,,,,,,,,,,,,,,,,,,,,,,,,,,,,,,,,,,,,,,,,,,,,,,,,,,,,,,,,,,,,,,,,,,,,,,,,,,,,,,,,,,,,,,,,,,,,,,,,,,
31041,Pilot Travel Center #1041,"170 W. North Avenue, Carol Stream, IL 60188",Carol Stream,IL,60188,41.9036224781038,-88.1227889853195,3.199,3.599,4.049,3.899,fuel,USA,USD,MapUp,PilotJ,,,,,,y,,,,,,,,,,y,,,,,,,,,,,,,y,y,,,,,,,,,,,,,,,,,,,,,,y,,,,,,,,y,y,,,,,,,y,,,,,,,,,,,,,,,,,,,,,,,,,,,,y,,,,,,,,,y,,,,y,,,,,,,,,,,,
31282,Pilot Travel Center #1282,"1100 FM 148, Terrell, TX 75160",Terrell,TX,75160,32.7231267391217,-96.3180157542228,,,,3.299,fuel,USA,USD,MapUp,PilotJ,,,,,,,,,,,,,,,,,,,,,,,,,,,,,,,,,,,,,,,,,,,,,,,,,,,,,,,,,,,,,,,,,,,,,,,,,,,,,,,,,,,,,,,,,,,,,,,,,,,,,,,,,,,,,,,,,,,,,,,,,
31281,Pilot Travel Center #1281,"101 West Glen Drive, Page, AZ 86040",Page,AZ,86040,36.9954561,-111.5643671,4.199,3.459,3.659,3.999,fuel,USA,USD,MapUp,PilotJ,,,,,,,,,,,,,,,,,,,,,,,,,,,,,,,,,,,,,,,,,,,,,,,,,,,,,,,,,,,,,,,,,,,,,,,,,,,,,,,,,,,,,,,,,,,,,,,,,,,,,,,,,,,,,,,,,,,,,,,,,
3610,Pilot Travel Center #610,"3300 E Andy Devine Ave, Kingman, AZ 86401",Kingman,AZ,86401,35.2194461232317,-114.0071063,2.959,3.259,3.559,4.199,fuel,USA,USD,MapUp,PilotJ,,,,,,y,,,,,,,,,,y,,,,,,,,,,,,,y,y,,,,,,,,,,,y,,,y,,,,,y,,,y,,,,,,,,y,y,,,,,,,y,,,,,,,,,,,,,y,,,,,,,,,y,,,,,,y,,,y,,,,,,y,,,,y,,,,,y,,,,,,,
31277,Pilot Travel Center #1277,"44779 S. Lassen Avenue, Avenal, CA 93204",Avenal,CA,93204,36.0749927,-120.1033417,4.099,4.399,4.699,4.479,fuel,USA,USD,MapUp,PilotJ,,,,,,y,,,,,,,,,,y,,,,,,,,,,,,,y,,,,,,,,,,,,,,,,y,,,,y,,,y,,,,,,,,y,,,,,,,,y,,,,,,,,,,,,,,,,,,,,,,y,,,,,,y,,,,,,,,,y,,,,y,,,,,,,,,,,,
3611,Pilot Travel Center #611,"6700 West Latham Street, Phoenix, AZ 85043",Phoenix,AZ,85043,33.461087815719,-112.204498777771,3.259,3.729,4.079,3.899,fuel,USA,USD,MapUp,PilotJ,,,,,,y,,,,,,,,,,y,,,,,,,,,,,,,y,y,,,y,,,,,,,,y,,,y,,,,,y,,,y,,,,,,,,y,y,,,,,,,y,,,,,,,,,,,,,y,,,,,,,,,y,,,,,,y,,,y,,,,,,y,,,,y,,,,,y,,,,,,,
3612,Pilot Travel Center #612,"400 Transcon Lane, Winslow, AZ 86047",Winslow,AZ,86047,35.0154103132485,-110.674101915344,3.099,3.409,3.849,3.929,fuel,USA,USD,MapUp,PilotJ,,,,y,,y,,,,,,,,,,y,,,,,,,,,,,,,y,y,,,y,,,,,,,,y,,,y,,,,,y,,,y,,,,,,,,y,y,,,,,,,y,,,,,,,,,,,,,y,,,,,,,,,y,,,,,,y,,,,,,,,,y,,,,y,,,,,y,,,,,,,
3613,Pilot Travel Center #613,"17047 Zachary Ave, Bakersfield, CA 93308",Bakersfield,CA,93308,35.5312828192014,-119.18796423254,3.999,4.299,4.599,4.649,fuel,USA,USD,MapUp,PilotJ,,,,,,y,,,,,,,,,,y,,,,,,,,,y,,,,y,y,,,,,,,,,,,y,,,,,,,,y,,,y,,,,,,,,y,y,,,,,,,y,,,,,,,,,,,,,y,,,,,,,,,y,,,,,,y,,,,,,,,,y,,,,y,,,,,y,,,,,,,
3614,Pilot Travel Center #614,"2611 Fisher Blvd., Barstow, CA 92311",Barstow,CA,92311,34.854455558445,-117.081433289688,4.099,4.399,4.699,4.999,fuel,USA,USD,MapUp,PilotJ,,,,,,y,,,,,,,,,,y,,,,,,,,,y,,,,,y,,,y,,,,,,,,y,,,y,,,,,y,,,y,,,,,,,,y,,,,,,,,y,,,,,,,,,,,,,,,,,,,,,,y,,,,,,y,,,,,,,,,y,,,,y,,,,,y,,,,,,,
3616,Pilot Travel Center #616,"42810 Frazier Mountain Park Rd, Lebec, CA 93243",Lebec,CA,93243,34.8166440894377,-118.886885117721,4.199,4.449,4.699,4.799,fuel,USA,USD,MapUp,PilotJ,,,,,,y,,,,,,,,,,y,,,,,,,,,,,,,y,y,,,y,,,,,,,,y,,,y,,,,,y,,,y,,,,,,,,y,y,,,,,,,y,,,,,,,,,,,,,y,,,,,,,,,y,,,,,,y,,,,,,,,,y,,,,y,,,,,y,,,,,,,
3617,Pilot Travel Center #617,"15100 North Thornton Rd, Lodi, CA 95242",Lodi,CA,95242,38.1172861394478,-121.394355390213,3.999,4.299,4.599,4.959,fuel,USA,USD,MapUp,PilotJ,,,,,,y,,,,,,,,,,y,,,,,,,,,y,,,,y,y,,,y,,,,,,,,y,,,y,,,,,y,,,y,,,,,,,,y,y,,,,,,,y,,,,,,,,,,,,,y,,,,,,,,,y,,,,,,y,,,,,,,,,y,,,,y,,,,,y,,,,,,,
3618,Pilot Travel Center #618,"1501 North Jack Tone Road, Ripon, CA 95366",Ripon,CA,95366,37.7558433189747,-121.143597803565,3.999,4.299,4.599,4.959,fuel,USA,USD,MapUp,PilotJ,,,,,,y,,,,,,,,,,y,,,,,,,,,y,,,,y,,,,y,,,,,,,,y,,,y,,,,,y,,,y,,,,,,,,y,y,,,,,,,y,,,,,,,,,,,,,y,,,,,,,,,y,,,,,,y,,,,,,,,,y,,,,y,,,,,y,,,,,,,
3619,Pilot Travel Center #619,"16751 East 32nd Ave, Aurora, CO 80011",Aurora,CO,80011,39.7628257087418,-104.792909235443,2.859,3.339,3.689,3.449,fuel,USA,USD,MapUp,PilotJ,,,,,,y,,,,,,,,,,y,,,,,,,,,,,,,y,y,,,y,,,,,,,,y,,,y,,,,,y,,,y,,,,,,,,y,y,,,,,,,y,,,,,,,,,,,,,y,,,,,,,,,y,,,,,,y,,,,,,,,,y,,,,y,,,,,y,,,,,,,
34560,Pilot Travel Center #4560,"2995 GA-36, Jackson, GA 30233",Jackson,GA,30233,33.2106567641891,-84.0565040773849,2.899,3.399,3.879,3.899,fuel,USA,USD,MapUp,PilotJ,,,,,,,,,,,,,,,,,,,,,,,,,,,,,y,,,,y,,,,,,,,,,,,,,,,y,,,y,,,,,,,,y,,,,,,,,y,,,,,,,,y,,,,,,,,,,,,,,y,,,,,,y,,,,,,,,,,,,,y,,,,,,,,,,,,
34561,Pilot Travel Center #4561,"3460 Madison Hwy, Valdosta, GA 31601",Valdosta,GA,31601,30.7542674102594,-83.273221144844,2.999,3.499,3.999,3.659,fuel,USA,USD,MapUp,PilotJ,,,,,,,,,,,,,,,,y,,,,,,,,,,,,,y,y,,,y,,,,,,,,y,,,,,,,,y,,,y,,,,,,,,y,y,,,,,,,y,,,,,,,,,,,,,,,,,,,,,,y,,,,,,y,,,,,,,,,y,,,,y,,,,,,,,,,,,
34562,Pilot Travel Center #4562,"2607 Scrubby Bluff Road, Kingsland, GA 31548",Kingsland,GA,31548,30.7597906848047,-81.6557715595245,2.859,3.359,3.839,3.859,fuel,USA,USD,MapUp,PilotJ,,,,,,,,,,,,,,,,,,,,,,,,,,,,,y,y,,,y,,,,,,,,,,,,,,,,y,,,y,,,,,,,,y,y,,,,,,,y,,,,,,,,,,,,,,,,,,,,,,y,,,,,,y,,,,,,,,,,,,,y,,,,,,,,,,,,
34563,Pilot Travel Center #4563,"7833 Linglestown Road, Harrisburg, PA 17112",Harrisburg,PA,17112,40.3525083004266,-76.726859390213,3.399,3.849,4.189,4.399,fuel,USA,USD,MapUp,PilotJ,,,,,,,,,,,,,,,,,,,,,,,,,,,,,y,y,,,y,,,,,,,,,,,,,,,,y,,,y,,,,,,,,y,y,,,,,,,y,,,,,,,,y,,,,,,,,,,,,,,y,,,,,,y,,,,,,,,,,,,,y,,,,,,,,,,,,
31297,Pilot Travel Center #1297,"101 LR Campbell Road, Italy, TX 76651",Italy,TX,76651,32.1971698421015,-96.8999820846557,,,,3.559,fuel,USA,USD,MapUp,PilotJ,,,,,,,,,,,,,,,,y,,,,,,,,,,,,,,,,,,,,,,,,,,,,,,,,,,,,,,,,,,,,,,,,,,,,y,,,,,,,,,,,,,,,,,,,,,,y,,,,,,,,,,,,,,,y,,,,,,,,,,,,,,,,
31054,Pilot Travel Center #1054,"10700 U.S. Hwy 183 N., Mustang Ridge, TX 78610",Mustang Ridge,TX,78610,30.0347448,-97.6869554,2.799,3.299,3.799,3.699,fuel,USA,USD,MapUp,PilotJ,,,,,,,,,,,,,,,,y,,,,,,,,,,,,,y,y,,,y,,,,,,,,,,,,,,,,y,,,y,,,,,,,,y,y,,,,,,,y,,,,,,,,,,,,,,,,,,,,,,y,,,,,,y,,,,,,,,,y,,,,y,,,,,,,,,,,,
31295,Pilot Travel Center #1295,"16243 US-271N, Tyler, TX 75708",Tyler,TX,75708,32.4409191274464,-95.1366039018524,,,,3.199,fuel,USA,USD,MapUp,PilotJ,,,,,,,,,,,,,,,,,,,,,,,,,,,,,,,,,,,,,,,,,,,,,,,,,,,,,,,,,,,,,,,,,,,,,,,,,,,,,,,,,,,,,,,,,,,,,,,,,,,,,,,,,,,,,,,,,,,,,,,,,
31294,Pilot Travel Center #1294,"2816 N 6th Street, Vincennes, IN 47591",Vincennes,IN,47591,38.6936663633362,-87.4977532164356,,,,4.059,fuel,USA,USD,MapUp,PilotJ,,,,,,y,,,,,,,,,,y,,,,,,,,,,,,,,,,,,,,,,,,,,,,y,,,,,,,,y,,,,,,,,y,,,,,,,,y,,,,,,,,,,,,,,,,,,,,,,,,,,,,y,,,,,,,,,y,,,,y,,,,,,,,,,,,
31051,Pilot Travel Center #1051,"1119 Lowe-Grout Road, Iowa, LA 70647",Iowa,LA,70647,30.2533445193988,-93.0146177318771,2.499,2.999,3.499,3.799,fuel,USA,USD,MapUp,PilotJ,,,,,,y,,,,,,,,,,y,,,,,,,,,,,,,y,y,,,y,,,,,,,,,,,,,,,,y,,,y,,,,,,,,y,y,,,,,,,y,,,,,,,,,,,,,y,,,,,,,,,y,,,,,,y,,,,,,,,,y,,,,y,,,,,y,,,,,,,
31293,Pilot Travel Center #1293,"801 E Interstate 30, Garland, TX 75043",Garland,TX,75043,32.8548532,-96.56098,,,,3.229,fuel,USA,USD,MapUp,PilotJ,,,,,,y,,,,,,,,,,y,,,,,,,,,,,,,,,,,,,,,,,,,,,,,,,,,,,,,,,,,,,,y,,,,,,,,y,,,,,,,,,,,,,,,,,,,,,,,,,,,,y,,,,,,,,,y,,,,y,,,,,,,,,,,,
31292,Pilot Travel Center #1292,"2537 E. SH21, Paige, TX 78659",Paige,TX,78659,30.2135454593513,-97.1396437072252,,,,3.699,fuel,USA,USD,MapUp,PilotJ,,,,,,y,,,,,,,,,,,,,,,,,,,,,,,,,,,,,,,,,,,,,,,,,,,,,,y,,,,,,,,y,,,,,,,,y,,,,,,,,,,,,,y,,,,,,,,,y,,,,,,y,,,,,,,,,y,,,,y,,,,,,,,,,,,
31291,Pilot Travel Center #1291,"2606 FM174, Bowie, TX 76230",Bowie,TX,76230,33.5756539379624,-97.8971032372515,,,,3.199,fuel,USA,USD,MapUp,PilotJ,,,,,,,,,,,,,,,,,,,,,,,,,,,,,,,,,,,,,,,,,,,,,,,,,,,,,,,,,,,,,,,,,,,,,,,,,,,,,,,,,,,,,,,,,,,,,,,,,,,,,,,,,,,,,,,,,,,,,,,,,
31290,Pilot Travel Center #1290,"200 S I35 Service Rd, Red Oak, TX 75154",Red Oak,TX,75154,32.5166013402742,-96.8209122281723,,,,3.599,fuel,USA,USD,MapUp,PilotJ,,,,,,y,,,,,,,,,,y,,,,,,,,,,,,,y,,,,,,,,,,,,,,,,y,,,,,,,,,,,,,,,,,,,,,,,,,,,,,,,,,,,,,,,,,,,,,y,,,,,,,,,,,,,,,y,,,,,,,,,,,,,,,,
31049,Pilot Travel Center #1049,"2400 Holland Road, Suffolk, VA 23434",Suffolk,VA,23434,36.7143134,-76.6697072,,,,3.959,fuel,USA,USD,MapUp,PilotJ,,,,,,y,,,,,,,,,,y,,,,,,,,,,,,,y,y,,,y,,,,,,,,y,,,,,,,,y,,,y,,,,,,,,y,,,,,,,,y,,,,,,,,,,,,,,,,,,,,,,y,,,,,,y,,,,,,,,,y,,,,y,,,,,,,,,,,,
3620,Pilot Travel Center #620,"122 Fitz Henry Road, Smithton, PA 15479",Smithton,PA,15479,40.1699605197971,-79.7316163214263,3.159,3.659,4.149,4.299,fuel,USA,USD,MapUp,PilotJ,,,,y,,y,,,,,,,,,,y,,,,,,,,,,,,,y,y,,,y,,,,,,,,y,,,y,,,,,y,,,y,,,,,,,,y,,,,,,,,y,,,,,,,,,,,,,y,,,,,,,,,y,,,,,,y,,,,,,,,,y,,,,y,,,,,y,,,,,,,
3621,Pilot Travel Center #621,"2495 Williams Ave, Limon, CO 80828",Limon,CO,80828,39.2750084961297,-103.70907589682,2.759,3.259,3.759,3.559,fuel,USA,USD,MapUp,PilotJ,,,,,,y,,,,,,,,,,y,,,,,,,,,,,,,y,y,,,y,,,,,,,,y,,,y,,,,,y,,,y,,,,,,,,y,y,,,,,,,y,,,,,,,,,,,,,y,,,,,,,,,y,,,,,,y,,,,,,,,,y,,,,y,,,,,y,,,,,,,
31289,Pilot Travel Center #1289,"4300 N State Hwy 91, Denison, TX 75020",Denison,TX,75020,33.7935090172471,-96.554796606569,,,,3.599,fuel,USA,USD,MapUp,PilotJ,,,,,,y,,,,,,,,,,y,,,,,,,,,,,,,,,,,,,,,,,,,,,,,y,,,,y,,,y,,,,,,,,y,,,,,,,,y,,,,,,,,,,,,,,,,,,,,,,y,,,,,,,,,,,,,,,,,,,y,,,,,y,,,,,,,
31047,Pilot Travel Center #1047,"4075 Jones Branch Road, Jacksonville, FL 32219",Jacksonville,FL,32219,30.3713029,-81.764282,3.159,3.659,4.039,3.799,fuel,USA,USD,MapUp,PilotJ,,,,,,,,,,,,,,,,y,,,,,,,,,,,,,y,y,,,y,,,,,,,,,,,,,,,,y,,,y,,,,,,,,y,y,,,,,,,y,,,,,,,,,,,,,y,,,,,,,,,y,,,,,,y,,,,,,,,,y,,,,y,,,,,y,,,,,,,
31046,Pilot Travel Center #1046,"210 US Highway 27 North, South Bay, FL 33493",South Bay,FL,33493,26.6664480246886,-80.7164230109756,3.159,3.659,4.149,4.159,fuel,USA,USD,MapUp,PilotJ,,,,y,,y,,,,,,,,,,y,,,,,,,,,,,,,y,y,,,,,,,,,,,,,,,,,,,y,,,y,,,,,,,,y,y,,,,,,,y,,,,,,,,,,,,,,,,,,,,,,y,,,,,,y,,,,,,,,,y,,,,y,,,,,y,,,,,,,
31288,Pilot Travel Center #1288,"675 Western Kentucky Pkwy, Beaver Dam, KY 42320",Beaver Dam,KY,42320,37.3764332528112,-86.8270066437409,,,,3.659,fuel,USA,USD,MapUp,PilotJ,,,,,,,,,,,,,,,,,,,,,,,,,,,,,,,,,,,,,,,,,,,,,,,,,,,,,,,,,,,,,,,,,,,,,,,,,,,,,,,,,,,,,,,,,,,,,,,,,,,,,,,,,,,,,,,,,,,,,,,,,
3622,Pilot Travel Center #622,"100 North Kings Hwy, Fort Pierce, FL 34945",Fort Pierce,FL,34945,27.4489560108225,-80.3977813214264,3.259,3.629,3.909,3.849,fuel,USA,USD,MapUp,PilotJ,,,,,,y,,,,,,,,,,y,,,,,,,,,,,,,,y,,,y,,,,,,,,y,,,y,,,,,y,,,y,,,,,,,,y,y,,,,,,,y,,,,,,,,,,,,,y,,,,,,,,,y,,,,,,y,,,y,,,,,,y,,,,y,,,,,y,,,,,,,
3623,Pilot Travel Center #623,"32670 Blue Star Hwy, Midway, FL 32343",Midway,FL,32343,30.4924907920008,-84.4291514391479,2.899,3.399,3.849,3.999,fuel,USA,USD,MapUp,PilotJ,,,,,,y,,,,,,,,,,y,,,,,,,,,,,,,y,y,,,y,,,,,,,,y,,,,,,,,y,,,y,,,,,,,,y,y,,,,,,,y,,,,,,,,,,,,,y,,,,,,,,,y,,,,,,y,,,y,,,,,,y,,,,y,,,,,y,,,,,,,
31287,Pilot Travel Center #1287,"133 FM 314, Van, TX 75790",Van,TX,75790,32.5045169652904,-95.6424751018524,,,,3.439,fuel,USA,USD,MapUp,PilotJ,,,,,,,,,,,,,,,,,,,,,,,,,,,,,,,,,,,,,,,,,,,,,,,,,,,,,,,,,,,,,,,,,,,,,,,,,,,,,,,,,,,,,,,,,,,,,,,,,,,,,,,,,,,,,,,,,,,,,,,,,
3624,Pilot Travel Center #624,"29933 State Road 52, Dade City, FL 33576",Dade City,FL,33576,28.3264583298285,-82.3223601792373,3.259,3.529,3.769,3.899,fuel,USA,USD,MapUp,PilotJ,,,,y,,y,,,,,,,,,,y,,,,,,,,,,,,,y,y,,,y,,,,,,,,y,,,,,,,,y,,,y,,,,,,,,y,y,,,,,,,y,,,,,,,,,,,,,y,,,,,,,,,y,,,,,,y,,,,,,,,,y,,,,y,,,,,y,,,,,,,
34555,Pilot Travel Center #4555,"3201 Buttermilk Road, Cottondale, AL 35453",Cottondale,AL,35453,33.1788282236049,-87.4466334246063,2.699,3.199,3.619,3.299,fuel,USA,USD,MapUp,PilotJ,,,,,,,,,,,,,,,,,,,,,,,,,,,,,y,y,,,y,,,,,,,,,,,,,,,,y,,,y,,,,,,,,y,y,,,,,,,y,,,,,,,,,,,,,,,,,,,,,,y,,,,,,y,,,,,,,,,,,,,y,,,,,,,,,,,,
3625,Pilot Travel Center #625,"11555 East Sligh Ave., Seffner, FL 33584",Seffner,FL,33584,28.0096770178567,-82.3033399637542,3.259,3.759,4.229,3.769,fuel,USA,USD,MapUp,PilotJ,,,,,,y,,,,,,,,,,y,,,,,,,,,,,,,y,y,,,y,,,,,,,,y,,,y,,,,,,,,y,,,,,,,,y,y,,,,,,,y,,,,,,,,,,,,,,,,,,,,,,y,,,,,,y,,,,,,,,,y,,,,y,,,,,y,,,,,,,
3626,Pilot Travel Center #626,"950 State Road 206 West, St. Augustine, FL 32086",St. Augustine,FL,32086,29.7499612068137,-81.3444461718276,3.199,3.699,4.119,3.999,fuel,USA,USD,MapUp,PilotJ,,,,,,y,,,,,,,,,,y,,,,,,,,,,,,,y,y,,,y,,,,,,,,y,,,,,,,,y,,,y,,,,,,,,y,y,,,,,,,y,,,,,,,,,,,,,y,,,,,,,,,y,,,,,,y,,,,,,,,,y,,,,y,,,,,y,,,,,,,
34556,Pilot Travel Center #4556,"744 E State Road 44, Wildwood, FL 34785",Wildwood,FL,34785,28.8737365008099,-82.0905589306884,3.099,3.599,4.099,3.589,fuel,USA,USD,MapUp,PilotJ,,,,,,,,,,,,,,,,y,,,,,,,,,,,,,y,y,,,y,,,,,,,,y,,,,,,,,y,,,y,,,,,,,,y,y,,,,,,,y,,,,,,,,,,,,,y,,,,,,,,,y,,,,,,y,,,,,,,,,y,,,,y,,,,,,,,,,,,
3627,Pilot Travel Center #627,"2990 US Hwy 17 South, Brunswick, GA 31523",Brunswick,GA,31523,31.1401377392591,-81.5782919153442,2.899,3.379,3.759,3.759,fuel,USA,USD,MapUp,PilotJ,,,,,,y,,,,,,,,,,y,,,,,,,,,,,,,y,y,,,y,,,,,,,,y,,,y,,,,,y,,,y,,,,,,,,y,y,,,,,,,y,,,,,,,,,,,,,y,,,,,,,,,y,,,,,,y,,,,,,,,,y,,,,y,,,,,y,,,,,,,
34557,Pilot Travel Center #4557,"11156 Highway 106, Carnesville, GA 30521",Carnesville,GA,30521,34.3903117992749,-83.2270192209014,2.799,3.299,3.749,3.579,fuel,USA,USD,MapUp,PilotJ,,,,y,,,,,,,,,,,,,,,,,,,,,,,,,y,y,,,y,,,,,,,,,,,,,,,,y,,,y,,,,,,,,y,y,,,,,,,y,,,,,,,,,,,,,,,,,,,,,,y,,,,,,y,,,,,,,,,,,,,y,,,,,,,,,,,,
34558,Pilot Travel Center #4558,"2111 US Highway 41 NE, Calhoun, GA 30701",Calhoun,GA,30701,34.5588211134292,-84.9356338416641,2.859,3.359,3.859,3.799,fuel,USA,USD,MapUp,PilotJ,,,,,,,,,,,,,,,,,,,,,,,,,,,,,y,y,,,y,,,,,,,,,,,,,,,,y,,,y,,,,,,,,y,,,,,,,,y,,,,,,,,,,,,,,,,,,,,,,y,,,,,,y,,,,,,,,,,,,,y,,,,,,,,,,,,
3628,Pilot Travel Center #628,"10226 Old Federal Road, Carnesville, GA 30521",Carnesville,GA,30521,34.3468242171222,-83.3217728293609,2.739,3.239,3.739,3.579,fuel,USA,USD,MapUp,PilotJ,,,,,,y,,,,,,,,,,y,,,,,,,,,,,,,y,y,,,y,,,,,,,,y,,,y,,,,,y,,,y,,,,,,,,y,y,,,,,,,y,,,,,,,,,,,,,y,,,,,,,,,y,,,,,,y,,,,,,,,,y,,,,y,,,,,y,,,,,,,
36978,Pilot Travel Center #6978,"801 NC Highway 211E, Candor, NC 27229",Candor,NC,27229,35.298307467016,-79.7263980914016,2.859,3.359,3.839,3.899,fuel,USA,USD,MapUp,PilotJ,,,,,,,,,,,,,,,,,,,,,,,,,,,,,y,y,,,y,,,,,,,,,,,,,,,,y,,,y,,,,,,,,y,,,,,,,,y,,,,,,,,,,,,,,,,,,,,,,y,,,,,,y,,,,,,,,,,,,,y,,,,,,,,,,,,
34559,Pilot Travel Center #4559,"95 Liberty Road, Villa Rica, GA 30180",Villa Rica,GA,30180,33.7216523054108,-84.9031026514511,2.999,3.499,3.999,3.969,fuel,USA,USD,MapUp,PilotJ,,,,,,,,,,,,,,,,,,,,,,,,,,,,,y,y,,,y,,,,,,,,,,,,,,,,y,,,y,,,,,,,,y,y,,,,,,,y,,,,,,,,y,,,,,,,,,,,,,,y,,,,,,y,,,,,,,,,,,,,y,,,,,,,,,,,,
36990,Pilot Travel Center #6990,"1000 Truckstop Road, Kenly, NC 27542",Kenly,NC,27542,35.5829955713588,-78.1478903730163,2.699,3.079,3.489,3.959,fuel,USA,USD,MapUp,PilotJ,,,,,,,,,,,,,,,,,,,,,,,,,,,,,y,,,,,,,,,,,,,,,,,,,,y,,,y,,,,,,,,y,,,,,,,,y,,,,,,,,,,,,,,,,,,,,,,y,,,,,,y,,,,,,,,,,,,,y,,,,,,,,,,,,
31063,Pilot Travel Center #1063,"3365 Sugar Hill Road, Marion, NC 28752",Marion,NC,28752,35.6425701041852,-82.0401348564834,2.799,3.289,3.619,3.969,fuel,USA,USD,MapUp,PilotJ,,,,,,y,,,,,,,,,,y,,,,,,,,,,,,,y,y,,,y,,,,,,,,,,,,,,,,y,,,y,,,,,,,,y,,,,,,,,y,,,,,,,,,,,,,,,,,,,,,,y,,,,,,y,,,,,,,,,y,,,,y,,,,,y,,,,,,,
31061,Pilot Travel Center #1061,"4939 West Chestnut Expressway, Springfield, MO 65802",Springfield,MO,65802,37.2136105242107,-93.3815448,2.799,3.099,3.529,3.469,fuel,USA,USD,MapUp,PilotJ,,,,y,,,,,,,,,,,,y,,,,,,,,,,,,,y,y,,,y,,,,,,,,,,,,,,,,y,,,y,,,,,,,,y,y,,,,,,,y,,,,,,,,,,,,,y,,,,,,,,,y,,,,,,y,,,,,,,,,y,,,,y,,,,,,,,,,,,
3630,Pilot Travel Center #630,"1125 Bucksnort Road, Jackson, GA 30233",Jackson,GA,30233,33.2074359186118,-84.0640393669342,2.899,3.399,3.889,3.899,fuel,USA,USD,MapUp,PilotJ,,,,y,,y,,,,,,,,,,y,,,,,,,,,,,,,y,y,,,y,,,,,,,,y,,,y,,,,,y,,,y,,,,,,,,y,y,,,,,,,y,,,,,,,,,,,,,y,,,,,,,,,y,,,,,,y,,,,,,,,,y,,,,y,,,,,y,,,,,,,
3631,Pilot Travel Center #631,"7001 Lake Park Bellville Road, Lake Park, GA 31636",Lake Park,GA,31636,30.6415221552167,-83.1897457103119,2.999,3.379,3.999,3.659,fuel,USA,USD,MapUp,PilotJ,,,,,,y,,,,,,,,,,y,,,,,,,,,,,,,y,y,,,y,,,,,,,,y,,,,,,,,y,,,y,,,,,,,,y,y,,,,,,,y,,,,,,,,,,,,,,,,,,,,,,y,,,,,,y,,,,,,,,,y,,,,y,,,,,y,,,,,,,
31059,Pilot Travel Center #1059,"709 US Hwy 77 N, Schulenburg, TX 78956",Schulenburg,TX,78956,29.6950873772082,-96.9016896256561,2.899,3.369,3.649,3.759,fuel,USA,USD,MapUp,PilotJ,,,,y,,,,,,,,,,,,y,,,,,,,,,,,,,y,y,,,y,,,,,,,,y,,,,,,,,y,,,y,,,,,,,,y,y,,,,,,,y,,,,,,,,,,,,,y,,,,,,,,,y,,,,,,y,,,,,,,,,y,,,,y,,,,,y,,,,,,,
3873,Pilot Travel Center #873,"12200 Nw South River Drive, Medley, FL 33178",Medley,FL,33178,25.8845258428509,-80.3654061435165,2.999,3.659,3.859,4.059,fuel,USA,USD,MapUp,PilotJ,,,,,,y,,,,,,,,,,y,,,,,,,,,,,,,,,,,,,,,,,,,,,,,,,,,,,,y,,,,,,,,y,,,,,,,,y,,,,,,,,,,,,,,,,,,,,,,y,,,,,,,,,,,,,,,y,,,,y,,,,,,,,,,,,
31058,Pilot Travel Center #1058,"17276 NE Hwy. 301, Waldo, FL 32694",Waldo,FL,32694,29.8142074928778,-82.1688426858444,2.899,3.499,3.999,4.059,fuel,USA,USD,MapUp,PilotJ,,,,,,y,,,,,,,,,,y,,,,,,,,,,,,,,,,,,,,,,,,,y,,,,,,,,y,,,y,,,,,,,,y,,,,,,,,y,,,,,,,,,,,,,,,,,,,,,,y,,,,,,y,,,,,,,,,y,,,,y,,,,,y,,,,,,,
3632,Pilot Travel Center #632,"288 Resaca Beach Blvd, Resaca, GA 30735",Resaca,GA,30735,34.5764109785546,-84.9471497129669,2.859,3.349,3.859,3.799,fuel,USA,USD,MapUp,PilotJ,,,,y,,y,,,,,,,,,,y,,,,,,,,,,,,,y,y,,,y,,,,,,,,y,,,y,,,,,y,,,y,,,,,,,,y,,,,,,,,y,,,,,,,,,,,,,y,,,,,,,,,y,,,,,,y,,,,,,,,,y,,,,y,,,,,y,,,,,,,
3874,Pilot Travel Center #874,"17696 Sw 8Th Street, Miami, FL 33194",Miami,FL,33194,25.7603679147764,-80.4806718134918,,,,4.059,fuel,USA,USD,MapUp,PilotJ,,,,,,y,,,,,,,,,,,,,,,,,,,,,,,,,,,,,,,,,,,,,,,,,,,y,,,y,,,,,,,,y,,,,,,,,y,,,,,,,,y,,,,,,,,,,,,,,y,,,,,,,,,,,,,,,y,,,,y,,,,,,,,,,,,
31299,Pilot Travel Center #1299,"101 US 287, Henrietta, TX 76365",Henrietta,TX,76365,33.8004160792404,-98.1961892619834,,,,3.359,fuel,USA,USD,MapUp,PilotJ,,,,,,,,,,,,,,,,,,,,,,,,,,,,,,,,,,,,,,,,,,,,,,,,,,,,,,,,,,,,,,,,,,,,y,,,,,,,,,,,,,,,,,,,,,,y,,,,,,y,,,,,,,,,y,,,,,,,,,,,,,,,,
3875,Pilot Travel Center #875,"221 Belle Hill Road, Elkton, MD 21921",Elkton,MD,21921,39.6383569,-75.8062602,3.059,3.519,3.919,4.199,fuel,USA,USD,MapUp,PilotJ,,,,,,y,,,,,,,,,,,,,,,,,,,,,,,y,y,,,y,,,,,,,,y,,,,,,,,y,,,y,,,,,,,,y,y,,,,,,,y,,,,,,,,,,,,,,,,,,,,,,y,,,,,,y,,,,,,,,,y,,,,y,,,,,y,,,,,,,
3633,Pilot Travel Center #633,"3600 Highway 77 South, Greensboro, GA 30642",Greensboro,GA,30642,33.547329,-83.077382,2.959,3.459,3.959,4.069,fuel,USA,USD,MapUp,PilotJ,,,,y,,y,,,,,,,,,,y,,,,,,,,,,,,,y,y,,,y,,,,,,,,y,,,y,,,,,y,,,y,,,,,,,,y,y,,,,,,,y,,,,,,,,,,,,,y,,,,,,,,,y,,,,,,y,,,,,,,,,y,,,,y,,,,,y,,,,,,,
31057,Pilot Travel Center #1057,"1305 Pasadena Freeway, Pasadena, TX 77506",Pasadena,TX,77506,29.7141708745181,-95.1965139920654,2.499,2.999,3.499,3.599,fuel,USA,USD,MapUp,PilotJ,,,,,,,,,,,,,,,,y,,,,,,,,,,,,,y,y,,,y,,,,,,,,y,,,,,,,,y,,,y,,,,,,,,y,y,,,,,,,y,,,,,,,,,,,,,y,,,,,,,,,y,,,,,,y,,,,,,,,,y,,,,y,,,,,y,,,,,,,
3634,Pilot Travel Center #634,"650 Carrollton Street, Temple, GA 30179",Temple,GA,30179,33.7192907403941,-85.0264242896881,2.999,3.399,3.669,3.969,fuel,USA,USD,MapUp,PilotJ,,,,,,,,,,,,,,,,y,,,,,,,,,,,,,y,y,,,y,,,,,,,,y,,,y,,,,,y,,,y,,,,,,,,y,y,,,,,,,y,,,,,,,,,,,,,y,,,,,,,,,y,,,,,,y,,,,,,,,,y,,,,y,,,,,y,,,,,,,
3876,Pilot Travel Center #876,"23866 Rogers Clark Blvd., Ruther Glen, VA 22546",Ruther Glen,VA,22546,37.9405196990901,-77.4685383822784,2.799,3.299,3.769,3.859,fuel,USA,USD,MapUp,PilotJ,,,,y,,y,,,,,,,,,,y,,,,,,,,,,,,,y,y,,,y,,,,,,,,y,,,y,,,,,y,,,y,,,,,,,,y,y,,,,,,,y,,,,,,,,y,,,,,,,,,,,,,,y,,,,,,y,,,,,,,,,y,,,,y,,,,,y,,,,,,,
31056,Pilot Travel Center #1056,"14896 State Route 49, Edon, OH 43518",Edon,OH,43518,41.6336003843142,-84.7657634261346,2.899,3.199,3.499,3.999,fuel,USA,USD,MapUp,PilotJ,,,,y,,y,,,,,,,,,,y,,,,,,,,,,,,,,,,,y,,,,,,,,,,,,,,,,y,,,y,,,,,,,,y,,,,,,,,y,,,,,,,,,,,,,y,,,,,,,,,y,,,,,,y,,,,,,,,,y,,,,y,,,,,y,,,,,,,
3636,Pilot Travel Center #636,"8200 N.W. Blvd., Davenport, IA 52806",Davenport,IA,52806,41.6029144,-90.6248552,2.899,3.349,3.699,3.939,fuel,USA,USD,MapUp,PilotJ,,,,,,y,,,,,,,,,,y,,,,,,,,,,,,,y,y,,,y,,,,,,,,y,,,y,,,,,y,,,y,,,,,,,,y,,,,,,,,y,,,,,,,,,,,,,y,,,,,,,,,y,,,,,,y,,,y,,,,,,y,,,,y,,,,,y,,,,,,,
34566,Pilot Travel Center #4566,"2768 East Cherokee Street, Blacksburg, SC 29702",Blacksburg,SC,29702,35.165979901768,-81.451409628836,2.639,3.129,3.599,3.699,fuel,USA,USD,MapUp,PilotJ,,,,,,y,,,,,,,,,,y,,,,,,,,,,,,,y,y,,,y,,,,,,,,,,,,,,,,y,,,y,,,,,,,,y,y,,,,,,,y,,,,,,,,,,,,,,,,,,,,,,y,,,,,,y,,,,,,,,,y,,,,y,,,,,,,,,,,,
34567,Pilot Travel Center #4567,"1155 South Anderson Road, Rock Hill, SC 29730",Rock Hill,SC,29730,34.9132236795925,-80.9795527,2.899,3.289,3.529,3.399,fuel,USA,USD,MapUp,PilotJ,,,,,,y,,,,,,,,,,,,,,,,,,,,,,,y,y,,,y,,,,,,,,,,,,,,,,y,,,y,,,,,,,,y,,,,,,,,y,,,,,,,,,,,,,,,,,,,,,,y,,,,,,y,,,,,,,,,y,,,,y,,,,,,,,,,,,
3879,Pilot Travel Center #879,"2828 El Centro Road, Sacramento, CA 95833",Sacramento,CA,95833,38.6173987242355,-121.538170787696,4.199,4.399,4.599,4.899,fuel,USA,USD,MapUp,PilotJ,,,,,,y,,,,,,,,,,y,,,,,,,,,,,,,,y,,,,,,,,,,,y,,,,,,,,,,,y,,,,,,,,y,,,,,,,,y,,,,,,,,y,,,,,y,,,,,,,,,y,,,,,,y,,,,,,,,,y,,,,y,,,,,y,,,,,,,
3637,Pilot Travel Center #637,"445 Evansdale Drive, Evansdale, IA 50707",Evansdale,IA,50707,42.4596979,-92.252271,2.999,3.499,3.799,3.799,fuel,USA,USD,MapUp,PilotJ,,,,,,y,,,,,,,,,,y,,,,,,,,,,,,,y,y,,,y,,,,,,,,,,,y,,,,,y,,,y,,,,,,,,y,,,,,,,,y,,,,,,,,,,,,,y,,,,,,,,,y,,,,,,y,,,,,,,,,y,,,,y,,,,,y,,,,,,,
3638,Pilot Travel Center #638,"3512 Franklin Road, Caldwell, ID 83605",Caldwell,ID,83605,43.6616563461976,-116.654591823417,3.159,3.499,3.759,3.899,fuel,USA,USD,MapUp,PilotJ,,,,y,,y,,,,,,,,,,y,,,,,,,,,,,,,y,y,,,y,,,,,,,,y,,,y,,,,,y,,,y,,,,,,,,y,,,,,,,,y,,,,,,,,,,,,,y,,,,,,,,,y,,,,,,y,,,,,,,,,y,,,,y,,,,,y,,,,,,,
34568,Pilot Travel Center #4568,"574 Bettis Academy Road, Graniteville, SC 29829",Graniteville,SC,29829,33.6041801982993,-81.841474270639,2.899,3.299,3.589,3.699,fuel,USA,USD,MapUp,PilotJ,,,,,,,,,,,,,,,,,,,,,,,,,,,,,y,y,,,y,,,,,,,,,,,,,,,,y,,,y,,,,,,,,y,y,,,,,,,y,,,,,,,,,,,,,,,,,,,,,,y,,,,,,y,,,,,,,,,,,,,y,,,,,,,,,,,,
3639,Pilot Travel Center #639,"3636 W. 5Th Avenue, Post Falls, ID 83854",Post Falls,ID,83854,47.7113444950146,-116.996878083328,3.059,3.459,3.689,3.699,fuel,USA,USD,MapUp,PilotJ,,,,y,,y,,,,,,,,,,y,,,,,,,,,,,,,y,y,,,y,,,,,,,,y,,,y,,,,,y,,,y,,,,,,,,y,,,,,,,,y,,,,,,,,,,,,,,,,,,,,,,y,,,,,,y,,,,,,,,,y,,,,y,,,,,y,,,,,,,
34569,Pilot Travel Center #4569,"15976 Whyte Hardee Blvd, Hardeeville, SC 29927",Hardeeville,SC,29927,32.2687820464699,-81.0810143246063,2.849,3.349,3.849,3.759,fuel,USA,USD,MapUp,PilotJ,,,,,,,,,,,,,,,,,,,,,,,,,,,,,y,y,,,y,,,,,,,,,,,,,,,,y,,,y,,,,,,,,y,y,,,,,,,y,,,,,,,,,,,,,,,,,,,,,,y,,,,,,y,,,,,,,,,,,,,y,,,,,,,,,,,,
34580,Pilot Travel Center #4580,"2221 SC Highway 773, Prosperity, SC 29127",Prosperity,SC,29127,34.2403862,-81.4592138,2.899,3.399,3.849,3.759,fuel,USA,USD,MapUp,PilotJ,,,,,,y,,,,,,,,,,y,,,,,,,,,,,,,y,,,,y,,,,,,,,,,,,,,,,y,,,y,,,,,,,,y,y,,,,,,,y,,,,,,,,,,,,,,,,,,,,,,y,,,,,,y,,,,,,,,,y,,,,y,,,,,,,,,,,,
34581,Pilot Travel Center #4581,"1340 Sumter Hwy, Bishopville, SC 29010",Bishopville,SC,29010,34.1925073816518,-80.2832711767211,2.649,3.069,3.469,3.699,fuel,USA,USD,MapUp,PilotJ,,,,,,y,,,,,,,,,,y,,,,,,,,,,,,,y,,,,y,,,,,,,,,,,,,,,,y,,,y,,,,,,,,y,,,,,,,,y,,,,,,,,,,,,,,,,,,,,,,y,,,,,,y,,,,,,,,,y,,,,y,,,,,,,,,,,,
34584,Pilot Travel Center #4584,"1504 Highway 38 W, Latta, SC 29565",Latta,SC,29565,34.344825,-79.534595,2.899,3.399,3.899,3.639,fuel,USA,USD,MapUp,PilotJ,,,,,,,,,,,,,,,,,,,,,,,,,,,,,y,y,,,y,,,,,,,,,,,,,,,,y,,,y,,,,,,,,y,y,,,,,,,y,,,,,,,,,,,,,,,,,,,,,,y,,,,,,y,,,,,,,,,,,,,y,,,,,,,,,,,,
31071,Pilot Travel Center #1071,"979 East Paige Ave, Tulare, CA 93274",Tulare,CA,93274,36.1810874623895,-119.332143169311,3.999,4.299,4.599,4.999,fuel,USA,USD,MapUp,PilotJ,,,,,,y,,,,,,,,,,y,,,,,,,,,,,,,,,,,y,,,,,,,,,,,y,,,,,y,,,y,,,,,,,,y,,,,,,,,y,,,,,,,,,,,,,y,,,,,,,,,y,,,,,,y,,,,,,,,,y,,,,,,,,,y,,,,,,,
31070,Pilot Travel Center #1070,"2464 Historic Route 66, Santa Rosa, NM 88435",Santa Rosa,NM,88435,34.9465353,-104.6518304,2.899,3.369,3.769,3.839,fuel,USA,USD,MapUp,PilotJ,,,,,,y,,,,,,,,,,y,,,,,,,,,,,,,y,y,,,y,,,,,,,,,,,,,,,,y,,,y,,,,,,,,y,y,,,,,,,y,,,,,,,,,,,,,y,,,,,,,,,y,,,,,,y,,,,,,,,,y,,,,y,,,,,y,,,,,,,
3880,Pilot Travel Center #880,"15 Route 23, Montague, NJ 07827",Montague,NJ,7827,41.3496447842327,-74.6869035079345,,,,4.099,fuel,USA,USD,MapUp,PilotJ,,,,,,y,,,,,,,,,,y,,,,,,,,,,,,,,,,,,,,,,,,,,,,,,,,,,,,y,,,,,,,,y,,,,,,,,y,,,,,,,,,,,,,,,,,,,,,,,,,,,,y,,,,,,,,,y,,,,y,,,,,,,,,,,,
3881,Pilot Travel Center #881,"3037 Goshen Road, Fort Wayne, IN 46808",Fort Wayne,IN,46808,41.1186791657067,-85.1835968207626,,,,4.099,fuel,USA,USD,MapUp,PilotJ,,,,,,y,,,,,,,,,,y,,,,,,,,,,,,,,,,,y,,,,,,,,y,,,,,,,,y,,,y,,,,,,,,y,,,,,,,,y,,,,,,,,y,,,,,,,,,,,,,,y,,,,,,y,,,,,,,,,y,,,,y,,,,,y,,,,,,,
3882,Pilot Travel Center #882,"273 Clarks Falls Road, North Stonington, CT 06359",North Stonington,CT,6359,41.4419112739426,-71.8002626699752,,,,4.299,fuel,USA,USD,MapUp,PilotJ,,,,,,y,,,,,,,,,,y,,,,,,,,,,,,,,y,,,,,,,,,,,y,,,,,,,,y,,,y,,,,,,,,y,,,,,,,,y,,,,,,,,,,,,,,,,,,,,,,y,,,,,,,,,,,,,,,y,,,,y,,,,,y,,,,,,,
3640,Pilot Travel Center #640,"5350 Hwy 93, Jerome, ID 83338",Jerome,ID,83338,42.6495494896922,-114.442820331352,3.099,3.439,3.699,3.899,fuel,USA,USD,MapUp,PilotJ,,,,y,,y,,,,,,,,,,y,,,,,,,,,,,,,y,y,,,y,,,,,,,,y,,,y,,,,,y,,,y,,,,,,,,y,y,,,,,,,y,,,,,,,,y,,,,,y,,,,,,,,,y,,,,,,y,,,,,,,,,y,,,,y,,,,,y,,,,,,,
3641,Pilot Travel Center #641,"587 E. US Hwy 30, Mccammon, ID 83250",Mccammon,ID,83250,42.6599760759084,-112.206696890876,3.139,3.639,3.969,3.899,fuel,USA,USD,MapUp,PilotJ,,,,y,,y,,,,,,,,,,y,,,,,,,,,,,,,y,y,,,y,,,,,,,,,,,y,,,,,y,,,y,,,,,,,,y,y,,,,,,,y,,,,,,,,,,,,,,,,,,,,,,y,,,,,,y,,,,,,,,,y,,,,y,,,,,y,,,,,,,
3883,Pilot Travel Center #883,"9800 I-20 Frontage Road, Canton, TX 75103",Canton,TX,75103,32.5431066268189,-95.7555806957702,,,,3.439,fuel,USA,USD,MapUp,PilotJ,,,,,,y,,,,,,,,,,y,,,,,,,,,,,,,,,,,,,,,,,,,y,,,,,,,,y,,,y,,,,,,,,y,,,,,,,,y,,,,,,,,,,,,,,,,,,,,,,y,,,,,,y,,,,,,,,,y,,,,y,,,,,y,,,,,,,
3642,Pilot Travel Center #642,"140 Racehorse Dr., Alorton, IL 62207",Alorton,IL,62207,38.5759275347109,-90.0989043068847,3.259,3.659,4.109,3.699,fuel,USA,USD,MapUp,PilotJ,,,,,,y,,,,,,,,,,y,,,,,,,,,,,,,y,y,,,y,,,,,,,,y,,,y,,,,,y,,,y,,,,,,,,y,,,,,,,,y,,,,,,,,,,,,,y,,,,,,,,,y,,,,,,y,,,,,,,,,y,,,,y,,,,,y,,,,,,,
3643,Pilot Travel Center #643,"1701 W Evergreen Avenue, Effingham, IL 62401",Effingham,IL,62401,39.1339955801243,-88.5659382195739,2.999,3.399,3.849,3.859,fuel,USA,USD,MapUp,PilotJ,,,,,,y,,,,,,,,,,y,,,,,,,,,,,,,y,y,,,y,,,,,,,,y,,,y,,,,,y,,,y,,,,,,,,y,y,,,,,,,y,,,,,,,,,,,,,y,,,,,,,,,y,,,,,,y,,,,,,,,,y,,,,y,,,,,y,,,,,,,
31068,Pilot Travel Center #1068,"799 Jedburg Road, Summerville, SC 29483",Summerville,SC,29483,33.0807751,-80.2105932,2.859,3.349,3.739,3.659,fuel,USA,USD,MapUp,PilotJ,,,,,,y,,,,,,,,,,y,,,,,,,,,,,,,y,y,,,y,,,,,,,,,,,y,,,,,y,,,y,,,,,,,,y,,,,,,,,y,,,,,,,,,,,,,,,,,,,,,,y,,,,,,y,,,,,,,,,y,,,,y,,,,,y,,,,,,,
3402,Pilot Travel Center #402,"8020 Campstool Road, Cheyenne, WY 82007",Cheyenne,WY,82007,41.1363306480877,-104.706734744705,2.759,3.069,3.359,3.599,fuel,USA,USD,MapUp,PilotJ,,,,,,y,,,,,,,,,,,,,,,,,,,,,,,,y,,,y,,,,,,,,y,,,y,,,,,y,,,y,,,,,,,,y,,,,,,,,y,,,,,,,,,,,,,,,,,,,,,,y,,,,,,y,,,,,,,,,y,,,,y,,,,,y,,,,,,,
3644,Pilot Travel Center #644,"343 Civic Road, Lasalle, IL 61301",Lasalle,IL,61301,41.3689973950929,-89.0979948280334,3.099,3.499,3.949,3.699,fuel,USA,USD,MapUp,PilotJ,,,,y,,y,,,,,,,,,,y,,,,,,,,,,,,,y,y,,,y,,,,,,,,y,,,y,,,,,y,,,y,,,,,,,,y,,,,,,,,y,,,,,,,,,,,,,y,,,,,,,,,y,,,,,,y,,,y,,,,,,y,,,,y,,,,,y,,,,,,,
3887,Pilot Travel Center #887,"1100 E. Hwy 180, Snyder, TX 79549",Snyder,TX,79549,32.7052673572584,-100.865859008598,,,,3.699,fuel,USA,USD,MapUp,PilotJ,,,,,,y,,,,,,,,,,y,,,,,,,,,,,,,,,,,,,,,,,,,,,,,,,,,,,,y,,,,,,,,,,,,,,,,y,,,,,,,,,,,,,,,,,,,,,,y,,,,,,y,,,,,,,,,y,,,,y,,,,,,,,,,,,
3403,Pilot Travel Center #403,"1915 East Raccoon Valley Road, Heiskell, TN 37754",Heiskell,TN,37754,36.1110695932814,-84.0201827521086,2.799,3.199,3.629,3.359,fuel,USA,USD,MapUp,PilotJ,,,,,,y,,,,,,,,,,,,,,,,,,,,,,,y,y,,,,,,,,,,,,,,,,,,,y,,,y,,,,,,,,y,,,,,,,,y,,,,,,,,,,,,,,,,,,,,,,y,,,,,,y,,,,,,,,,y,,,,y,,,,,,,,,,,,
3645,Pilot Travel Center #645,"1310 East Chain Of Rocks Road, Pontoon Beach, IL 62040",Pontoon Beach,IL,62040,38.7599112782292,-90.0653643865081,3.199,3.599,4.049,3.799,fuel,USA,USD,MapUp,PilotJ,,,,,,y,,,,,,,,,,y,,,,,,,,,,,,,y,y,,,y,,,,,,,,y,,,y,,,,,y,,,y,,,,,,,,y,y,,,,,,,y,,,,,,,,,,,,,y,,,,,,,,,y,,,,,,y,,,,,,,,,y,,,,y,,,,,y,,,,,,,
3646,Pilot Travel Center #646,"16049 Willowbrook Road, South Beloit, IL 61080",South Beloit,IL,61080,42.4934331960648,-88.9986079656066,3.059,3.459,3.909,3.899,fuel,USA,USD,MapUp,PilotJ,,,,,,y,,,,,,,,,,y,,,,,,,,,,,,,y,y,,,y,,,,,,,,y,,,y,,,,,y,,,y,,,,,,,,y,y,,,,,,,y,,,,,,,,,,,,,y,,,,,,,,,y,,,,,,y,,,,,,,,,y,,,,y,,,,,y,,,,,,,
34576,Pilot Travel Center #4576,"9587 Charleston Hwy, St. George, SC 29477",St. George,SC,29477,33.2694327481045,-80.5670232306884,2.899,3.399,3.869,3.659,fuel,USA,USD,MapUp,PilotJ,,,,,,y,,,,,,,,,,y,,,,,,,,,,,,,y,,,,y,,,,,,,,,,,,,,,,y,,,y,,,,,,,,y,y,,,,,,,y,,,,,,,,,,,,,,,,,,,,,,y,,,,,,y,,,,,,,,,y,,,,y,,,,,,,,,,,,
3888,Pilot Travel Center #888,"2901 W. Highway 86, Tulia, TX 79088",Tulia,TX,79088,34.5286437370363,-101.797326126319,,,,3.559,fuel,USA,USD,MapUp,PilotJ,,,,,,y,,,,,,,,,,y,,,,,,,,,,,,,,,,,,,,,,,,,y,,,,,,,,,,,y,,,,,,,,y,,,,,,,,y,,,,,,,,,,,,,,,,,,,,,,y,,,,,,y,,,,,,,,,y,,,,y,,,,,y,,,,,,,
3404,Pilot Travel Center #404,"2441 South Church Street, Murfreesboro, TN 37127",Murfreesboro,TN,37127,35.8076745,-86.3965548,2.549,3.049,3.449,3.759,fuel,USA,USD,MapUp,PilotJ,,,,,,y,,,,,,,,,,y,,,,,,,,,,,,,y,y,,,y,,,,,,,,y,,,,,,,,y,,,y,,,,,,,,y,,,,,,,,y,,,,,,,,,,,,,,,,,,,,,,y,,,,,,y,,,,,,,,,y,,,,y,,,,,y,,,,,,,
3889,Pilot Travel Center #889,"101 South 45th Street, Mt. Vernon, IL 62864",Mt. Vernon,IL,62864,38.3114285032882,-88.9574312209014,,,,3.759,fuel,USA,USD,MapUp,PilotJ,,,,,,y,,,,,,,,,,y,,,,,,,,,,,,,,,,,y,,,,,,,,,,,,,,,,y,,,y,,,,,,,,y,,,,,,,,y,,,,,,,,,,,,,y,,,,,,,,,y,,,,,,y,,,,,,,,,y,,,,y,,,,,y,,,,,,,
36996,Pilot Travel Center #6996,"2574 W NC Highway 24, Warsaw, NC 28398",Warsaw,NC,28398,34.9941844216567,-78.1297291435165,2.849,3.349,3.779,3.799,fuel,USA,USD,MapUp,PilotJ,,,,,,,,,,,,,,,,,,,,,,,,,,,,,y,y,,,,,,,,,,,,,,,,,,,y,,,y,,,,,,,,y,,,,,,,,y,,,,,,,,,,,,,,,,,,,,,,y,,,,,,y,,,,,,,,,,,,,y,,,,,,,,,,,,
3647,Pilot Travel Center #647,"844 East 1250 South, Haubstadt, IN 47639",Haubstadt,IN,47639,38.1751598554412,-87.5518160661316,2.959,3.459,3.959,4.059,fuel,USA,USD,MapUp,PilotJ,,,,y,,y,,,,,,,,,,y,,,,,,,,,,,,,y,y,,,y,,,,,,,,y,,,y,,,,,y,,,y,,,,,,,,y,,,,,,,,y,,,,,,,,,,,,,y,,,,,,,,,y,,,,,,y,,,,,,,,,y,,,,y,,,,,y,,,,,,,
3406,Pilot Travel Center #406,"9211 Lewisburg Highway, Cornersville, TN 37047",Cornersville,TN,37047,35.3052559592414,-86.8840401177215,2.799,3.299,3.799,3.899,fuel,USA,USD,MapUp,PilotJ,,,,,,y,,,,,,,,,,y,,,,,,,,,,,,,y,y,,,,,,,,,,,y,,,,,,,,y,,,y,,,,,,,,y,,,,,,,,y,,,,,,,,,,,,,,,,,,,,,,y,,,,,,y,,,,,,,,,y,,,,y,,,,,,,,,,,,
34578,Pilot Travel Center #4578,"10959 State Highway 200, Winnsboro, SC 29180",Winnsboro,SC,29180,34.5080714842263,-81.0011595134918,2.839,3.309,3.789,3.699,fuel,USA,USD,MapUp,PilotJ,,,,,,y,,,,,,,,,,y,,,,,,,,,,,,,y,,,,y,,,,,,,,,,,,,,,,y,,,y,,,,,,,,y,y,,,,,,,y,,,,,,,,,,,,,,,,,,,,,,y,,,,,,y,,,,,,,,,y,,,,y,,,,,,,,,,,,
3649,Pilot Travel Center #649,"1720 W Thompson Rd, Indianapolis, IN 46217",Indianapolis,IN,46217,39.6933351225332,-86.1904740624267,2.879,3.379,3.879,3.859,fuel,USA,USD,MapUp,PilotJ,,,,,,y,,,,,,,,,,y,,,,,,,,,,,,,,y,,,y,,,,,,,,y,,,y,,,,,y,,,y,,,,,,,,y,y,,,,,,,y,,,,,,,,,,,,,y,,,,,,,,,y,,,,,,y,,,,,,,,,y,,,,y,,,,,y,,,,,,,
3407,Pilot Travel Center #407,"2411 US Highway 18 East, Clear Lake, IA 50428",Clear Lake,IA,50428,43.1449977,-93.358503,2.999,3.299,3.799,3.799,fuel,USA,USD,MapUp,PilotJ,,,,,,y,,,,,,,,,,y,,,,,,,,,,,,,y,y,,,y,,,,,,,,y,,,,,,,,y,,,y,,,,,,,,y,,,,,,,,y,,,,,,,,,,,,,,,,,,,,,,y,,,,,,y,,,,,,,,,y,,,,y,,,,,y,,,,,,,
34579,Pilot Travel Center #4579,"1300 Burke Road, St. Matthews, SC 29135",St. Matthews,SC,29135,33.6328145349481,-80.8792484104507,2.999,3.499,3.999,3.659,fuel,USA,USD,MapUp,PilotJ,,,,,,y,,,,,,,,,,y,,,,,,,,,,,,,y,y,,,,,,,,,,,,,,,,,,,y,,,y,,,,,,,,y,,,,,,,,y,,,,,,,,,,,,,,,,,,,,,,y,,,,,,y,,,,,,,,,y,,,,y,,,,,,,,,,,,
3408,Pilot Travel Center #408,"3000 Chestnut Ridge Road, Grantsville, MD 21536",Grantsville,MD,21536,39.6922198219689,-79.1002347533035,3.159,3.659,4.159,4.199,fuel,USA,USD,MapUp,PilotJ,,,,,,y,,,,,,,,,,y,,,,,,,,,,,,,y,y,,,,,,,,,,,y,,,,,,,,y,,,y,,,,,,,,y,,,,,,,,y,,,,,,,,,,,,,,,,,,,,,,y,,,,,,y,,,,,,,,,y,,,,y,,,,,y,,,,,,,
3409,Pilot Travel Center #409,"2320 Highway 46 South, Dickson, TN 37055",Dickson,TN,37055,36.0227072628814,-87.3411693802871,2.749,3.249,3.729,3.599,fuel,USA,USD,MapUp,PilotJ,,,,,,y,,,,,,,,,,y,,,,,,,,,,,,,y,y,,,y,,,,,,,,y,,,,,,,,y,,,y,,,,,,,,y,,,,,,,,y,,,,,,,,,,,,,,,,,,,,,,y,,,,,,y,,,,,,,,,y,,,,y,,,,,y,,,,,,,
31080,Pilot Travel Center #1080,"2275 Sperry Avenue, Patterson, CA 95363",Patterson,CA,95363,37.4654568,-121.1647703,4.099,4.399,4.699,4.999,fuel,USA,USD,MapUp,PilotJ,,,,y,,y,,,,,,,,,,y,,,,,,,,,y,,,,y,y,,,y,,,,,,,,y,,,y,,,,,y,,,y,,,,,,,,y,y,,,,,,,y,,,,,,,,,,,,,y,,,,,,,,,y,,,,,,y,,,,,,,,,y,,,,y,,,,,y,,,,,,,
34596,Pilot Travel Center #4596,"3663 Roy Messer Highway, White Pine, TN 37890",White Pine,TN,37890,36.1088875740054,-83.3386127705001,2.699,3.099,3.469,3.799,fuel,USA,USD,MapUp,PilotJ,,,,,,,,,,,,,,,,,,,,,,,,,,,,,y,y,,,y,,,,,,,,,,,,,,,,y,,,y,,,,,,,,y,y,,,,,,,y,,,,,,,,,,,,,,,,,,,,,,y,,,,,,y,,,,,,,,,,,,,y,,,,,,,,,,,,
34597,Pilot Travel Center #4597,"502 Gordonsville Highway, Gordonsville, TN 38563",Gordonsville,TN,38563,36.1771715262019,-85.9486332275085,2.759,3.259,3.759,3.599,fuel,USA,USD,MapUp,PilotJ,,,,y,,,,,,,,,,,,,,,,,,,,,,,,,y,y,,,y,,,,,,,,,,,,,,,,y,,,y,,,,,,,,y,,,,,,,,y,,,,,,,,,,,,,,,,,,,,,,y,,,,,,y,,,,,,,,,,,,,y,,,,,,,,,,,,
31086,Pilot Travel Center #1086,"6255 State Rte. 18 East, Marion, IN 46952",Marion,IN,46952,40.5540002510385,-85.5545484028118,3.259,3.739,4.259,3.979,fuel,USA,USD,MapUp,PilotJ,,,,,,,,,,,,,,,,y,,,,,,,,,,,,,y,y,,,y,,,,,,,,,,,,,,,,y,,,y,,,,,,,,y,,,,,,,,y,,,,,,,,,,,,,y,,,,,,,,,y,,,,,,y,,,,,,,,,y,,,,y,,,,,y,,,,,,,
31083,Pilot Travel Center #1083,"100 South Poplar, Stratford, TX 79084",Stratford,TX,79084,36.3311089437528,-102.073504901852,2.599,2.899,3.329,3.559,fuel,USA,USD,MapUp,PilotJ,,,,,,y,,,,,,,,,,y,,,,,,,,,,,,,y,y,,,y,,,,,,,,y,,,,,,,,y,,,y,,,,,,,,y,,,,,,,,y,,,,,,,,,,,,,,,,,,,,,,y,,,,,,y,,,,,,,,,y,,,,y,,,,,y,,,,,,,
31082,Pilot Travel Center #1082,"5714 North Rhett Avenue, N. Charleston, SC 29406",N. Charleston,SC,29406,32.9036103109609,-79.9846299140167,2.899,3.399,3.799,3.799,fuel,USA,USD,MapUp,PilotJ,,,,,,y,,,,,,,,,,y,,,,,,,,,,,,,y,y,,,y,,,,,,,,,,,,,,,,y,,,y,,,,,,,,y,,,,,,,,y,,,,,,,,,,,,,,,,,,,,,,y,,,,,,y,,,,,,,,,y,,,,y,,,,,y,,,,,,,
3890,Pilot Travel Center #890,"2299 US Hwy 62W, Kuttawa, KY 42055",Kuttawa,KY,42055,37.0716354700948,-88.1235765767211,,,,3.699,fuel,USA,USD,MapUp,PilotJ,,,,,,,,,,,,,,,,y,,,,,,,,,,,,,,,,,y,,,,,,,,y,,,,,,,,y,,,,,,,,,,,y,,,,,,,,y,,,,,,,,,,,,,,,,,,,,,,y,,,,,,y,,,,,,,,,y,,,,y,,,,,y,,,,,,,
3891,Pilot Travel Center #891,"1470 Route 46 East, Roxbury, NJ 07852",Roxbury,NJ,7852,40.8921302650865,-74.6861618736801,,,,4.159,fuel,USA,USD,MapUp,PilotJ,,,,,,y,,,,,,,,,,y,,,,,,,,,,,,,,,,,,,,,,,,,,,,,,,,,,,,y,,,,,,,,,,,,,,,,y,,,,,,,,y,,,,,,,,,,,,,,,,,,,,,,,,,,,,,y,,,,y,,,,,,,,,,,,
3650,Pilot Travel Center #650,"1401 Ripley Street, Lake Station, IN 46405",Lake Station,IN,46405,41.5865012221702,-87.239081315483,3.199,3.649,4.129,4.039,fuel,USA,USD,MapUp,PilotJ,,,,,,y,,,,,,,,,,y,,,,,,,,,,,,,y,y,,,y,,,,,,,,y,,,y,,,,,y,,,y,,,,,,,,y,y,,,,,,,y,,,,,,,,y,,,,,y,,,,,,,,,y,,,,,,y,,,,,,,,,y,,,,y,,,,,y,,,,,,,
3892,Pilot Travel Center #892,"1085 East Main Street, Green River, UT 84525",Green River,UT,84525,38.995598,-110.148518,2.99,3.499,3.79,3.799,fuel,USA,USD,MapUp,PilotJ,,,,,,y,,,,,,,,,,,,,,,,,,,,,,,,y,,,,,,,,,,,y,,,,,,,,y,,,y,,,,,,,,y,,,,,,,,y,,,,,,,,,,,,,y,,,,,,,,,y,,,,,,y,,,,,,,,,y,,,,y,,,,,y,,,,,,,
3893,Pilot Travel Center #893,"7005 North Chestnut Street, Avoca, IA 51521",Avoca,IA,51521,41.4993801277661,-95.3345063141555,2.99,3.19,3.499,3.799,fuel,USA,USD,MapUp,PilotJ,,,,,,y,,,,,,,,,,,,,,,,,,,,,,,,,,,,,,,,,,,,,,,,,,,y,,,y,,,,,,,,y,,,,,,,,y,,,,,,,,,,,,,y,,,,,,,,,y,,,,,,y,,,,,,,,,y,,,,y,,,,,,,,,,,,
3894,Pilot Travel Center #894,"3002 US 57, Eagle Pass, TX 78852",Eagle Pass,TX,78852,28.709904,-100.464068,,,,3.899,fuel,USA,USD,MapUp,PilotJ,,,,,,y,,,,,,,,,,y,,,,,,,,,,,,,,,,,y,,,,,,,,,,,,,,,,y,,,y,,,,,,,,y,,,,,,,,y,,,,,,,,y,,,,,,,,,,,,,,y,,,,,,y,,,,,,,,,y,,,,y,,,,,y,,,,,,,
3652,Pilot Travel Center #652,"520 South State Road 39, Lebanon, IN 46052",Lebanon,IN,46052,40.0323480743644,-86.4728027103118,2.899,3.399,3.899,3.979,fuel,USA,USD,MapUp,PilotJ,,,,,,y,,,,,,,,,,y,,,,,,,,,,,,,y,y,,,y,,,,,,,,y,,,y,,,,,y,,,y,,,,,,,,y,y,,,,,,,y,,,,,,,,,,,,,y,,,,,,,,,y,,,,,,y,,,,,,,,,y,,,,y,,,,,y,,,,,,,
3653,Pilot Travel Center #653,"3231 East 181St Avenue, Hebron, IN 46341",Hebron,IN,46341,41.2882308855533,-87.2946482711639,3.259,3.759,4.259,3.799,fuel,USA,USD,MapUp,PilotJ,,,,,,y,,,,,,,,,,y,,,,,,,,,,,,,y,y,,,y,,,,,,,,y,,,y,,,,,y,,,y,,,,,,,,y,y,,,,y,,,y,,,,,,,,,,,,,y,,,,,,,,,y,,,,,,y,,,,,,,,,y,,,,y,,,,,y,,,,,,,
3411,Pilot Travel Center #411,"921 Murfreesboro Rd, Lebanon, TN 37090",Lebanon,TN,37090,36.1791753,-86.2994386,2.579,3.079,3.529,3.599,fuel,USA,USD,MapUp,PilotJ,,,,,,y,,,,,,,,,,y,,,,,,,,,,,,,y,y,,,y,,,,,,,,,,,,,,,,y,,,y,,,,,,,,y,,,,,,,,y,,,,,,,,,,,,,,,,,,,,,,y,,,,,,y,,,y,,,,,,y,,,,y,,,,,y,,,,,,,
3895,Pilot Travel Center #895,"21055 West Road, Woodhaven, MI 48183",Woodhaven,MI,48183,42.1367955027332,-83.2395426428527,3.099,3.599,4.099,3.549,fuel,USA,USD,MapUp,PilotJ,,,,,,y,,,,,,,,,,,,,,,,,,,,,,,,y,,,,,,,,,,,y,,,,,,,,y,,,y,,,,,,,,y,,,,,,,,y,,,,,,,,,,,,,y,,,,,,,,,y,,,,,,y,,,y,,,,,,y,,,,y,,,,,y,,,,,,,
3896,Pilot Travel Center #896,"728 SR 3A, Bow, NH 03304",Bow,NH,3304,43.121688,-71.480742,,,,4.159,fuel,USA,USD,MapUp,PilotJ,,,,,,y,,,,,,,,,,y,,,,,,,,,,,,,,,,,,,,,,,,,,,,,,,,,y,,,y,,,,,,,,y,,,,,,,,y,,,,,,,,,,,,,y,,,,,,,,,y,,,,,,y,,,,,,,,,y,,,,y,,,,,,,,,,,,
3412,Pilot Travel Center #412,"3624 Roy Messer Highway, White Pine, TN 37890",White Pine,TN,37890,36.1089632772193,-83.3339969583358,2.699,3.099,3.489,2.759,fuel,USA,USD,MapUp,PilotJ,,,,y,,y,,,,,,,,,,y,,,,,,,,,,,,,y,y,,,y,,,,,,,,y,,,,,,,,y,,,y,,,,,,,,y,y,,,,,,,y,,,,,,,,,,,,,,,,,,,,y,,y,,,,,,y,,,,,,,,,y,,,,y,,,,,y,,,,,,,
3655,Pilot Travel Center #655,"5300 South State Rte. 3, Spiceland, IN 47385",Spiceland,IN,47385,39.8518230949745,-85.4129977595939,2.999,3.499,3.999,4.059,fuel,USA,USD,MapUp,PilotJ,,,,,,y,,,,,,,,,,y,,,,,,,,,,,,,y,y,,,y,,,,,,,,y,,,y,,,,,y,,,y,,,,,,,,y,y,,,,,,,y,,,,,,,,,,,,,y,,,,,,,,,y,,,,,,y,,,,,,,,,y,,,,y,,,,,y,,,,,,,
3897,Pilot Travel Center #897,"16650 NW 27Th Avenue, Miami Gardens, FL 33054",Miami Gardens,FL,33054,25.9255882630658,-80.2452391643486,2.999,3.499,3.659,4.059,fuel,USA,USD,MapUp,PilotJ,,,,,,y,,,,,,,,,,y,,,,,,,,,,,,,,,,,,,,,,,,,y,,,,,,,,,,,y,,,,,,,,y,,,,,,,,y,,,,,,,,,,,,,,,,,,,,,,y,,,,,,,,,,,,,,,y,,,,y,,,,,,,,,,,,
3656,Pilot Travel Center #656,"82 White St, Whiteland, IN 46184",Whiteland,IN,46184,39.5496802,-86.0368062,2.959,3.459,3.959,3.999,fuel,USA,USD,MapUp,PilotJ,,,,y,,y,,,,,,,,,,y,,,,,,,,,,,,,y,y,,,y,,,,,,,,y,,,y,,,,,y,,,y,,,,,,,,y,y,,,,y,,,y,,,,,,,,,,,,,y,,,,,,,,,y,,,,,,y,,,,,,,,,y,,,,y,,,,,y,,,,,,,
3898,Pilot Travel Center #898,"918 West Atlantic, Emporia, VA 23847",Emporia,VA,23847,36.7045199441136,-77.5528551534423,,,,3.899,fuel,USA,USD,MapUp,PilotJ,,,,,,y,,,,,,,,,,y,,,,,,,,,,,,,,,,,,,,,,,,,y,,,,,,,,y,,,y,,,,,,,,y,,,,,,,,y,,,,,,,,,,,,,y,,,,,,,,,y,,,,,,y,,,,,,,,,y,,,,y,,,,,y,,,,,,,
3899,Pilot Travel Center #899,"1011 E. Atlantic Street, South Hill, VA 23970",South Hill,VA,23970,36.7108220631378,-78.1087909669342,,,,3.859,fuel,USA,USD,MapUp,PilotJ,,,,,,y,,,,,,,,,,y,,,,,,,,,,,,,,,,,,,,,,,,,,,,,,,,,,,,y,,,,,,,,y,,,,,,,,y,,,,,,,,,,,,,,,,,,,,,,y,,,,,,y,,,,,,,,,y,,,,y,,,,,,,,,,,,
3415,Pilot Travel Center #415,"319 Deer Head Cove Road, Rising Fawn, GA 30738",Rising Fawn,GA,30738,34.7702277910394,-85.5415185839919,2.999,3.469,3.789,3.999,fuel,USA,USD,MapUp,PilotJ,,,,,,y,,,,,,,,,,y,,,,,,,,,,,,,,y,,,y,,,,,,,,y,,,,,,,,y,,,y,,,,,,,,y,,,,,,,,y,,,,,,,,,,,,,y,,,,,,,,,y,,,,,,y,,,,,,,,,y,,,,y,,,,,,,,,,,,
3657,Pilot Travel Center #657,"2524 E Wyatt Earp Blvd, Dodge City, KS 67801",Dodge City,KS,67801,37.7523855170951,-99.9802422109756,2.799,3.199,3.599,3.799,fuel,USA,USD,MapUp,PilotJ,,,,,,y,,,,,,,,,,y,,,,,,,,,,,,,y,y,,,y,,,,,,,,y,,,,,,,,y,,,y,,,,,,,,y,,,,,,,,y,,,,,,,,,,,,,y,,,,,,,,,y,,,,,,y,,,,,,,,,y,,,,y,,,,,y,,,,,,,
3658,Pilot Travel Center #658,"4215 West Hwy 50, Emporia, KS 66801",Emporia,KS,66801,38.4112298299981,-96.2371290919265,2.839,3.259,3.579,3.499,fuel,USA,USD,MapUp,PilotJ,,,,,,y,,,,,,,,,,y,,,,,,,,,,,,,y,y,,,y,,,,,,,,y,,,y,,,,,y,,,y,,,,,,,,y,,,,,,,,y,,,,,,,,,,,,,y,,,,,,,,,y,,,,,,y,,,,,,,,,y,,,,y,,,,,y,,,,,,,
3416,Pilot Travel Center #416,"2201 East 16 Avenue, Cordele, GA 31015",Cordele,GA,31015,31.9598324810266,-83.7466820484794,2.849,3.349,3.849,3.859,fuel,USA,USD,MapUp,PilotJ,,,,y,,y,,,,,,,,,,y,,,,,,,,,,,,,y,y,,,y,,,,,,,,y,,,y,,,,,y,,,y,,,,,,,,y,y,,,,,,,y,,,,,,,,,,,,,,,,,,,,,,y,,,,,,y,,,,,,,,,y,,,,y,,,,,y,,,,,,,
3659,Pilot Travel Center #659,"2250 North Ohio Street, Salina, KS 67401",Salina,KS,67401,38.8791247754482,-97.5924838637542,2.699,3.079,3.539,3.699,fuel,USA,USD,MapUp,PilotJ,,,,y,,y,,,,,,,,,,y,,,,,,,,,,,,,y,,,,y,,,,,,,,y,,,y,,,,,y,,,y,,,,,,,,y,,,,,,,,y,,,,,,,,,,,,,y,,,,,,,,,y,,,,,,y,,,,,,,,,y,,,,y,,,,,y,,,,,,,
3417,Pilot Travel Center #417,"625 Carrollton Street, Temple, GA 30179",Temple,GA,30179,33.7188107172217,-85.0296388809509,2.999,3.419,3.689,3.969,fuel,USA,USD,MapUp,PilotJ,,,,y,,y,,,,,,,,,,y,,,,,,,,,,,,,y,y,,,y,,,,,,,,y,,,,,,,,y,,,y,,,,,,,,y,y,,,,,,,y,,,,,,,,,,,,,,,,,,,,,,y,,,,,,y,,,,,,,,,y,,,,y,,,,,y,,,,,,,
31098,Location #1098,"400 Doremus Avenue, Newark, NJ 07105",Newark,NJ,7105,40.7194028641454,-74.1253851687866,2.999,3.499,3.999,4.099,fuel,USA,USD,MapUp,PilotJ,,,,,,,,,,,,,,,,y,,,,,,,,,,,,,,,,,y,,,,,,,,,,,,,,,,y,,,y,,,,,,,,y,,,,,,,,y,,,,,,,,,,,,,,,,,,,,,,y,,,,,,y,,,,,,,,,y,,,,y,,,,,,,,,,,,
31096,Pilot Travel Center #1096,"1101 Friday Road, Cocoa, FL 32926",Cocoa,FL,32926,28.374809,-80.802044,3.239,3.739,4.139,3.999,fuel,USA,USD,MapUp,PilotJ,,,,,,y,,,,,,,,,,,,,,,,,,,,,,,y,y,,,y,,,,,,,,,,,,,,,,y,,,y,,,,,,,,y,y,,,,,,,y,,,,,,,,,,,,,,,,,,,,,,y,,,,,,y,,,,,,,,,y,,,,y,,,,,y,,,,,,,
31094,Pilot Travel Center #1094,"1668 E. Tehachapi Blvd, Tehachapi, CA 93561",Tehachapi,CA,93561,35.127121976416,-118.415317967528,3.999,4.299,4.599,5.059,fuel,USA,USD,MapUp,PilotJ,,,,,,y,,,,,,,,,,y,,,,,,,,,y,,,,y,y,,,y,,,,,,,,,,,,,,,,y,,,y,,,,,,,,y,,,,,,,,y,,,,,,,,,,,,,y,,,,,,,,,y,,,,,,y,,,,,,,,,y,,,,y,,,,,y,,,,,,,
31092,Pilot Travel Center #1092,"8950 Earhart Lane SW, Cedar Rapids, IA 52404",Cedar Rapids,IA,52404,41.89132,-91.6671877,2.999,3.499,3.959,3.799,fuel,USA,USD,MapUp,PilotJ,,,,,,y,,,,,,,,,,y,,,,,,,,,,,,,y,y,,,y,,,,,,,,y,,,,,,,,y,,,y,,,,,,,,y,,,,,,,,y,,,,,,,,,,,,,,,,,,,,,,y,,,,,,y,,,,,,,,,y,,,,y,,,,,,,,,,,,
3660,Pilot Travel Center #660,"15236 State Route 180, Catlettsburg, KY 41129",Catlettsburg,KY,41129,38.3650585414561,-82.697149170639,2.899,3.399,3.899,3.799,fuel,USA,USD,MapUp,PilotJ,,,,,,y,,,,,,,,,,y,,,,,,,,,,,,,y,y,,,y,,,,,,,,y,,,y,,,,,y,,,y,,,,,,,,y,,,,,,,,y,,,,,,,,,,,,,y,,,,,,,,,y,,,,,,y,,,,,,,,,y,,,,y,,,,,y,,,,,,,
3661,Pilot Travel Center #661,"4380 Nashville Road, Franklin, KY 42134",Franklin,KY,42134,36.6625995658694,-86.5535268134918,2.599,3.099,3.599,3.599,fuel,USA,USD,MapUp,PilotJ,,,,y,,y,,,,,,,,,,y,,,,,,,,,,,,,y,y,,,y,,,,,,,,,,,,,,,,y,,,y,,,,,,,,y,,,,,,,,y,,,,,,,,,,,,,y,,,,,,,,,y,,,,,,y,,,y,,,,,,y,,,,y,,,,,y,,,,,,,
3420,Pilot Travel Center #420,"1881 Eatonton Road, Madison, GA 30650",Madison,GA,30650,33.5606033236028,-83.4786749140167,2.939,3.439,3.939,4.069,fuel,USA,USD,MapUp,PilotJ,,,,,,y,,,,,,,,,,y,,,,,,,,,,,,,y,y,,,y,,,,,,,,y,,,,,,,,y,,,y,,,,,,,,y,y,,,,,,,y,,,,,,,,,,,,,,,,,,,,,,y,,,,,,y,,,,,,,,,y,,,,y,,,,,y,,,,,,,
3662,Pilot Travel Center #662,"18750 Herndon Oak Grove Rd., Oak Grove, KY 42262",Oak Grove,KY,42262,36.6973396387976,-87.4546719814758,2.739,3.239,3.669,3.599,fuel,USA,USD,MapUp,PilotJ,,,,,,,,,,,,,,,,,,,,,,,,,,,,,y,y,,,y,,,,,,,,y,,,,,,,,y,,,y,,,,,,,,y,,,,,,,,y,,,,,,,,,,,,,y,,,,,,,,,y,,,,,,y,,,,,,,,,y,,,,y,,,,,y,,,,,,,
3421,Pilot Travel Center #421,"142 Carbondale Road, Dalton, GA 30721",Dalton,GA,30721,34.6557189044638,-84.9803992698364,2.859,3.359,3.709,3.799,fuel,USA,USD,MapUp,PilotJ,,,,,,y,,,,,,,,,,y,,,,,,,,,,,,,y,y,,,y,,,,,,,,y,,,,,,,,y,,,y,,,,,,,,y,,,,,,,,y,,,,,,,,,,,,,,,,,,,,y,,y,,,,,,y,,,,,,,,,y,,,,y,,,,,y,,,,,,,
3663,Pilot Travel Center #663,"1670 Waddy Road, Waddy, KY 40076",Waddy,KY,40076,38.156032707691,-85.0672652711639,2.859,3.359,3.859,3.799,fuel,USA,USD,MapUp,PilotJ,,,,y,,y,,,,,,,,,,y,,,,,,,,,,,,,y,y,,,y,,,,,,,,y,,,,,,,,y,,,y,,,,,,,,y,,,,,,,,y,,,,,,,,,,,,,,,,,,,,,,y,,,,,,y,,,,,,,,,y,,,,y,,,,,y,,,,,,,
3664,Pilot Travel Center #664,"13019 Walton Verona Rd, Walton, KY 41094",Walton,KY,41094,38.8576816680839,-84.625863390213,2.679,3.179,3.679,3.449,fuel,USA,USD,MapUp,PilotJ,,,,y,,y,,,,,,,,,,y,,,,,,,,,,,,,y,y,,,y,,,,,,,,y,,,y,,,,,y,,,y,,,,,,,,y,,,,,,,,y,,,,,,,,,,,,,y,,,,,,,,,y,,,,,,y,,,,,,,,,y,,,,y,,,,,y,,,,,,,
3422,Pilot Travel Center #422,"1645 South Highway 29, Newnan, GA 30263",Newnan,GA,30263,33.3205501988361,-84.7777039828033,2.999,3.449,3.889,4.059,fuel,USA,USD,MapUp,PilotJ,,,,,,y,,,,,,,,,,y,,,,,,,,,,,,,y,y,,,y,,,,,,,,y,,,,,,,,y,,,y,,,,,,,,y,y,,,,,,,y,,,,,,,,,,,,,,,,,,,,y,,y,,,,,,y,,,,,,,,,y,,,,y,,,,,y,,,,,,,
3665,Pilot Travel Center #665,"9510 Greenwood Road, Greenwood, LA 71033",Greenwood,LA,71033,32.444512650309,-93.9795371878357,2.699,3.199,3.619,3.479,fuel,USA,USD,MapUp,PilotJ,,,,,,y,,,,,,,,,,y,,,,,,,,,,,,,,y,,,y,,,,,,,,y,,,y,,,,,y,,,y,,,,,,,,y,y,,,,,,,y,,,,,,,,,,,,,,,,,,,,,,y,,,,,,y,,,,,,,,,y,,,,y,,,,,y,,,,,,,
3424,Pilot Travel Center #424,"4032 West Highway 326, Ocala, FL 34482",Ocala,FL,34482,29.2661482197128,-82.1888879067459,3.259,3.759,4.259,3.699,fuel,USA,USD,MapUp,PilotJ,,,,,,y,,,,,,,,,,y,,,,,,,,,,,,,y,y,,,y,,,,,,,,y,,,,,,,,y,,,y,,,,,,,,y,y,,,,,,,y,,,,,,,,,,,,,,,,,,,,,,y,,,,,,y,,,,,,,,,y,,,,y,,,,,y,,,,,,,
3666,Pilot Travel Center #666,"1860 East Napier Ave., Benton Harbor, MI 49022",Benton Harbor,MI,49022,42.0900355677515,-86.4123753558197,3.099,3.599,4.099,3.849,fuel,USA,USD,MapUp,PilotJ,,,,,,y,,,,,,,,,,y,,,,,,,,,,,,,y,y,,,y,,,,,,,,y,,,,,,,,y,,,y,,,,,,,,y,,,,,,,,y,,,,,,,,y,,,,,,,,,,,,,,y,,,,,,y,,,,,,,,,y,,,,y,,,,,y,,,,,,,
3425,Pilot Travel Center #425,"33333 Blue Star Highway, Midway, FL 32343",Midway,FL,32343,30.4854679585151,-84.4209814920654,2.899,3.399,3.789,3.999,fuel,USA,USD,MapUp,PilotJ,,,,,,y,,,,,,,,,,y,,,,,,,,,,,,,y,y,,,y,,,,,,,,y,,,,,,,,y,,,y,,,,,,,,y,y,,,,,,,y,,,,,,,,,,,,,,,,,,,,,,y,,,,,,y,,,,,,,,,y,,,,y,,,,,y,,,,,,,
3667,Pilot Travel Center #667,"7800 West Grand River Ave., Grand Ledge, MI 48837",Grand Ledge,MI,48837,42.787582420667,-84.6774442440414,3.099,3.599,4.099,3.899,fuel,USA,USD,MapUp,PilotJ,,,,y,,y,,,,,,,,,,y,,,,,,,,,,,,,y,y,,,y,,,,,,,,y,,,y,,,,,y,,,y,,,,,,,,y,,,,,,,,y,,,,,,,,,,,,,y,,,,,,,,,y,,,,,,y,,,,,,,,,y,,,,y,,,,,y,,,,,,,
34598,Pilot Travel Center #4598,"507 Highway 309, Niota, TN 37826",Niota,TN,37826,35.5451671587358,-84.5655143399505,2.739,3.229,3.619,3.799,fuel,USA,USD,MapUp,PilotJ,,,,,,,,,,,,,,,,,,,,,,,,,,,,,y,y,,,y,,,,,,,,,,,,,,,,y,,,y,,,,,,,,y,y,,,,,,,y,,,,,,,,,,,,,,,,,,,,,,y,,,,,,y,,,,,,,,,,,,,y,,,,,,,,,,,,
3668,Pilot Travel Center #668,"3475 E Washington, Saginaw, MI 48601",Saginaw,MI,48601,43.4518324068312,-83.8940943544921,3.099,3.599,4.099,3.499,fuel,USA,USD,MapUp,PilotJ,,,,y,,y,,,,,,,,,,y,,,,,,,,,,,,,y,y,,,y,,,,,,,,y,,,y,,,,,y,,,y,,,,,,,,y,,,,,,,,y,,,,,,,,,,,,,y,,,,,,,,,y,,,,,,y,,,,,,,,,y,,,,y,,,,,y,,,,,,,
3669,Pilot Travel Center #669,"11570 Hwy FF, Joplin, MO 64804",Joplin,MO,64804,37.0556550541404,-94.4290610489349,2.779,3.079,3.389,3.499,fuel,USA,USD,MapUp,PilotJ,,,,y,,y,,,,,,,,,,y,,,,,,,,,,,,,y,y,,,y,,,,,,,,y,,,y,,,,,y,,,y,,,,,,,,y,,,,,,,,y,,,,,,,,,,,,,y,,,,,,,,,y,,,,,,y,,,y,,,,,,y,,,,y,,,,,y,,,,,,,
34599,Pilot Travel Center #4599,"640 Dixie Lee Avenue, Monteagle, TN 37356",Monteagle,TN,37356,35.2328473192168,-85.825859451065,2.759,3.259,3.759,3.759,fuel,USA,USD,MapUp,PilotJ,,,,y,,,,,,,,,,,,,,,,,,,,,,,,,y,y,,,y,,,,,,,,,,,,,,,,y,,,y,,,,,,,,y,y,,,,,,,y,,,,,,,,,,,,,,,,,,,,,,y,,,,,,y,,,,,,,,,,,,,y,,,,,,,,,,,,
3428,Pilot Travel Center #428,"300 Well Road, West Monroe, LA 71292",West Monroe,LA,71292,32.5077304698837,-92.1928469986725,2.699,3.159,3.539,3.499,fuel,USA,USD,MapUp,PilotJ,,,,,,y,,,,,,,,,,y,,,,,,,,,,,,,y,y,,,y,,,,,,,,y,,,,,,,,y,,,y,,,,,,,,y,y,,,,,,,y,,,,,,,,,,,,,,,,,,,,,,y,,,,,,y,,,,,,,,,y,,,,y,,,,,y,,,,,,,
3429,Pilot Travel Center #429,"1100 Martin Luther King Boulevard, West Memphis, AR 72301",West Memphis,AR,72301,35.1576688639741,-90.1376990244674,2.649,3.129,3.599,3.699,fuel,USA,USD,MapUp,PilotJ,,,,,,y,,,,,,,,,,y,,,,,,,,,,,,,y,y,,,y,,,,,,,,y,,,,,,,,y,,,y,,,,,,,,y,y,,,,,,,y,,,,,,,,,,,,,,,,,,,,y,,y,,,,,,y,,,,,,,,,y,,,,y,,,,,y,,,,,,,
3671,Pilot Travel Center #671,"703 State Hwy 80, Matthews, MO 63867",Matthews,MO,63867,36.7603469305294,-89.5408622354431,2.599,2.999,3.389,3.499,fuel,USA,USD,MapUp,PilotJ,,,,,,y,,,,,,,,,,y,,,,,,,,,,,,,y,y,,,y,,,,,,,,y,,,y,,,,,y,,,y,,,,,,,,y,y,,,,,,,y,,,,,,,,,,,,,y,,,,,,,,,y,,,,,,y,,,,,,,,,y,,,,y,,,,,y,,,,,,,
3430,Pilot Travel Center #430,"215 SR 331 North, Russellville, AR 72802",Russellville,AR,72802,35.2806864946721,-93.0927652380981,2.759,3.159,3.459,3.659,fuel,USA,USD,MapUp,PilotJ,,,,,,y,,,,,,,,,,y,,,,,,,,,,,,,y,y,,,y,,,,,,,,y,,,,,,,,y,,,y,,,,,,,,y,y,,,,,,,y,,,,,,,,,,,,,,,,,,,,,,y,,,,,,y,,,,,,,,,y,,,,y,,,,,y,,,,,,,
3672,Pilot Travel Center #672,"700 J Hwy, Peculiar, MO 64078",Peculiar,MO,64078,38.7230186579554,-94.4520411608982,2.879,3.179,3.789,3.459,fuel,USA,USD,MapUp,PilotJ,,,,y,,y,,,,,,,,,,y,,,,,,,,,,,,,y,y,,,y,,,,,,,,y,,,y,,,,,y,,,y,,,,,,,,y,,,,,,,,y,,,,,,,,,,,,,y,,,,,,,,,y,,,,,,y,,,,,,,,,y,,,,y,,,,,y,,,,,,,
3673,Pilot Travel Center #673,"825 North Loop Road, Sullivan, MO 63080",Sullivan,MO,63080,38.2254178702967,-91.1582672195739,2.899,3.349,3.689,3.599,fuel,USA,USD,MapUp,PilotJ,,,,y,,y,,,,,,,,,,y,,,,,,,,,,,,,y,y,,,y,,,,,,,,y,,,y,,,,,y,,,y,,,,,,,,y,y,,,,,,,y,,,,,,,,,,,,,y,,,,,,,,,y,,,,,,y,,,y,,,,,,y,,,,y,,,,,y,,,,,,,
3431,Pilot Travel Center #431,"2205 North Highway 62, Orange, TX 77630",Orange,TX,77630,30.1118885827072,-93.8219222037048,2.459,2.959,3.459,3.599,fuel,USA,USD,MapUp,PilotJ,,,,,,y,,,,,,,,,,y,,,,,,,,,,,,,,y,,,y,,,,,,,,y,,,,,,,,y,,,y,,,,,,,,y,y,,,,,,,y,,,,,,,,,,,,,,,,,,,,y,,y,,,,,,y,,,,,,,,,y,,,,y,,,,,y,,,,,,,
3674,Pilot Travel Center #674,"1 Campbranch Rd, Warrenton, MO 63383",Warrenton,MO,63383,38.8397110915213,-91.2280227693115,2.899,3.229,3.659,3.499,fuel,USA,USD,MapUp,PilotJ,,,,y,,y,,,,,,,,,,y,,,,,,,,,,,,,y,y,,,y,,,,,,,,y,,,,,,,,y,,,y,,,,,,,,y,,,,,,,,y,,,,,,,,,,,,,y,,,,,,,,,y,,,,,,y,,,,,,,,,y,,,,y,,,,,y,,,,,,,
3432,Pilot Travel Center #432,"8055 South I-35, Robinson, TX 76706",Robinson,TX,76706,31.456326499783,-97.1716604613769,2.559,3.039,3.369,3.499,fuel,USA,USD,MapUp,PilotJ,,,,,,y,,,,,,,,,,y,,,,,,,,,,,,,y,y,,,y,,,,,,,,y,,,,,,,,y,,,y,,,,,,,,y,y,,,,,,,y,,,,,,,,,,,,,y,,,,,,,y,,y,,,,,,y,,,y,,,,,,y,,,,y,,,,,y,,,,,,,
3433,Pilot Travel Center #433,"8787 South Lancaster Road, Dallas, TX 75241",Dallas,TX,75241,32.6420983314337,-96.7803589097869,2.759,3.259,3.739,3.299,fuel,USA,USD,MapUp,PilotJ,,,,,,y,,,,,,,,,,y,,,,,,,,,,,,,,y,,,y,,,,,,,,y,,,,,,,,y,,,y,,,,,,,,y,y,,,,,,,y,,,,,,,,,,,,,,,,,,,,,,y,,,,,,y,,,,,,,,,y,,,,y,,,,,y,,,,,,,
3675,Pilot Travel Center #675,"102 Fore Drive, Wayland, MO 63472",Wayland,MO,63472,40.3955652,-91.5693226,2.899,3.199,3.559,3.599,fuel,USA,USD,MapUp,PilotJ,,,,,,y,,,,,,,,,,y,,,,,,,,,,,,,y,y,,,y,,,,,,,,y,,,y,,,,,y,,,y,,,,,,,,y,,,,,,,,y,,,,,,,,,,,,,y,,,,,,,,,y,,,,,,y,,,,,,,,,y,,,,y,,,,,y,,,,,,,
3676,Pilot Travel Center #676,"9351 Canal Road, Gulfport, MS 39503",Gulfport,MS,39503,30.4213413580697,-89.137878119049,2.699,3.099,3.699,3.599,fuel,USA,USD,MapUp,PilotJ,,,,,,y,,,,,,,,,,,,,,,,,,,,,,,y,y,,,y,,,,,,,,y,,,y,,,,,y,,,y,,,,,,,,y,y,,,,,,,y,,,,,,,,,,,,,,,,,,,,,,y,,,,,,y,,,,,,,,,y,,,,y,,,,,y,,,,,,,
3434,Pilot Travel Center #434,"2400 Alliance Gateway Fwy., Fort Worth, TX 76177",Fort Worth,TX,76177,32.957688988653,-97.307501196434,2.659,3.109,3.409,3.599,fuel,USA,USD,MapUp,PilotJ,,,,y,,y,,,,,,,,,,y,,,,,,,,,,,,,y,y,,,y,,,,,,,,y,,,,,,,,y,,,y,,,,,,,,y,y,,,,,,,y,,,,,,,,,,,,,,,,,,,,y,,y,,,,,,y,,,,,,,,,y,,,,y,,,,,y,,,,,,,
3435,Pilot Travel Center #435,"2015 Antonio Street, Anthony, TX 79821",Anthony,TX,79821,31.9966937472454,-106.586110269836,2.659,2.969,3.529,3.859,fuel,USA,USD,MapUp,PilotJ,,,,,,y,,,,,,,,,,y,,,,,,,,,,,,,y,y,,,y,,,,,,,,y,,,,,,,,y,,,y,,,,,,,,y,y,,,,,,,y,,,,,,,,,,,,,,,,,,,,,,y,,,,,,y,,,,,,,,,y,,,,y,,,,,y,,,,,,,
3677,Pilot Travel Center #677,"4740 Bethel Road, Olive Branch, MS 38654",Olive Branch,MS,38654,34.928607273139,-89.7936968381328,2.529,3.029,3.529,3.599,fuel,USA,USD,MapUp,PilotJ,,,,,,y,,,,,,,,,,,,,,,,,,,,,,,y,y,,,y,,,,,,,,y,,,y,,,,,y,,,y,,,,,,,,y,,,,,,,,y,,,,,,,,,,,,,y,,,,,,,,,y,,,,,,y,,,,,,,,,y,,,,y,,,,,y,,,,,,,
3678,Pilot Travel Center #678,"685 Highway 80 East, Pearl, MS 39208",Pearl,MS,39208,32.2771041680252,-90.1601622753936,2.799,3.239,3.569,3.599,fuel,USA,USD,MapUp,PilotJ,,,,,,y,,,,,,,,,,,,,,,,,,,,,,,y,,,,y,,,,,,,,y,,,y,,,,,y,,,y,,,,,,,,y,,,,,,,,y,,,,,,,,,,,,,y,,,,,,,y,,y,,,,,,y,,,y,,,,,,y,,,,y,,,,,y,,,,,,,
3436,Pilot Travel Center #436,"715 South Lakeside Drive, Amarillo, TX 79118",Amarillo,TX,79118,35.1962255535534,-101.740991618385,2.559,2.929,3.309,3.359,fuel,USA,USD,MapUp,PilotJ,,,,,,y,,,,,,,,,,y,,,,,,,,,,,,,,y,,,y,,,,,,,,y,,,,,,,,y,,,y,,,,,,,,y,y,,,,,,,y,,,,,,,,,,,,,,,,,,,,,,y,,,,,,y,,,,,,,,,y,,,,y,,,,,y,,,,,,,
3437,Pilot Travel Center #437,"481 West Highway 92, Williamsburg, KY 40769",Williamsburg,KY,40769,36.7221271858387,-84.1680375925903,2.899,3.399,3.899,3.739,fuel,USA,USD,MapUp,PilotJ,,,,y,,y,,,,,,,,,,y,,,,,,,,,,,,,y,y,,,y,,,,,,,,y,,,,,,,,y,,,y,,,,,,,,y,,,,,,,,y,,,,,,,,,,,,,,,,,,,,,,y,,,,,,y,,,,,,,,,y,,,,y,,,,,y,,,,,,,
3438,Pilot Travel Center #438,"2940 Scottsville Road, Franklin, KY 42134",Franklin,KY,42134,36.7178012998735,-86.5253955834671,2.599,3.079,3.499,3.599,fuel,USA,USD,MapUp,PilotJ,,,,,,y,,,,,,,,,,y,,,,,,,,,,,,,y,y,,,y,,,,,,,,y,,,,,,,,y,,,y,,,,,,,,y,,,,,,,,y,,,,,,,,y,,,,,,,,,,,,,,y,,,,,,y,,,,,,,,,y,,,,y,,,,,y,,,,,,,
3439,Pilot Travel Center #439,"12900 Fort Campbell Boulevard, Oak Grove, KY 42262",Oak Grove,KY,42262,36.6922401167202,-87.45177692527,2.739,3.239,3.629,3.599,fuel,USA,USD,MapUp,PilotJ,,,,,,y,,,,,,,,,,y,,,,,,,,,,,,,y,y,,,y,,,,,,,,y,,,,,,,,y,,,y,,,,,,,,y,,,,,,,,y,,,,,,,,,,,,,,,,,,,,,,y,,,,,,y,,,,,,,,,y,,,,y,,,,,y,,,,,,,
3440,Pilot Travel Center #440,"205 Pendleton Road, Pendleton, KY 40055",Pendleton,KY,40055,38.4544402,-85.2972028,2.899,3.399,3.899,3.759,fuel,USA,USD,MapUp,PilotJ,,,,y,,y,,,,,,,,,,y,,,,,,,,,,,,,y,y,,,y,,,,,,,,y,,,,,,,,y,,,y,,,,,,,,y,,,,,,,,y,,,,,,,,,,,,,,,,,,,,,,y,,,,,,y,,,,,,,,,y,,,,y,,,,,y,,,,,,,
3682,Pilot Travel Center #682,"1043 Jimmie Kerr Rd, Graham, NC 27258",Graham,NC,27258,36.0715969832637,-79.3529590687866,2.959,3.449,3.869,3.999,fuel,USA,USD,MapUp,PilotJ,,,,y,,,,,,,,,,,,y,,,,,,,,,,,,,y,y,,,y,,,,,,,,y,,,y,,,,,y,,,y,,,,,,,,y,,,,,,,,y,,,,,,,,,,,,,,,,,,,,,,y,,,,,,y,,,,,,,,,y,,,,y,,,,,y,,,,,,,
3441,Pilot Travel Center #441,"3240 Point Mallard Parkway, Priceville, AL 35603",Priceville,AL,35603,34.538032750676,-86.9110212638931,2.849,3.339,3.729,3.859,fuel,USA,USD,MapUp,PilotJ,,,,y,,y,,,,,,,,,,,,,,,,,,,,,,,y,,,,y,,,,,,,,y,,,,,,,,y,,,y,,,,,,,,y,y,,,,,,,y,,,,,,,,,,,,,,,,,,,,,,y,,,,,,y,,,,,,,,,y,,,,y,,,,,y,,,,,,,
3683,Pilot Travel Center #683,"1800  Princeton-Kenly Road, Kenly, NC 27542",Kenly,NC,27542,35.5745232728772,-78.1464402844217,2.699,3.159,3.519,3.959,fuel,USA,USD,MapUp,PilotJ,,,,y,,,,,,,,,,,,y,,,,,,,,,,,,,y,y,,,y,,,,,,,,y,,,,,,,,y,,,y,,,,,,,,y,,,,,,,,y,,,,,,,,,,,,,,,,,,,,,,y,,,,,,y,,,,,,,,,y,,,,y,,,,,y,,,,,,,
3684,Pilot Travel Center #684,"I-94 ND-16, Beach, ND 58621",Beach,ND,58621,46.929651,-104.009270846032,2.939,3.439,3.539,3.759,fuel,USA,USD,MapUp,PilotJ,,,,,,y,,,,,,,,,,,,,,,,,,,,,,,,y,,,y,,,,,,,,,,,,,,,,y,,,y,,,,,,,,y,,,,,,,,y,,,,,,,,,,,,,,,,,,,,,,y,,,,,,y,,,,,,,,,y,,,,y,,,,,y,,,,,,,
3200,Pilot Travel Center #200,"5725 CA-58, Boron, CA 93516",Boron,CA,93516,34.991618,-117.543104,4.079,4.379,4.679,5.059,fuel,USA,USD,MapUp,PilotJ,,,,,,y,,,,,,,,,,y,,,,,,,,,y,,,,y,y,,,y,,,,,,,,,,,,,,,,y,,,y,,,,,,,,y,,,,,,,,y,,,,,,,,,,,,,,,,,,,,,,y,,,,,,y,,,,,,,,,y,,,,y,,,,,,,,,,,,
3442,Pilot Travel Center #442,"1701 Highway 84 East,, Hayti, MO 63851",Hayti,MO,63851,36.2275286976428,-89.7253674112031,2.799,3.099,3.739,3.559,fuel,USA,USD,MapUp,PilotJ,,,,,,y,,,,,,,,,,y,,,,,,,,,,,,,y,y,,,y,,,,,,,,y,,,,,,,,y,,,y,,,,,,,,y,y,,,,,,,y,,,,,,,,,,,,,,,,,,,,,,y,,,,,,y,,,,,,,,,y,,,,y,,,,,y,,,,,,,
3443,Pilot Travel Center #443,"6676 Highway 13, Higginsville, MO 64037",Higginsville,MO,64037,39.0031903813812,-93.734241687033,2.849,3.189,3.539,3.599,fuel,USA,USD,MapUp,PilotJ,,,,,,y,,,,,,,,,,y,,,,,,,,,,,,,y,,,,y,,,,,,,,y,,,,,,,,y,,,y,,,,,,,,y,,,,,,,,y,,,,,,,,,,,,,,,,,,,,,,y,,,,,,y,,,,,,,,,y,,,,y,,,,,y,,,,,,,
3685,Pilot Travel Center #685,"3150 39th St SW Suite A Suite A, Fargo, ND 58104",Fargo,ND,58104,46.8336576104893,-96.8447349166717,2.899,3.369,3.659,3.699,fuel,USA,USD,MapUp,PilotJ,,,,,,y,,,,,,,,,,,,,,,,,,,,,,,y,y,,,y,,,,,,,,,,,y,,,,,y,,,y,,,,,,,,y,,,,,,,,y,,,,,,,,,,,,,y,,,,,,,,,y,,,,,,y,,,,,,,,,y,,,,y,,,,,y,,,,,,,
3686,Pilot Travel Center #686,"15010 South State Hwy 31, Gretna, NE 68028",Gretna,NE,68028,41.0917293575557,-96.2546809325409,2.899,3.309,3.839,3.699,fuel,USA,USD,MapUp,PilotJ,,,,,,y,,,,,,,,,,y,,,,,,,,,,,,,y,y,,,y,,,,,,,,y,,,y,,,,,y,,,y,,,,,,,,y,,,,,,,,y,,,,,,,,,,,,,y,,,,,,,,,y,,,,,,y,,,,,,,,,y,,,,y,,,,,y,,,,,,,
3444,Pilot Travel Center #444,"4376 N IN-59, Brazil, IN 47834",Brazil,IN,47834,39.4515677156011,-87.1250600185241,2.959,3.459,3.959,3.999,fuel,USA,USD,MapUp,PilotJ,,,,,,y,,,,,,,,,,y,,,,,,,,,,,,,y,y,,,y,,,,,,,,y,,,,,,,,y,,,y,,,,,,,,y,y,,,,,,,y,,,,,,,,,,,,,,,,,,,,,,y,,,,,,y,,,,,,,,,y,,,,y,,,,,y,,,,,,,
3687,Pilot Travel Center #687,"3400 S Newberry Rd., North Platte, NE 69101",North Platte,NE,69101,41.1014250149787,-100.726979416008,2.899,3.349,3.589,3.899,fuel,USA,USD,MapUp,PilotJ,,,,,,y,,,,,,,,,,y,,,,,,,,,,,,,y,y,,,y,,,,,,,,y,,,y,,,,,y,,,y,,,,,,,,y,,,,,,,,y,,,,,,,,,,,,,y,,,,,,,,,y,,,,,,y,,,,,,,,,y,,,,y,,,,,y,,,,,,,
3445,Pilot Travel Center #445,"243 Melton Road, Burns Harbor, IN 46304",Burns Harbor,IN,46304,41.6045810409945,-87.1153648797323,3.259,3.759,4.259,4.039,fuel,USA,USD,MapUp,PilotJ,,,,,,y,,,,,,,,,,y,,,,,,,,,,,,,y,y,,,y,,,,,,,,y,,,,,,,,y,,,y,,,,,,,,y,y,,,,,,,y,,,,,,,,,,,,,,,,,,,,,,y,,,,,,y,,,,,,,,,y,,,,y,,,,,,,,,,,,
3688,Pilot Travel Center #688,"326 Slapes Corner, Carneys Point, NJ 08069",Carneys Point,NJ,8069,39.6839841240097,-75.4851511515899,2.959,3.459,3.859,4.199,fuel,USA,USD,MapUp,PilotJ,,,,,,y,,,,,,,,,,y,,,,,,,,,,,,,y,y,,,y,,,,,,,,y,,,y,,,,,y,,,y,,,,,,,,y,y,,,,,,,y,,,,,,,,,,,,,y,,,,,,,y,,y,,,,,,y,,,,,,,,,y,,,,y,,,,,y,,,,,,,
3446,Pilot Travel Center #446,"15876 West Commerce Road, Daleville, IN 47334",Daleville,IN,47334,40.114813819725,-85.5732035410003,2.839,3.339,3.839,3.979,fuel,USA,USD,MapUp,PilotJ,,,,,,y,,,,,,,,,,y,,,,,,,,,,,,,y,y,,,y,,,,,,,,y,,,,,,,,y,,,y,,,,,,,,y,,,,,,,,y,,,,,,,,,,,,,,,,,,,,,,y,,,,,,y,,,,,,,,,y,,,,y,,,,,y,,,,,,,
3447,Pilot Travel Center #447,"1042 East Warrenton Road, Haubstadt, IN 47639",Haubstadt,IN,47639,38.174777,-87.5492020013275,2.959,3.459,3.959,4.059,fuel,USA,USD,MapUp,PilotJ,,,,,,y,,,,,,,,,,y,,,,,,,,,,,,,y,y,,,y,,,,,,,,,,,,,,,,y,,,y,,,,,,,,y,,,,,,,,y,,,,,,,,,,,,,,,,,,,,,,y,,,,,,y,,,,,,,,,y,,,,y,,,,,y,,,,,,,
3689,Pilot Travel Center #689,"9911 Avalon Road NW, Albuquerque, NM 87105",Albuquerque,NM,87105,35.0794682213459,-106.745739167984,2.899,3.349,3.659,3.699,fuel,USA,USD,MapUp,PilotJ,,,,,,y,,,,,,,,,,y,,,,,,,,,,,,,y,y,,,y,,,,,,,,,,,,,,,,y,,,y,,,,,,,,y,y,,,,,,,y,,,,,,,,,,,,,y,,,,,,,,,y,,,,,,y,,,y,,,,,,y,,,,y,,,,,y,,,,,,,
3448,Pilot Travel Center #448,"18011 Colorado Street, Hebron, IN 46341",Hebron,IN,46341,41.290327877232,-87.2949961031799,3.259,3.759,4.259,3.799,fuel,USA,USD,MapUp,PilotJ,,,,,,y,,,,,,,,,,y,,,,,,,,,,,,,y,y,,,y,,,,,,,,y,,,,,,,,y,,,y,,,,,,,,y,y,,,,,,,y,,,,,,,,,,,,,,,,,,,,,,y,,,,,,y,,,,,,,,,y,,,,y,,,,,y,,,,,,,
3206,Pilot Travel Center #206,"1201 I-20 West, Weatherford, TX 76087",Weatherford,TX,76087,32.727247,-97.825168,2.799,3.159,3.499,3.599,fuel,USA,USD,MapUp,PilotJ,,,,y,,y,,,,,,,,,,y,,,,,,,,,,,,,,y,,,y,,,,,,,,y,,,,,,,,y,,,y,,,,,,,,y,,,,,,,,y,,,,,,,,,,,,,,,,,,,,,,y,,,,,,y,,,,,,,,,y,,,,y,,,,,y,,,,,,,
3449,Pilot Travel Center #449,"66377 Belmont-Morristown Road, Belmont, OH 43718",Belmont,OH,43718,40.0577763546511,-81.050689,3.159,3.659,4.159,3.699,fuel,USA,USD,MapUp,PilotJ,,,,y,,y,,,,,,,,,,y,,,,,,,,,,,,,y,y,,,,,,,,,,,y,,,,,,,,y,,,y,,,,,,,,y,y,,,,,,,y,,,,,,,,,,,,,y,,,,,,,,,y,,,,,,y,,,,,,,,,y,,,,y,,,,,y,,,,,,,
3208,Pilot Travel Center #208,"1475 Thornton Street, Pacific, MO 63069",Pacific,MO,63069,38.4869284,-90.7583475,2.859,3.209,3.859,3.599,fuel,USA,USD,MapUp,PilotJ,,,,,,y,,,,,,,,,,y,,,,,,,,,,,,,y,y,,,,,,,,,,,y,,,,,,,,y,,,y,,,,,,,,y,y,,,,,,,y,,,,,,,,,,,,,,,,,,,,,,y,,,,,,y,,,,,,,,,y,,,,y,,,,,y,,,,,,,
3209,Pilot Travel Center #209,"501 Van Horn Drive, Van Horn, TX 79855",Van Horn,TX,79855,31.036002,-104.8298409,2.999,3.499,3.909,3.859,fuel,USA,USD,MapUp,PilotJ,,,,,,y,,,,,,,,,,y,,,,,,,,,,,,,y,y,,,y,,,,,,,,y,,,,,,,,y,,,y,,,,,,,,y,,,,,,,,y,,,,,,,,,,,,,,,,,,,,,,y,,,,,,y,,,,,,,,,y,,,,y,,,,,y,,,,,,,
3690,Pilot Travel Center #690,"11 Old Hwy 70, Lordsburg, NM 88045",Lordsburg,NM,88045,32.341133935443,-108.677380730163,2.939,3.439,3.779,3.899,fuel,USA,USD,MapUp,PilotJ,,,,,,y,,,,,,,,,,y,,,,,,,,,,,,,y,y,,,y,,,,,,,,y,,,,,,,,y,,,y,,,,,,,,y,,,,,,,,y,,,,,,,,,,,,,y,,,,,,,,,y,,,,,,y,,,,,,,,,y,,,,y,,,,,y,,,,,,,
3691,Pilot Travel Center #691,"2021 S. Mountain Rd, Tucumcari, NM 88401",Tucumcari,NM,88401,35.1586261135632,-103.703644812164,2.959,3.459,3.799,3.899,fuel,USA,USD,MapUp,PilotJ,,,,,,y,,,,,,,,,,y,,,,,,,,,,,,,y,y,,,y,,,,,,,,y,,,,,,,,y,,,y,,,,,,,,y,y,,,,,,,y,,,,,,,,,,,,,y,,,,,,,,,y,,,,,,y,,,,,,,,,y,,,,y,,,,,y,,,,,,,
3692,Pilot Travel Center #692,"156 Hwy 93 South, Wells, NV 89835",Wells,NV,89835,41.0976125313239,-114.957577101852,3.199,3.649,3.929,3.899,fuel,USA,USD,MapUp,PilotJ,,,,,,y,,,,,,,,,,,,,,,,,,,,,,,y,y,,,y,,,,,,,,,,,,,,,,y,,,y,,,,,,,,y,y,,,,,,,y,,,,,,,,,,,,,y,,,,,,,,,y,,,,,,y,,,,,,,,,y,,,,y,,,,,y,,,,,,,
3693,Pilot Travel Center #693,"8484 Allegheny Road, Pembroke, NY 14036",Pembroke,NY,14036,43.0013150185086,-78.4071882209014,2.999,3.499,3.999,4.239,fuel,USA,USD,MapUp,PilotJ,,,,y,,,,,,,,,,,,,,,,,,,,,,,,,y,y,,,y,,,,,,,,y,,,y,,,,,y,,,y,,,,,,,,y,,,,,,,,y,,,,,,,,,,,,,,,,,,,,,,y,,,,,,y,,,,,,,,,y,,,,y,,,,,y,,,,,,,
3694,Pilot Travel Center #694,"2349 Center Road, Austinburg, OH 44010",Austinburg,OH,44010,41.789384054033,-80.8561289497375,3.159,3.659,4.159,3.999,fuel,USA,USD,MapUp,PilotJ,,,,y,,,,,,,,,,,,,,,,,,,,,,,,,y,y,,,y,,,,,,,,y,,,y,,,,,y,,,y,,,,,,,,y,,,,,,,,y,,,,,,,,,,,,,,,,,,,,,,y,,,,,,y,,,,,,,,,y,,,,y,,,,,y,,,,,,,
3210,Pilot Travel Center #210,"230 Route 17 South, Mahwah, NJ 07430",Mahwah,NJ,7430,41.091721,-74.155383,2.959,3.459,3.799,4.159,fuel,USA,USD,MapUp,PilotJ,,,,,,y,,,,,,,,,,y,,,,,,,,,,,,,,y,,,,,,,,,,,,,,,,,,,y,,,y,,,,,,,,y,y,,,,,,,y,,,,,,,,,,,,,,,,,,,,,,,,,,,,y,,,,,,,,,y,,,,y,,,,,,,,,,,,
3453,Pilot Travel Center #453,"909 Hyatt Street, Gaffney, SC 29341",Gaffney,SC,29341,35.0777988714434,-81.7035334441108,2.859,3.279,3.599,3.699,fuel,USA,USD,MapUp,PilotJ,,,,,,y,,,,,,,,,,y,,,,,,,,,,,,,y,y,,,y,,,,,,,,y,,,,,,,,y,,,y,,,,,,,,y,y,,,,,,,y,,,,,,,,,,,,,,,,,,,,,,y,,,,,,y,,,,,,,,,y,,,,y,,,,,y,,,,,,,
3695,Pilot Travel Center #695,"420 East Main Street, Beaverdam, OH 45808",Beaverdam,OH,45808,40.8321005857578,-83.9665425238037,3.159,3.659,4.159,3.559,fuel,USA,USD,MapUp,PilotJ,,,,y,,y,,,,,,,,,,y,,,,,,,,,,,,,y,y,,,y,,,,,,,,y,,,y,,,,,y,,,y,,,,,,,,y,,,,,,,,y,,,,,,,,,,,,,y,,,,,,,y,,y,,,,,,y,,,,,,,,,y,,,,y,,,,,y,,,,,,,
3211,Pilot Travel Center #211,"14750 AZ-95, Lake Havasu City, AZ 86404",Lake Havasu City,AZ,86404,34.728256,-114.315209,2.999,3.499,3.819,4.199,fuel,USA,USD,MapUp,PilotJ,,,,,,y,,,,,,,,,,y,,,,,,,,,,,,,y,y,,,y,,,,,,,,y,,,,,,,,y,,,y,,,,,,,,y,y,,,,,,,y,,,,,,,,,,,,,,,,,,,,,,y,,,,,,y,,,,,,,,,y,,,,y,,,,,y,,,,,,,
3696,Pilot Travel Center #696,"7735 E State Rt 37, Berkshire, OH 43074",Berkshire,OH,43074,40.2677136,-82.9246924,3.199,3.699,4.159,3.899,fuel,USA,USD,MapUp,PilotJ,,,,,,y,,,,,,,,,,y,,,,,,,,,,,,,y,y,,,y,,,,,,,,y,,,y,,,,,y,,,y,,,,,,,,y,,,,,,,,y,,,,,,,,,,,,,,,,,,,,,,y,,,,,,y,,,,,,,,,y,,,,y,,,,,y,,,,,,,
3454,Pilot Travel Center #454,"1365 SR 42 NE, London, OH 43140",London,OH,43140,39.9590963957045,-83.3697351177215,3.099,3.599,4.099,3.659,fuel,USA,USD,MapUp,PilotJ,,,,y,,y,,,,,,,,,,y,,,,,,,,,,,,,y,y,,,y,,,,,,,,y,,,,,,,,y,,,y,,,,,,,,y,y,,,,,,,y,,,,,,,,,,,,,,,,,,,,,,y,,,,,,y,,,,,,,,,y,,,,y,,,,,y,,,,,,,
3697,Pilot Travel Center #697,"2226 North Main Street, Hubbard, OH 44425",Hubbard,OH,44425,41.1828082774803,-80.5696349642791,2.999,3.499,3.999,3.699,fuel,USA,USD,MapUp,PilotJ,,,,y,,y,,,,,,,,,,y,,,,,,,,,,,,,y,y,,,y,,,,,,,,y,,,y,,,,,y,,,y,,,,,,,,y,y,,,,,,,y,,,,,,,,,,,,,y,,,,,,,y,,y,,,,,,y,,,,,,,,,y,,,,y,,,,,y,,,,,,,
3213,Pilot Travel Center #213,"3600 Interchange Road, Columbus, OH 43204",Columbus,OH,43204,39.9731405,-83.0998014,3.159,3.659,4.159,3.659,fuel,USA,USD,MapUp,PilotJ,,,,,,y,,,,,,,,,,y,,,,,,,,,,,,,,y,,,,,,,,,,,y,,,,,,,,y,,,y,,,,,,,,y,,,,,,,,y,,,,,,,,,,,,,,,,,,,,,,y,,,,,,y,,,,,,,,,y,,,,y,,,,,y,,,,,,,
3455,Pilot Travel Center #455,"488 State Route 61, Marengo, OH 43334",Marengo,OH,43334,40.3708860050448,-82.8308205509261,3.199,3.699,4.199,3.899,fuel,USA,USD,MapUp,PilotJ,,,,y,,y,,,,,,,,,,y,,,,,,,,,,,,,y,y,,,y,,,,,,,,y,,,,,,,,y,,,y,,,,,,,,y,y,,,,,,,y,,,,,,,,,,,,,,,,,,,,,,y,,,,,,y,,,,,,,,,y,,,,y,,,,,y,,,,,,,
3698,Pilot Travel Center #698,"9935 SR 41, Jeffersonville, OH 43128",Jeffersonville,OH,43128,39.6464278392359,-83.5384354675979,3.099,3.599,4.099,3.639,fuel,USA,USD,MapUp,PilotJ,,,,y,,y,,,,,,,,,,y,,,,,,,,,,,,,y,y,,,y,,,,,,,,y,,,y,,,,,y,,,y,,,,,,,,y,,,,,,,,y,,,,,,,,,,,,,y,,,,,,,,,y,,,,,,y,,,,,,,,,y,,,,y,,,,,y,,,,,,,
3699,Pilot Travel Center #699,"10480 Baltimore, Millersport, OH 43046",Millersport,OH,43046,39.9428939912509,-82.5989058637542,2.999,3.499,3.999,3.669,fuel,USA,USD,MapUp,PilotJ,,,,y,,,,,,,,,,,,,,,,,,,,,,,,,y,y,,,y,,,,,,,,y,,,y,,,,,y,,,y,,,,,,,,y,y,,,,,,,y,,,,,,,,,,,,,,,,,,,,,,y,,,,,,y,,,y,,,,,,y,,,,y,,,,,y,,,,,,,
3457,Pilot Travel Center #457,"427 East Main Street, Beaver Dam, OH 45808",Beaver Dam,OH,45808,40.83396841029,-83.9644073286971,3.159,3.659,4.159,3.559,fuel,USA,USD,MapUp,PilotJ,,,,,,y,,,,,,,,,,y,,,,,,,,,,,,,y,y,,,y,,,,,,,,y,,,,,,,,y,,,y,,,,,,,,y,,,,,,,,y,,,,,,,,,,,,,,,,,,,,,,y,,,,,,y,,,,,,,,,y,,,,y,,,,,y,,,,,,,
3458,Pilot Travel Center #458,"619 South Sunshine Boulevard, Eloy, AZ 85131",Eloy,AZ,85131,32.7386047718991,-111.549399142217,2.699,3.029,3.299,3.899,fuel,USA,USD,MapUp,PilotJ,,,,,,y,,,,,,,,,,y,,,,,,,,,,,,,,y,,,,,,,,,,,y,,,,,,,,y,,,y,,,,,,,,y,,,,,,,,y,,,,,,,,,,,,,,,,,,,,,,y,,,,,,y,,,,,,,,,y,,,,y,,,,,y,,,,,,,
3459,Pilot Travel Center #459,"900 North 99th Avenue, Avondale, AZ 85323",Avondale,AZ,85323,33.4565054657966,-112.273647701852,3.259,3.709,4.009,3.899,fuel,USA,USD,MapUp,PilotJ,,,,,,y,,,,,,,,,,y,,,,,,,,,,,,,y,y,,,y,,,,,,,,,,,,,,,,y,,,y,,,,,,,,y,y,,,,,,,y,,,,,,,,,,,,,,,,,,,,,,y,,,,,,y,,,,,,,,,y,,,,y,,,,,y,,,,,,,
3219,Pilot Travel Center #219,"7210 Strawberry Plains Pike, Knoxville, TN 37914",Knoxville,TN,37914,35.9992434,-83.7775841,2.699,3.169,3.589,3.799,fuel,USA,USD,MapUp,PilotJ,,,,,,y,,,,,,,,,,y,,,,,,,,,y,,,,y,y,,,y,,,,,,,,y,,,,,,,,y,,,y,,,,,,,,y,y,,,,,,,y,,,,,,,,,,,,,,,,,,,,,,y,,,,,,y,,,,,,,,,y,,,,y,,,,,y,,,,,,,
3460,Pilot Travel Center #460,"400 South Morgan Road, Oklahoma City, OK 73128",Oklahoma City,OK,73128,35.4618116486217,-97.6878632539672,2.699,3.199,3.559,3.499,fuel,USA,USD,MapUp,PilotJ,,,,,,y,,,,,,,,,,y,,,,,,,,,,,,,y,y,,,y,,,,,,,,y,,,,,,,,y,,,y,,,,,,,,y,y,,,,,,,y,,,,,,,,,,,,,,,,,,,,,,y,,,,,,y,,,,,,,,,y,,,,y,,,,,y,,,,,,,
3222,Pilot Travel Center #222,"400 Haynes Street, Sturbridge, MA 01566",Sturbridge,MA,1566,42.0669565354846,-72.1066960634765,2.799,3.049,3.299,4.159,fuel,USA,USD,MapUp,PilotJ,,,,,,y,,,,,,,,,,,,,,,,,,,,,,,y,y,,,y,,,,,,,,y,,,,,,,,y,,,,,,,,,,,y,,,,,,,,y,,,,,,,,,,,,,,,,,,,,,,y,,,,,,y,,,,,,,,,y,,,,y,,,,,,,,,,,,
3467,Pilot Travel Center #467,"4105 S. Loop 1604, San Antonio, TX 78264",San Antonio,TX,78264,29.2195544549147,-98.4151195509262,2.789,3.229,3.609,3.659,fuel,USA,USD,MapUp,PilotJ,,,,,,y,,,,,,,,,,y,,,,,,,,,,,,,y,y,,,y,,,,,,,,y,,,,,,,,y,,,y,,,,,,,,y,y,,,,,,,y,,,,,,,,,,,,,y,,,,,,,,,y,,,,,,y,,,,,,,,,y,,,,y,,,,,y,,,,,,,
3226,Pilot Travel Center #226,"505 Patriot Drive, Dandridge, TN 37725",Dandridge,TN,37725,36.0378660051761,-83.4443849927291,2.659,3.159,3.649,3.399,fuel,USA,USD,MapUp,PilotJ,,,,,,y,,,,,,,,,,y,,,,,,,,,,,,,,y,,,,,,,,,,,,,,,,,,,y,,,y,,,,,,,,y,y,,,,,,,y,,,,,,,,,,,,,,,,,,,,,,y,,,,,,y,,,,,,,,,y,,,,y,,,,,y,,,,,,,
3468,Pilot Travel Center #468,"815 Hwy 24 West, Gilman, IL 60938",Gilman,IL,60938,40.7507726384928,-88.0014198121643,3.099,3.499,3.949,3.699,fuel,USA,USD,MapUp,PilotJ,,,,y,,y,,,,,,,,,,y,,,,,,,,,,,,,y,y,,,y,,,,,,,,y,,,y,,,,,y,,,y,,,,,,,,y,,,,,,,,y,,,,,,,,,,,,,,,,,,,,,,y,,,,,,y,,,,,,,,,y,,,,y,,,,,y,,,,,,,
3469,Pilot Travel Center #469,"2320 Faircrest Street, Canton, OH 44706",Canton,OH,44706,40.7498843,-81.4033739,3.159,3.589,4.149,3.739,fuel,USA,USD,MapUp,PilotJ,,,,y,,y,,,,,,,,,,y,,,,,,,,,,,,,,y,,,y,,,,,,,,y,,,,,,,,y,,,y,,,,,,,,y,,,,,,,,y,,,,,,,,,,,,,y,,,,,,,,,y,,,,,,y,,,,,,,,,y,,,,y,,,,,y,,,,,,,
3470,Pilot Travel Center #470,"1191 70th Avenue, Roberts, WI 54023",Roberts,WI,54023,44.9630092609908,-92.5604981343933,2.999,3.499,3.969,3.699,fuel,USA,USD,MapUp,PilotJ,,,,y,,y,,,,,,,,,,y,,,,,,,,,,,,,y,y,,,y,,,,,,,,y,,,y,,,,,y,,,y,,,,,,,,y,,,,,,,,y,,,,,,,,,,,,,y,,,,,,,,,y,,,,,,y,,,,,,,,,y,,,,y,,,,,y,,,,,,,
3471,Pilot Travel Center #471,"35647 US Hwy 27 North, Haines City, FL 33845",Haines City,FL,33845,28.1181446122225,-81.6387063141555,3.149,3.649,4.029,3.899,fuel,USA,USD,MapUp,PilotJ,,,,,,y,,,,,,,,,,y,,,,,,,,,,,,,y,y,,,y,,,,,,,,y,,,y,,,,,y,,,y,,,,,,,,y,,,,,,,,y,,,,,,,,,,,,,,,,,,,,,,y,,,,,,y,,,,,,,,,y,,,,y,,,,,y,,,,,,,
3472,Pilot Travel Center #472,"525 1st Street, Beasley, TX 77417",Beasley,TX,77417,29.4955633275834,-95.9113899853195,2.799,3.299,3.799,3.859,fuel,USA,USD,MapUp,PilotJ,,,,,,y,,,,,,,,,,y,,,,,,,,,,,,,y,y,,,y,,,,,,,,,,,,,,,,y,,,y,,,,,,,,y,,,,,,,,y,,,,,,,,,,,,,y,,,,,,,,,y,,,,,,y,,,,,,,,,y,,,,y,,,,,y,,,,,,,
3473,Pilot Travel Center #473,"23841 West Eames Street, Channahon, IL 60410",Channahon,IL,60410,41.457419491275,-88.1922620515899,3.249,3.649,4.099,3.699,fuel,USA,USD,MapUp,PilotJ,,,,,,y,,,,,,,,,,y,,,,,,,,,,,,,y,y,,,,,,,,,,,y,,,,,,,,,,,y,,,,,,,,y,y,,,,,,,y,,,,,,,,,,,,,,,,,,,,,,,,,,,,y,,,,,,,,,y,,,,y,,,,,,,,,,,,
3231,Pilot Travel Center #231,"249 West Cumberland Gap Parkway, Corbin, KY 40701",Corbin,KY,40701,36.9751222,-84.1077306,2.899,3.399,3.899,3.739,fuel,USA,USD,MapUp,PilotJ,,,,,,y,,,,,,,,,,y,,,,,,,,,,,,,y,y,,,y,,,,,,,,y,,,,,,,,y,,,y,,,,,,,,y,,,,,,,,y,,,,,,,,,,,,,,,,,,,,,,y,,,,,,y,,,,,,,,,y,,,,y,,,,,,,,,,,,
3474,Pilot Travel Center #474,"270 Scotts Fork-Bonnie Road, Sutton, WV 26601",Sutton,WV,26601,38.7052775279325,-80.6638286613769,2.859,3.289,3.699,3.899,fuel,USA,USD,MapUp,PilotJ,,,,,,y,,,,,,,,,,y,,,,,,,,,,,,,,y,,,y,,,,,,,,,,,,,,,,y,,,y,,,,,,,,y,,,,,,,,y,,,,,,,,,,,,,,,,,,,,,,y,,,,,,y,,,,,,,,,y,,,,y,,,,,y,,,,,,,
3232,Pilot Travel Center #232,"653 East Idaho Avenue, Ontario, OR 97914",Ontario,OR,97914,44.02573528472,-116.952536830688,,,,3.699,fuel,USA,USD,MapUp,PilotJ,,,,,,y,,,,,,,,,,y,,,,,,,,,y,,,,y,y,,,y,,,,,,,,y,,,,,,,,y,,,y,,,,,,,,y,,,,,,,,y,,,,,,,,,,,,,,,,,,,,,,y,,,,,,y,,,,,,,,,y,,,,y,,,,,y,,,,,,,
3233,Pilot Travel Center #233,"800 John Long Road, Oakland, OR 97462",Oakland,OR,97462,43.5394994260963,-123.288939406082,3.399,3.699,3.999,3.699,fuel,USA,USD,MapUp,PilotJ,,,,,,y,,,,,,,,,,y,,,,,,,,,y,,,,,y,,,y,,,,,,,,,,,,,,,,y,,,y,,,,,,,,y,y,,,,,,,y,,,,,,,,,,,,,y,,,,,,,,,y,,,,,,y,,,,,,,,,y,,,,y,,,,,y,,,,,,,
3475,Pilot Travel Center #475,"305 W. Abrahames Road, Moriarty, NM 87035",Moriarty,NM,87035,35.0112354,-106.0442999,2.929,3.429,3.869,3.499,fuel,USA,USD,MapUp,PilotJ,,,,,,,,,,,,,,,,y,,,,,,,,,,,,,y,y,,,y,,,,,,,,y,,,,,,,,y,,,y,,,,,,,,y,y,,,,,,,y,,,,,,,,,,,,,,,,,,,,,,y,,,,,,y,,,,,,,,,y,,,,y,,,,,y,,,,,,,
3234,Pilot Travel Center #234,"639 State Highway 75 North, Huntsville, TX 77320",Huntsville,TX,77320,30.7382945332442,-95.5937361349182,2.559,3.059,3.559,3.559,fuel,USA,USD,MapUp,PilotJ,,,,,,y,,,,,,,,,,y,,,,,,,,,,,,,,y,,,y,,,,,,,,y,,,,,,,,y,,,y,,,,,,,,y,y,,,,,,,y,,,,,,,,y,,,,,,,,,,,,,,y,,,,,,y,,,,,,,,,y,,,,y,,,,,y,,,,,,,
3476,Pilot Travel Center #476,"900 Plaza Avenue, Woodhull, IL 61490",Woodhull,IL,61490,41.1806258325179,-90.3380101507873,3.229,3.629,4.079,4.059,fuel,USA,USD,MapUp,PilotJ,,,,,,y,,,,,,,,,,y,,,,,,,,,,,,,,y,,,y,,,,,,,,y,,,,,,,,y,,,y,,,,,,,,y,,,,,,,,y,,,,,,,,,,,,,y,,,,,,,,,y,,,,,,y,,,,,,,,,y,,,,y,,,,,y,,,,,,,
3477,Pilot Travel Center #477,"1700 US Hwy 75, Anna, TX 75409",Anna,TX,75409,33.3449243646543,-96.5890009153442,2.599,3.009,3.319,3.599,fuel,USA,USD,MapUp,PilotJ,,,,,,y,,,,,,,,,,y,,,,,,,,,,,,,y,y,,,y,,,,,,,,y,,,,,,,,y,,,y,,,,,,,,y,,,,,,,,y,,,,,,,,y,,,,,y,,,,,,,,,y,,,,,,y,,,,,,,,,y,,,,y,,,,,y,,,,,,,
3236,Pilot Travel Center #236,"301 Ridge Road, Minooka, IL 60447",Minooka,IL,60447,41.4607044,-88.2721814,3.199,3.599,4.049,3.899,fuel,USA,USD,MapUp,PilotJ,,,,,,y,,,,,,,,,,y,,,,,,,,,,,,,y,y,,,y,,,,,,,,y,,,,,,,,y,,,y,,,,,,,,y,y,,,,,,,y,,,,,,,,,,,,,,,,,,,,,,y,,,,,,y,,,,,,,,,y,,,,y,,,,,y,,,,,,,
3478,Pilot Travel Center #478,"6921 South SR 66, Leavenworth, IN 47137",Leavenworth,IN,47137,38.238928640231,-86.3621260429916,3.099,3.599,4.099,4.059,fuel,USA,USD,MapUp,PilotJ,,,,,,y,,,,,,,,,,y,,,,,,,,,,,,,y,y,,,y,,,,,,,,y,,,,,,,,y,,,y,,,,,,,,y,,,,,,,,y,,,,,,,,,,,,,,,,,,,,,,y,,,,,,y,,,,,,,,,y,,,,y,,,,,y,,,,,,,
3237,Pilot Travel Center #237,"951 Work Street, Salinas, CA 93901",Salinas,CA,93901,36.6652946471572,-121.630089530094,4.099,4.349,4.599,4.499,fuel,USA,USD,MapUp,PilotJ,,,,,,y,,,,,,,,,,y,,,,,,,,,y,,,,,y,,,y,,,,,,,,y,,,,,,,,y,,,y,,,,,,,,y,y,,,,,,,y,,,,,,,,,,,,,,,,,,,,,,y,,,,,,y,,,,,,,,,y,,,,y,,,,,,,,,,,,
3238,Pilot Travel Center #238,"2495 210th Avenue, Percival, IA 51648",Percival,IA,51648,40.6902243245495,-95.7924059312133,2.799,3.299,3.459,3.859,fuel,USA,USD,MapUp,PilotJ,,,,,,y,,,,,,,,,,y,,,,,,,,,,,,,,y,,,,,,,,,,,,,,,,,,,y,,,y,,,,,,,,y,,,,,,,,y,,,,,,,,,,,,,,,,,,,,,,y,,,,,,y,,,,,,,,,y,,,,y,,,,,y,,,,,,,
3239,Pilot Travel Center #239,"1600 East Wyandot Avenue, Upper Sandusky, OH 43351",Upper Sandusky,OH,43351,40.8339473587043,-83.2454950932541,3.159,3.659,4.159,3.899,fuel,USA,USD,MapUp,PilotJ,,,,,,y,,,,,,,,,,y,,,,,,,,,,,,,y,y,,,y,,,,,,,,y,,,,,,,,y,,,y,,,,,,,,y,,,,,,,,y,,,,,,,,,,,,,,,,,,,,,,y,,,,,,y,,,,,,,,,y,,,,y,,,,,y,,,,,,,
3481,Pilot Travel Center #481,"281 Pleasant Grove Road SW, Cleveland, TN 37353",Cleveland,TN,37353,35.1528051512422,-84.9531585816146,2.699,3.199,3.699,3.799,fuel,USA,USD,MapUp,PilotJ,,,,,,y,,,,,,,,,,y,,,,,,,,,,,,,y,y,,,y,,,,,,,,,,,,,,,,y,,,y,,,,,,,,y,,,,,,,,y,,,,,,,,,,,,,,,,,,,,,,y,,,,,,y,,,,,,,,,y,,,,y,,,,,,,,,,,,
3482,Pilot Travel Center #482,"4610 Broadway, Mount Vernon, IL 62864",Mount Vernon,IL,62864,38.3126608331975,-88.9610264907379,3.099,3.499,3.949,3.799,fuel,USA,USD,MapUp,PilotJ,,,,,,y,,,,,,,,,,y,,,,,,,,,,,,,y,y,,,y,,,,,,,,y,,,,,,,,y,,,y,,,,,,,,y,,,,,,,,y,,,,,,,,,,,,,,,,,,,,,,y,,,,,,y,,,,,,,,,y,,,,y,,,,,y,,,,,,,
3483,Pilot Travel Center #483,"3801 N. Division Street, Morris, IL 60450",Morris,IL,60450,41.3952955745472,-88.4214807822784,3.199,3.599,4.049,3.899,fuel,USA,USD,MapUp,PilotJ,,,,,,y,,,,,,,,,,y,,,,,,,,,,,,,y,y,,,y,,,,,,,,y,,,,,,,,y,,,y,,,,,,,,y,y,,,,,,,y,,,,,,,,,,,,,y,,,,,,,,,y,,,,,,y,,,,,,,,,y,,,,y,,,,,y,,,,,,,
3484,Pilot Travel Center #484,"43 W Park Ave, Ash Fork, AZ 86320",Ash Fork,AZ,86320,35.222338,-112.478669,2.979,3.279,3.579,3.559,fuel,USA,USD,MapUp,PilotJ,,,,,,,,,,,,,,,,,,,,,,,,,,,,,,,,,,,,,,,,,,,,,,,,,,,,,,,,,,,,,,,,,,,,,,,,,,,,,,,,,,,,,,,,,,,,,,,,,,,,,,,,,,,,,,,,,,,,,,,,,
3242,Pilot Travel Center #242,"1851 West 400 North, Shelbyville, IN 46176",Shelbyville,IN,46176,39.5834980898804,-85.8181359755325,2.779,3.279,3.779,4.059,fuel,USA,USD,MapUp,PilotJ,,,,,,y,,,,,,,,,,y,,,,,,,,,,,,,y,,,,y,,,,,,,,y,,,,,,,,y,,,y,,,,,,,,y,y,,,,,,,y,,,,,,,,,,,,,,,,,,,,,,y,,,,,,y,,,,,,,,,y,,,,y,,,,,y,,,,,,,
3243,Pilot Travel Center #243,"4304 First Avenue, Nitro, WV 25143",Nitro,WV,25143,38.4436739,-81.8306979,2.959,3.459,3.929,3.799,fuel,USA,USD,MapUp,PilotJ,,,,,,y,,,,,,,,,,y,,,,,,,,,,,,,y,y,,,y,,,,,,,,y,,,,,,,,y,,,y,,,,,,,,y,,,,,,,,y,,,,,,,,,,,,,,,,,,,,,,y,,,,,,y,,,,,,,,,y,,,,y,,,,,y,,,,,,,
3485,Pilot Travel Center #485,"5625 W. Winnemucca Blvd., Winnemucca, NV 89445",Winnemucca,NV,89445,40.9313508286732,-117.804320138098,3.239,3.699,3.949,3.699,fuel,USA,USD,MapUp,PilotJ,,,,y,,y,,,,,,,,,,,,,,,,,,,,,,,,y,,,,,,,,,,,y,,,,,,,,y,,,y,,,,,,,,y,y,,,,,,,y,,,,,,,,,,,,,,,,,,,,,,y,,,,,,y,,,,,,,,,y,,,,y,,,,,y,,,,,,,
3486,Pilot Travel Center #486,"12881 Farm to Market Road 14 A, Tyler, TX 75706",Tyler,TX,75706,32.4508715307397,-95.2837859067458,2.599,3.099,3.379,3.439,fuel,USA,USD,MapUp,PilotJ,,,,y,,y,,,,,,,,,,y,,,,,,,,,,,,,y,y,,,y,,,,,,,,y,,,,,,,,y,,,y,,,,,,,,y,,,,,,,,y,,,,,,,,,,,,,,,,,,,,,,y,,,,,,y,,,,,,,,,y,,,,y,,,,,y,,,,,,,
3245,Pilot Travel Center #245,"7961 Linglestown Road, Harrisburg, PA 17112",Harrisburg,PA,17112,40.3515987992726,-76.7164150452474,3.399,3.759,4.159,3.959,fuel,USA,USD,MapUp,PilotJ,,,,,,y,,,,,,,,,,,,,,,,,,,,,,,y,y,,,,,,,,,,,,,,,,,,,y,,,y,,,,,,,,y,,,,,,,,y,,,,,,,,,,,,,,,,,,,,,,y,,,,,,y,,,,,,,,,y,,,,y,,,,,,,,,,,,
3488,Pilot Travel Center #488,"921 N. IH 35, Cotulla, TX 78014",Cotulla,TX,78014,28.4526332211113,-99.2383016269836,2.679,3.129,3.499,3.799,fuel,USA,USD,MapUp,PilotJ,,,,y,,,,,,,,,,,,y,,,,,,,,,,,,,y,y,,,y,,,,,,,,y,,,,,,,,y,,,y,,,,,,,,y,,,,,,,,y,,,,,,,,,,,,,,,,,,,,,,y,,,,,,y,,,,,,,,,y,,,,y,,,,,y,,,,,,,
3489,Pilot Travel Center #489,"4401 32nd Avenue South, Grand Forks, ND 58201",Grand Forks,ND,58201,47.8880603148316,-97.0928589692421,2.899,3.399,3.679,3.699,fuel,USA,USD,MapUp,PilotJ,,,,,,y,,,,,,,,,,y,,,,,,,,,,,,,y,y,,,y,,,,,,,,y,,,y,,,,,y,,,y,,,,,,,,y,,,,,,,,y,,,,,,,,,,,,,y,,,,,,,,,y,,,,,,y,,,,,,,,,y,,,,y,,,,,y,,,,,,,
3247,Pilot Travel Center #247,"4403 East State Route 32, Crawfordsville, IN 47933",Crawfordsville,IN,47933,40.0460806801769,-86.821054535057,2.799,3.299,3.799,3.899,fuel,USA,USD,MapUp,PilotJ,,,,,,y,,,,,,,,,,y,,,,,,,,,,,,,y,y,,,y,,,,,,,,y,,,,,,,,y,,,y,,,,,,,,y,y,,,,,,,y,,,,,,,,,,,,,,,,,,,,,,y,,,,,,y,,,,,,,,,y,,,,y,,,,,,,,,,,,
3249,Pilot Travel Center #249,"820 Edwardsville Road, Troy, IL 62294",Troy,IL,62294,38.7315381976726,-89.908558806221,3.299,3.699,4.149,3.759,fuel,USA,USD,MapUp,PilotJ,,,,y,,y,,,,,,,,,,y,,,,,,,,,,,,,,y,,,y,,,,,,,,y,,,,,,,,y,,,y,,,,,,,,y,y,,,,,,,y,,,,,,,,,,,,,,,,,,,,,,y,,,,,,y,,,,,,,,,y,,,,y,,,,,y,,,,,,,
3491,Pilot Travel Center #491,"3634 North Valley Pike, Harrisonburg, VA 22802",Harrisonburg,VA,22802,38.4803734425394,-78.8182020042297,3.159,3.629,4.019,3.899,fuel,USA,USD,MapUp,PilotJ,,,,y,,y,,,,,,,,,,y,,,,,,,,,,,,,y,y,,,y,,,,,,,,y,,,,,,,,y,,,y,,,,,,,,y,y,,,,,,,y,,,,,,,,,,,,,,,,,,,,,,y,,,,,,y,,,,,,,,,y,,,,y,,,,,y,,,,,,,
3492,Pilot Travel Center #492,"170 Valley Street, Caddo Valley, AR 71923",Caddo Valley,AR,71923,34.1866115004319,-93.070262,2.759,3.259,3.759,3.679,fuel,USA,USD,MapUp,PilotJ,,,,,,y,,,,,,,,,,y,,,,,,,,,,,,,y,y,,,y,,,,,,,,,,,,,,,,y,,,y,,,,,,,,y,y,,,,,,,y,,,,,,,,,,,,,,,,,,,,,,y,,,,,,y,,,,,,,,,y,,,,y,,,,,y,,,,,,,
3493,Pilot Travel Center #493,"113 Motel Drive, St. George, SC 29477",St. George,SC,29477,33.1939233787959,-80.6022252085983,2.899,3.399,3.839,3.659,fuel,USA,USD,MapUp,PilotJ,,,,,,y,,,,,,,,,,,,,,,,,,,,,,,y,y,,,y,,,,,,,,y,,,y,,,,,y,,,y,,,,,,,,y,y,,,,,,,y,,,,,,,,,,,,,,,,,,,,,,y,,,,,,y,,,,,,,,,y,,,,y,,,,,y,,,,,,,
3252,Pilot Travel Center #252,"600 W MO-92, Kearney, MO 64060",Kearney,MO,64060,39.3686818745725,-94.374337390213,2.879,3.179,3.519,3.759,fuel,USA,USD,MapUp,PilotJ,,,,,,y,,,,,,,,,,y,,,,,,,,,,,,,y,y,,,y,,,,,,,,y,,,,,,,,y,,,y,,,,,,,,y,,,,,,,,y,,,,,,,,,,,,,,,,,,,,,,y,,,,,,y,,,,,,,,,y,,,,y,,,,,y,,,,,,,
3494,Pilot Travel Center #494,"1128 Duanesburg Road, Rotterdam, NY 12306",Rotterdam,NY,12306,42.7815666402577,-74.0288050816146,2.999,3.499,3.999,4.259,fuel,USA,USD,MapUp,PilotJ,,,,y,,y,,,,,,,,,,y,,,,,,,,,,,,,y,y,,,y,,,,,,,,,,,,,,,,y,,,y,,,,,,,,y,,,,,,,,y,,,,,,,,,,,,,,,,,,,,,,y,,,,,,y,,,,,,,,,y,,,,y,,,,,,,,,,,,
3253,Pilot Travel Center #253,"600 Pennsville-Auburn Road, Carneys Point, NJ 08069",Carneys Point,NJ,8069,39.6811636068715,-75.4791738662704,2.959,3.459,3.959,4.199,fuel,USA,USD,MapUp,PilotJ,,,,,,y,,,,,,,,,,y,,,,,,,,,,,,,,y,,,,,,,,,,,,,,,,,,,y,,,y,,,,,,,,y,y,,,,,,,y,,,,,,,,,,,,,,,,,,,,,,y,,,,,,y,,,,,,,,,y,,,,y,,,,,,,,,,,,
3495,Pilot Travel Center #495,"4126 Highway 21, Brooklyn, IA 52211",Brooklyn,IA,52211,41.6978451907765,-92.3590581865081,2.999,3.499,3.949,3.859,fuel,USA,USD,MapUp,PilotJ,,,,y,,y,,,,,,,,,,y,,,,,,,,,,,,,y,y,,,y,,,,,,,,y,,,,,,,,y,,,y,,,,,,,,y,,,,,,,,y,,,,,,,,,,,,,,,,,,,,,,y,,,,,,y,,,,,,,,,y,,,,y,,,,,y,,,,,,,
3254,Pilot Travel Center #254,"650 Highway 299, Wildwood, GA 30757",Wildwood,GA,30757,34.9784838509665,-85.4139074441803,2.899,3.399,3.819,3.559,fuel,USA,USD,MapUp,PilotJ,,,,,,y,,,,,,,,,,y,,,,,,,,,,,,,y,y,,,,,,,,,,,y,,,,,,,,y,,,y,,,,,,,,y,,,,,,,,y,,,,,,,,,,,,,,,,,,,,,,y,,,,,,y,,,,,,,,,y,,,,y,,,,,,,,,,,,
3496,Pilot Travel Center #496,"2086 Atalissa Road, Atalissa, IA 52720",Atalissa,IA,52720,41.644246,-91.149972,,,,3.359,fuel,USA,USD,MapUp,PilotJ,,,,,,y,,,,,,,,,,y,,,,,,,,,,,,,y,,,,y,,,,,,,,,,,,,,,,y,,,y,,,,,,,,y,,,,,,,,y,,,,,,,,,,,,,,,,,,,,,,y,,,,,,y,,,,,,,,,y,,,,y,,,,,,,,,,,,
3497,Pilot Travel Center #497,"130 Honda Drive, Lincoln, AL 35096",Lincoln,AL,35096,33.5930896849688,-86.1597647129669,2.749,3.249,3.749,3.559,fuel,USA,USD,MapUp,PilotJ,,,,y,,,,,,,,,,,,,,,,,,,,,,,,,y,y,,,y,,,,,,,,y,,,,,,,,y,,,y,,,,,,,,y,y,,,,,,,y,,,,,,,,,,,,,,,,,,,,,,y,,,,,,y,,,,,,,,,y,,,,y,,,,,y,,,,,,,
3255,Pilot Travel Center #255,"433 Old Gate Lane, Milford, CT 06460",Milford,CT,6460,41.2368815093671,-73.0222282281722,3.099,3.599,4.099,4.299,fuel,USA,USD,MapUp,PilotJ,,,,,,y,,,,,,,,,,y,,,,,,,,,,,,,y,y,,,y,,,,,,,,y,,,,,,,,y,,,y,,,,,,,,y,,,,,,,,y,,,,,,,,,,,,,,,,,,,,,,y,,,,,,y,,,,,,,,,y,,,,y,,,,,y,,,,,,,
3256,Pilot Travel Center #256,"110 River Point Drive, Danville, VA 24541",Danville,VA,24541,36.5824548754879,-79.3542533286972,2.899,3.399,3.899,3.999,fuel,USA,USD,MapUp,PilotJ,,,,,,y,,,,,,,,,,y,,,,,,,,,,,,,y,y,,,y,,,,,,,,,,,,,,,,y,,,y,,,,,,,,y,,,,,,,,y,,,,,,,,,,,,,,,,,,,,,,y,,,,,,y,,,,,,,,,y,,,,y,,,,,,,,,,,,
3498,Pilot Travel Center #498,"1954 S. Mississippi Avenue, Atoka, OK 74525",Atoka,OK,74525,34.364915,-96.140712,2.759,3.259,3.649,3.599,fuel,USA,USD,MapUp,PilotJ,,,,,,y,,,,,,,,,,y,,,,,,,,,,,,,y,y,,,y,,,,,,,,,,,,,,,,y,,,y,,,,,,,,y,,,,,,,,y,,,,,,,,,,,,,,,,,,,,,,y,,,,,,y,,,,,,,,,y,,,,y,,,,,y,,,,,,,
3257,Pilot Travel Center #257,"4015 South Fm 1788, Midland, TX 79706",Midland,TX,79706,31.9148086505065,-102.215525424606,2.899,3.319,3.699,3.699,fuel,USA,USD,MapUp,PilotJ,,,,,,y,,,,,,,,,,y,,,,,,,,,,,,,y,y,,,y,,,,,,,,,,,,,,,,y,,,y,,,,,,,,y,,,,,,,,y,,,,,,,,,,,,,,,,,,,,,,y,,,,,,y,,,,,,,,,y,,,,y,,,,,y,,,,,,,
3258,Pilot Travel Center #258,"2966 Lee Highway South, Troutville, VA 24175",Troutville,VA,24175,37.3887787198219,-79.9007774920654,2.919,3.419,3.899,3.559,fuel,USA,USD,MapUp,PilotJ,,,,,,y,,,,,,,,,,y,,,,,,,,,,,,,,y,,,,,,,,,,,,,,,,,,,y,,,y,,,,,,,,y,,,,,,,,y,,,,,,,,,,,,,,,,,,,,,,y,,,,,,y,,,,,,,,,y,,,,y,,,,,,,,,,,,
3259,Pilot Travel Center #259,"3000 North 32Nd Street, Muskogee, OK 74401",Muskogee,OK,74401,35.7844509796416,-95.4016042711639,2.799,3.169,3.459,3.499,fuel,USA,USD,MapUp,PilotJ,,,,,,y,,,,,,,,,,y,,,,,,,,,,,,,y,y,,,y,,,,,,,,y,,,,,,,,y,,,y,,,,,,,,y,,,,,,,,y,,,,,,,,,,,,,,,,,,,,,,y,,,,,,y,,,,,,,,,y,,,,y,,,,,y,,,,,,,
3260,Pilot Travel Center #260,"310 Cordele Road, Albany, GA 31705",Albany,GA,31705,31.5806350923922,-84.0860857718277,2.799,3.239,3.599,2.559,fuel,USA,USD,MapUp,PilotJ,,,,,,y,,,,,,,,,,y,,,,,,,,,,,,,y,y,,,,,,,,,,,y,,,,,,,,y,,,y,,,,,,,,y,y,,,,,,,y,,,,,,,,y,,,,,,,,,,,,,,y,,,,,,y,,,,,,,,,y,,,,y,,,,,,,,,,,,
3261,Pilot Travel Center #261,"403 SW Frontage Road, Winona, MS 38967",Winona,MS,38967,33.4853155,-89.770302,2.759,3.259,3.759,3.699,fuel,USA,USD,MapUp,PilotJ,,,,,,y,,,,,,,,,,,,,,,,,,,,,,,y,y,,,y,,,,,,,,y,,,,,,,,y,,,y,,,,,,,,y,,,,,,,,y,,,,,,,,,,,,,,,,,,,,,,y,,,,,,y,,,,,,,,,y,,,,y,,,,,y,,,,,,,
3265,Pilot Travel Center #265,"1111 South Jefferson Avenue, Cookeville, TN 38501",Cookeville,TN,38501,36.1337371863797,-85.5042176355819,2.549,2.799,3.049,3.299,fuel,USA,USD,MapUp,PilotJ,,,,,,y,,,,,,,,,,y,,,,,,,,,,,,,y,y,,,,,,,,,,,,,,,,,,,y,,,y,,,,,,,,,,,,,,,,y,,,,,,,,,,,,,,,,,,,,,,y,,,,,,y,,,,,,,,,y,,,,y,,,,,,,,,,,,
3266,Pilot Travel Center #266,"2681 West Amador Avenue, Las Cruces, NM 88005",Las Cruces,NM,88005,32.2965150983201,-106.810259839286,2.899,3.399,3.899,3.519,fuel,USA,USD,MapUp,PilotJ,,,,,,y,,,,,,,,,,y,,,,,,,,,,,,,y,y,,,y,,,,,,,,,,,,,,,,y,,,y,,,,,,,,y,,,,,,,,y,,,,,,,,,,,,,,,,,,,,,,y,,,,,,y,,,,,,,,,y,,,,y,,,,,,,,,,,,
3267,Pilot Travel Center #267,"2965 Highway 247C, Byron, GA 31008",Byron,GA,31008,32.6122779874126,-83.7445150846557,2.999,3.499,3.959,3.859,fuel,USA,USD,MapUp,PilotJ,,,,,,y,,,,,,,,,,y,,,,,,,,,,,,,,y,,,y,,,,,,,,y,,,,,,,,y,,,y,,,,,,,,y,y,,,,,,,y,,,,,,,,,,,,,,,,,,,,,,y,,,,,,y,,,,,,,,,y,,,,y,,,,,y,,,,,,,
3268,Pilot Travel Center #268,"2975 North Plainview Road, Walcott, IA 52773",Walcott,IA,52773,41.6143543533058,-90.7821647202377,2.899,3.199,3.899,3.939,fuel,USA,USD,MapUp,PilotJ,,,,,,y,,,,,,,,,,y,,,,,,,,,,,,,y,y,,,,,,,,,,,y,,,,,,,,,,,y,,,,,,,,y,,,,,,,,y,,,,,,,,,,,,,,,,,,,,,,y,,,,,,y,,,,,,,,,y,,,,y,,,,,,,,,,,,
3270,Pilot Travel Center #270,"314 Lovell Road, Knoxville, TN 37934",Knoxville,TN,37934,35.9037331989195,-84.1407488551559,2.479,2.829,3.159,3.569,fuel,USA,USD,MapUp,PilotJ,,,,,,y,,,,,,,,,,y,,,,,,,,,,,,,,y,,,y,,,,,,,,,,,,,,,,y,,,y,,,,,,,,y,y,,,,,,,y,,,,,,,,,,,,,,,,,,,,,,y,,,,,,y,,,,,,,,,y,,,,y,,,,,,,,,,,,
3271,Pilot Travel Center #271,"2501 Burr Street, Gary, IN 46406",Gary,IN,46406,41.5731133509667,-87.4028120185241,3.259,3.739,4.259,4.039,fuel,USA,USD,MapUp,PilotJ,,,,,,y,,,,,,,,,,y,,,,,,,,,,,,,y,y,,,y,,,,,,,,y,,,,,,,,y,,,y,,,,,,,,y,y,,,,,,,y,,,,,,,,y,,,,,,,,,,,,,,y,,,,,,y,,,,,,,,,y,,,,y,,,,,y,,,,,,,
3274,Pilot Travel Center #274,"2112 Rees Street, Breaux Bridge, LA 70517",Breaux Bridge,LA,70517,30.2939350197096,-91.9144897043686,2.499,2.999,3.479,3.679,fuel,USA,USD,MapUp,PilotJ,,,,,,y,,,,,,,,,,y,,,,,,,,,,,,,,y,,,y,,,,,,,,y,,,,,,,,y,,,y,,,,,,,,y,y,,,,,,,y,,,,,,,,,,,,,,,,,,,,,,y,,,,,,y,,,,,,,,,y,,,,y,,,,,y,,,,,,,
3275,Pilot Travel Center #275,"3807 Statesville Avenue, Charlotte, NC 28206",Charlotte,NC,28206,35.2704815,-80.8381034,2.899,3.399,3.739,3.759,fuel,USA,USD,MapUp,PilotJ,,,,,,y,,,,,,,,,,y,,,,,,,,,,,,,,y,,,y,,,,,,,,y,,,,,,,,y,,,y,,,,,,,,y,,,,,,,,y,,,,,,,,,,,,,,,,,,,,,,y,,,,,,y,,,,,,,,,y,,,,y,,,,,,,,,,,,
3278,Pilot Travel Center #278,"118 Richwood Road, Walton, KY 41094",Walton,KY,41094,38.9192122449267,-84.6253322956314,2.699,3.199,3.699,3.289,fuel,USA,USD,MapUp,PilotJ,,,,,,y,,,,,,,,,,y,,,,,,,,,,,,,y,y,,,,,,,,,,,y,,,,,,,,y,,,y,,,,,,,,y,,,,,,,,y,,,,,,,,,,,,,,,,,,,,,,y,,,,,,y,,,,,,,,,y,,,,y,,,,,,,,,,,,
3279,Pilot Travel Center #279,"769 East Frontage Road, Rio Rico, AZ 85648",Rio Rico,AZ,85648,31.4309621766052,-110.962029245368,2.959,3.449,3.739,3.999,fuel,USA,USD,MapUp,PilotJ,,,,,,y,,,,,,,,,,y,,,,,,,,,,,,,,y,,,y,,,,,,,,,,,,,,,,y,,,y,,,,,,,,y,,,,,,,,y,,,,,,,,,,,,,,,,,,,,,,y,,,,,,y,,,,,,,,,y,,,,y,,,,,y,,,,,,,
3280,Pilot Travel Center #280,"979 Route 173, Bloomsbury, NJ 08804",Bloomsbury,NJ,8804,40.6594823794872,-75.0729551337642,2.959,3.459,3.959,4.199,fuel,USA,USD,MapUp,PilotJ,,,,,,y,,,,,,,,,,y,,,,,,,,,,,,,,y,,,y,,,,,,,,,,,,,,,,y,,,y,,,,,,,,y,,,,,,,,y,,,,,,,,,,,,,,,,,,,,,,y,,,,,,y,,,,,,,,,y,,,,y,,,,,,,,,,,,
3281,Pilot Travel Center #281,"2786 Salt Springs Road, Girard, OH 44420",Girard,OH,44420,41.1400739,-80.7192014,3.149,3.649,4.149,3.759,fuel,USA,USD,MapUp,PilotJ,,,,,,y,,,,,,,,,,y,,,,,,,,,,,,,,y,,,y,,,,,,,,y,,,,,,,,y,,,y,,,,,,,,y,,,,,,,,y,,,,,,,,y,,,,,,,,,,,,,,y,,,,,,y,,,,,,,,,y,,,,y,,,,,,,,,,,,
3282,Pilot Travel Center #282,"2591 Commerce Parkway, Barstow, CA 92311",Barstow,CA,92311,34.8549172,-117.0874803,4.099,4.399,4.699,4.999,fuel,USA,USD,MapUp,PilotJ,,,,,,y,,,,,,,,,,y,,,,,,,,,y,,,,y,y,,,y,,,,,,,,y,,,,,,,,y,,,y,,,,,,,,y,,,,,,,,y,,,,,,,,,,,,,,,,,,,,,,y,,,,,,y,,,,,,,,,y,,,,y,,,,,y,,,,,,,
3284,Pilot Travel Center #284,"1200 Nadeau Road, Monroe, MI 48161",Monroe,MI,48161,41.9635670787659,-83.3537390846557,3.059,3.559,4.059,3.549,fuel,USA,USD,MapUp,PilotJ,,,,,,y,,,,,,,,,,y,,,,,,,,,,,,,y,y,,,y,,,,,,,,,,,,,,,,y,,,y,,,,,,,,y,,,,,,,,y,,,,,,,,,,,,,,,,,,,,,,y,,,,,,y,,,,,,,,,y,,,,y,,,,,,,,,,,,
3285,Pilot Travel Center #285,"10258 Lancaster Road Sw, Hebron, OH 43025",Hebron,OH,43025,39.9455915906793,-82.536313483467,2.899,3.399,3.499,3.669,fuel,USA,USD,MapUp,PilotJ,,,,,,y,,,,,,,,,,y,,,,,,,,,,,,,y,y,,,y,,,,,,,,,,,,y,,,,y,,,y,,,,,,,,y,y,,,,,,,y,,,,,,,,,,,,,,,,,,,,,,,,,,,,y,,,,,,,,,y,,,,y,,,,,,,,,,,,
3286,Pilot Travel Center #286,"6141 US 127 North, Eaton, OH 45320",Eaton,OH,45320,39.8316135660332,-84.6303352023773,2.959,3.459,3.959,3.659,fuel,USA,USD,MapUp,PilotJ,,,,y,,y,,,,,,,,,,y,,,,,,,,,,,,,y,y,,,y,,,,,,,,y,,,,,,,,y,,,y,,,,,,,,y,y,,,,,,,y,,,,,,,,,,,,,,,,,,,,,,y,,,,,,y,,,,,,,,,y,,,,y,,,,,,,,,,,,
3287,Pilot Travel Center #287,"10048 Avon Lake Road, Burbank, OH 44214",Burbank,OH,44214,40.999228,-81.9972247,3.079,3.579,4.079,3.899,fuel,USA,USD,MapUp,PilotJ,,,,y,,y,,,,,,,,,,y,,,,,,,,,,,,,y,y,,,y,,,,,,,,y,,,,,,,,y,,,y,,,,,,,,y,,,,,,,,y,,,,,,,,,,,,,,,,,,,,,,y,,,,,,y,,,,,,,,,y,,,,y,,,,,y,,,,,,,
3289,Pilot Travel Center #289,"3001 Milwaukee Road, Beloit, WI 53511",Beloit,WI,53511,42.5268988,-88.9797253,2.999,3.499,3.999,3.899,fuel,USA,USD,MapUp,PilotJ,,,,,,y,,,,,,,,,,y,,,,,,,,,,,,,y,y,,,,,,,,,,,y,,,,,,,,y,,,y,,,,,,,,y,,,,,,,,y,,,,,,,,,,,,,,,,,,,,,,y,,,,,,y,,,,,,,,,y,,,,y,,,,,,,,,,,,
3290,Pilot Travel Center #290,"31 Heather Lane, Perryville, MD 21903",Perryville,MD,21903,39.5892847191944,-76.0652431684354,3.159,3.479,3.879,3.859,fuel,USA,USD,MapUp,PilotJ,,,,,,y,,,,,,,,,,,,,,,,,,,,,,,y,y,,,,,,,,,,,,,,,,,,,y,,,y,,,,,,,,y,,,,,,,,y,,,,,,,,,,,,,,,,,,,,,,y,,,,,,y,,,,,,,,,y,,,,y,,,,,,,,,,,,
3293,Pilot Travel Center #293,"2020 SW Highway 484, Ocala, FL 34473",Ocala,FL,34473,29.0247766795702,-82.1591397202377,3.239,3.739,4.159,3.699,fuel,USA,USD,MapUp,PilotJ,,,,,,y,,,,,,,,,,y,,,,,,,,,,,,,y,y,,,y,,,,,,,,,,,,,,,,y,,,y,,,,,,,,y,y,,,,,,,y,,,,,,,,,,,,,,,,,,,,,,y,,,,,,y,,,,,,,,,y,,,,y,,,,,,,,,,,,
3294,Pilot Travel Center #294,"1670 West 12Th Street, Ogden, UT 84404",Ogden,UT,84404,41.2453057208617,-112.019385271163,2.959,3.309,3.559,3.499,fuel,USA,USD,MapUp,PilotJ,,,,,,y,,,,,,,,,,,,,,,,,,,,,,,,y,,,y,,,,,,,,y,,,,,,,,y,,,y,,,,,,,,y,y,,,,,,,y,,,,,,,,,,,,,,,,,,,,,,y,,,,,,y,,,,,,,,,y,,,,y,,,,,,,,,,,,
3296,Pilot Travel Center #296,"195 Baker Road, Dexter, MI 48130",Dexter,MI,48130,42.2961345258701,-83.878968196434,3.099,3.599,4.099,3.789,fuel,USA,USD,MapUp,PilotJ,,,,,,y,,,,,,,,,,y,,,,,,,,,,,,,y,y,,,y,,,,,,,,y,,,,,,,,y,,,y,,,,,,,,y,,,,,,,,y,,,,,,,,,,,,,,,,,,,,,,y,,,,,,y,,,,,,,,,y,,,,y,,,,,,,,,,,,
3297,Pilot Travel Center #297,"5555 E. Margaret Avenue, Terre Haute, IN 47803",Terre Haute,IN,47803,39.4332943172744,-87.3321601865081,2.789,3.289,3.789,3.499,fuel,USA,USD,MapUp,PilotJ,,,,,,y,,,,,,,,,,y,,,,,,,,,,,,,,y,,,y,,,,,,,,y,,,,,,,,y,,,y,,,,,,,,y,,,,,,,,y,,,,,,,,,,,,,,,,,,,,,,y,,,,,,y,,,,,,,,,y,,,,y,,,,,,,,,,,,
3298,Pilot Travel Center #298,"1114 State Route 93, Drums, PA 18222",Drums,PA,18222,41.027337108982,-76.0796084993362,3.199,3.609,4.039,4.359,fuel,USA,USD,MapUp,PilotJ,,,,,,y,,,,,,,,,,y,,,,,,,,,,,,,,y,,,,,,,,,,,y,,,,,,,,y,,,y,,,,,,,,y,y,,,,,,,y,,,,,,,,,,,,,,,,,,,,,,y,,,,,,y,,,,,,,,,y,,,,y,,,,,,,,,,,,
3299,Pilot Travel Center #299,"1522 West Market Street, Bloomington, IL 61701",Bloomington,IL,61701,40.4827489862887,-89.0171814527092,3.179,3.579,4.029,3.659,fuel,USA,USD,MapUp,PilotJ,,,,,,y,,,,,,,,,,y,,,,,,,,,,,,,y,y,,,,,,,,,,,y,,,,,,,,y,,,y,,,,,,,,y,,,,,,,,y,,,,,,,,,,,,,y,,,,,,,,,y,,,,,,y,,,,,,,,,y,,,,y,,,,,,,,,,,,
31550,Pilot Travel Center #1550,"1600 County Road 437, Good Hope, AL 35055",Good Hope,AL,35055,34.1169005885115,-86.8636961620407,2.629,3.129,3.619,3.859,fuel,USA,USD,MapUp,PilotJ,,,,y,,,,,,,,,,,,,,,,,,,,,,,,,y,y,,,y,,,,,,,,,,,,,,,,y,,,y,,,,,,,,y,y,,,,,,,y,,,,,,,,,,,,,,,,,,,,,,y,,,,,,y,,,,,,,,,,,,,y,,,,,,,,,,,,
31304,Pilot Travel Center #1304,"1000 NE Loop 820, Fort Worth, TX 76106",Fort Worth,TX,76106,32.8418036042768,-97.3420726527786,,,,3.299,fuel,USA,USD,MapUp,PilotJ,,,,,,,,,,,,,,,,,,,,,,,,,,,,,,,,,,,,,,,,,,,,,,,,,,,,,,,,,,,,,,,,,,,,,,,,,,,,,,,,,,,,,,,,,,,,,,,,,,,,,,,,,,,,,,,,,,,,,,,,,
31303,Pilot Travel Center #1303,"2320 W Oak Street, Palestine, TX 75801",Palestine,TX,75801,31.7431974410965,-95.6558325558593,,,,3.659,fuel,USA,USD,MapUp,PilotJ,,,,,,y,,,,,,,,,,y,,,,,,,,,,,,,,,,,,,,,,,,,,,,,,,,,,,,y,,,,,,,,y,,,,,,,,y,,,,,,,,,,,,,,,,,,,,,,y,,,,,,y,,,,,,,,,y,,,,y,,,,,y,,,,,,,
31302,Pilot Travel Center #1302,"29541 Stockdale Hwy, Bakersfield, CA 93314",Bakersfield,CA,93314,35.3542370490031,-119.331245040475,3.999,4.299,4.599,4.499,fuel,USA,USD,MapUp,PilotJ,,,,,,,,,,,,,,,,,,,,,,,,,,,,,,,,,,,,,,,,,,,,,y,,,,,,,y,,,,,,,,,,,,,,,,y,,,,,,,,,,,,,,,,,,,,,,,,,,,,y,,,,,,,,,y,,,,y,,,,,,,,,,,,
31300,Pilot Travel Center #1300,"2200 W Lake Bardwell Drive, Ennis, TX 75119",Ennis,TX,75119,32.3018009139767,-96.6383569012977,,,,3.299,fuel,USA,USD,MapUp,PilotJ,,,,,,,,,,,,,,,,,,,,,,,,,,,,,,,,,,,,,,,,,,,,,,,,,,,,,,,,,,,,,,,,,,,,,,,,,,,,,,,,,,,,,,,,,,,,,,,,,,,,,,,,,,,,,,,,,,,,,,,,,
31549,Pilot Travel Center #1549,"75750 AL Highway 77, Lincoln, AL 35096",Lincoln,AL,35096,33.593568135196,-86.1214748723526,2.749,3.249,3.749,3.559,fuel,USA,USD,MapUp,PilotJ,,,,,,,,,,,,,,,,,,,,,,,,,,,,,y,,,,y,,,,,,,,,,,,,,,,,,,y,,,,,,,,y,y,,,,,,,y,,,,,,,,,,,,,,,,,,,,,,,,,,,,y,,,,,,,,,,,,,y,,,,,,,,,,,,
31315,Pilot Travel Center #1315,"2601 US 130 South, Cinnaminson, NJ 08077",Cinnaminson,NJ,8077,40.0069589855476,-74.9747142972291,,,,4.359,fuel,USA,USD,MapUp,PilotJ,,,,,,,,,,,,,,,,,,,,,,,,,,,,,,,,,,,,,,,,,,,,,,,,,,,,,,,,,,,,y,,,,,,,,y,,,,,,,,,,,,,,,,,,,,,,,,,,,,,,,,,,,,,,,,,,,,,,,,,,,,,
31319,Pilot Travel Center #1319,"3313 S Burleson Blvd, Burleson, TX 76009",Burleson,TX,76009,32.4639080551898,-97.264492108392,,,,3.599,fuel,USA,USD,MapUp,PilotJ,,,,,,,,,,,,,,,,,,,,,,,,,,,,,,,,,,,,,,,,,,,,,,,,,,,,y,,,,,,,,,,,,,,,,y,,,,,,,,,,,,,,,,,,,,,,,,,,,,,,,,,,,,,,,,,,,,,,,,,,,,,
31318,Pilot Travel Center #1318,"325 E Evergreen Street, Strafford, MO 65757",Strafford,MO,65757,37.2735057750617,-93.1111365208599,,,,3.259,fuel,USA,USD,MapUp,PilotJ,,,,,,y,,,,,,,,,,y,,,,,,,,,,,,,,,,,,,,,,,,,,,,,,,,,y,,,y,,,,,,,,y,,,,,,,,y,,,,,,,,,,,,,,,,,,,,,,y,,,,,,y,,,,,,,,,y,,,,y,,,,,,,,,,,,
31317,Pilot Travel Center #1317,"164 Riverside Drive, Fultonville, NY 12072",Fultonville,NY,12072,42.946196,-74.356258,2.999,3.299,3.599,4.259,fuel,USA,USD,MapUp,PilotJ,,,,,,,,,,,,,,,,,,,,,,,,,,,,,,,,,,,,,,,,,,,,,y,,,,,,,y,,,,,,,,y,,,,,,,,y,,,,,,,,,,,,,,,,,,,,,,y,,,,,,,,,,,,,,,y,,,,,,,,,,,,,,,,
31330,Pilot Travel Center #1330,"2101 Highway 49, Brinkley, AR 72021",Brinkley,AR,72021,34.9125409153457,-91.196227999221,2.759,3.009,3.259,3.359,fuel,USA,USD,MapUp,PilotJ,,,,,,y,,,,,,,,,,,,,,,,,,,,,,,,,,,y,,,,,,,,,,,,y,,,,y,,,y,,,,,,,,y,,,,,,,,y,,,,,,,,,,,,,,,,,,,,,,y,,,,,,y,,,,,,,,,y,,,,y,,,,,,,,,,,,
31326,Pilot Travel Center #1326,"2300 E Steel Rd Unit E, Colton, CA 92324",Colton,CA,92324,34.0623573184916,-117.288741509058,,,,4.899,fuel,USA,USD,MapUp,PilotJ,,,,,,y,,,,,,,,,,,,,,,,,,,,,,,y,,,,y,,,,,,,,,,,,,,,,,,,y,,,,,,,,y,,,,,,,,y,,,,,,,,,,,,,,,,,,,,,,,,,,,,y,,,,,,,,,,,,,,,,,,y,,,,,,,
31323,Pilot Travel Center #1323,"1307 SE Grand DD Highway US I-29, Faucett, MO 64448",Faucett,MO,64448,39.6008361,-94.7911576483374,2.799,3.049,3.299,3.459,fuel,USA,USD,MapUp,PilotJ,,,,,,y,,,,,,,,,,,,,,,,,,,,,,,,,,,y,,,,,,,,,,,,y,,,,,,,y,,,,,,,,y,,,,,,,,y,,,,,,,,,,,,,,,,,,,,,,y,,,,,,,,,,,,,,,y,,,,,,,,,,,,,,,,
31320,Pilot Travel Center #1320,"625 Ovilla Rd, Waxahachie, TX 75167",Waxahachie,TX,75167,32.4285311,-96.8744294,,,,3.299,fuel,USA,USD,MapUp,PilotJ,,,,,,,,,,,,,,,,,,,,,,,,,,,,,,,,,,,,,,,,,,,,,,,,,,,,,,,,,,,,,,,,,,,,,,,,,,,,,,,,,,,,,,,,,,,,,,,,,,,,,,,,,,,,,,,,,,,,,,,,,
3900,Pilot Travel Center #900,"65 Sadler Road, Dunn, NC 28334",Dunn,NC,28334,35.3185099015872,-78.5752059986724,,,,3.959,fuel,USA,USD,MapUp,PilotJ,,,,,,y,,,,,,,,,,,,,,,,,,,,,,,,,,,,,,,,,,,y,,,,,,,,y,,,y,,,,,,,,y,,,,,,,,y,,,,,,,,,,,,,y,,,,,,,,,y,,,,,,y,,,,,,,,,y,,,,y,,,,,y,,,,,,,
3901,Pilot Travel Center #901,"5085 Buffalo Creek Rd, Elm Creek, NE 68836",Elm Creek,NE,68836,40.6922765621776,-99.3817536699753,2.719,3.219,3.669,3.339,fuel,USA,USD,MapUp,PilotJ,,,,,,y,,,,,,,,,,y,,,,,,,,,,,,,,y,,,y,,,,,,,,y,,,,,,,,y,,,y,,,,,,,,y,,,,,,,,y,,,,,,,,,,,,,y,,,,,,,,,y,,,,,,y,,,,,,,,,y,,,,y,,,,,y,,,,,,,
3902,Pilot Travel Center #902,"3335 West Wood River Road, Grand Island, NE 68801",Grand Island,NE,68801,40.8306130565996,-98.3806081593856,2.799,2.849,3.699,3.499,fuel,USA,USD,MapUp,PilotJ,,,,,,y,,,,,,,,,,y,,,,,,,,,,,,,,y,,,,,,,,,,,y,,,,,,,,y,,,y,,,,,,,,y,,,,,,,,y,,,,,,,,,,,,,y,,,,,,,,,y,,,,,,y,,,,,,,,,y,,,,,,,,,y,,,,,,,
3903,Pilot Travel Center #903,"1944 N 9Th Street, Salina, KS 67401",Salina,KS,67401,38.8740559066471,-97.6108616087371,2.699,,3.299,3.699,fuel,USA,USD,MapUp,PilotJ,,,,,,y,,,,,,,,,,y,,,,,,,,,,,,,,y,,,y,,,,,,,,y,,,,,,,,y,,,y,,,,,,,,y,,,,,,,,y,,,,,,,,,,,,,y,,,,,,,,,y,,,,,,y,,,,,,,,,y,,,,y,,,,,y,,,,,,,
3904,Pilot Travel Center #904,"109 Circle Road, Big Springs, NE 69122",Big Springs,NE,69122,41.0517208204037,-102.0703834705,2.899,3.199,3.499,3.599,fuel,USA,USD,MapUp,PilotJ,,,,,,y,,,,,,,,,,y,,,,,,,,,,,,,,y,,,y,,,,,,,,y,,,,,,,,y,,,y,,,,,,,,y,,,,,,,,y,,,,,,,,,,,,,,,,,,,,,,y,,,,,,y,,,,,,,,,y,,,,y,,,,,y,,,,,,,
3905,Pilot Travel Center #905,"7985 Highway 200, Milltown, MT 59851",Milltown,MT,59851,46.8742589597191,-113.887020777771,2.999,3.299,3.599,3.339,fuel,USA,USD,MapUp,PilotJ,,,,,,y,,,,,,,,,,,,,,,,,,,,,,,,,,,,,,,,,,,y,,,,,,,,y,,,,,,,,,,,y,,,,,,,,y,,,,,,,,,,,,,,,,,,,,,,y,,,,,,y,,,,,,,,,y,,,,,,,,,y,,,,,,,
31328,Pilot Travel Center #1328,"2325 Sierra Lakes Parkway Suite 102, Rialto, CA 92377",Rialto,CA,92377,34.1378527563609,-117.427858430049,4.099,4.449,4.699,4.899,fuel,USA,USD,MapUp,PilotJ,,,,,,y,,,,,,,,,,y,,,,,,,,,,,,,,y,,,y,,,,,,,,,,,,y,,,,y,,,y,,,,,,,,y,,,,,,,,y,,,,,,,,,,,,,y,,,,,,,,,y,,,,,,y,,,,,,,,,y,,,,y,,,,,y,,,,,,,
3906,Pilot Travel Center #906,"602 8th Avenue North, Columbus, MT 59019",Columbus,MT,59019,45.644927251967,-109.247342193779,2.959,3.259,3.509,3.289,fuel,USA,USD,MapUp,PilotJ,,,,,,,,,,,,,,,,,,,,,,,,,,,,,,,,,,,,,,,,,,,,,,,,,,,,,,,,,,,,y,,,,,,,,y,,,,,,,,,,,,,,,,,,,,,,y,,,,,,y,,,,,,,,,y,,,,,,,,,y,,,,,,,
3907,Pilot Travel Center #907,"1210 South Haynes, Miles City, MT 59301",Miles City,MT,59301,46.3968870912934,-105.821796755958,2.899,3.099,3.299,3.219,fuel,USA,USD,MapUp,PilotJ,,,,,,,,,,,,,,,,y,,,,,,,,,,,,,,,,,,,,,,,,,,,,,,,,,,,,,,,,,,,,y,,,,,,,,y,,,,,,,,,,,,,,,,,,,,,,y,,,,,,y,,,,,,,,,y,,,,,,,,,y,,,,,,,
3908,Pilot Travel Center #908,"1000 Grizzly Trail, Rocker, MT 59701",Rocker,MT,59701,46.0050086952867,-112.611613684516,2.989,3.289,3.589,3.289,fuel,USA,USD,MapUp,PilotJ,,,,,,,,,,,,,,,,,,,,,,,,,,,,,,,,,,,,,,,,,y,,,,,,,,y,,,,,,,,,,,y,,,,,,,,y,,,,,,,,,,,,,,,,,,,,,,y,,,,,,y,,,,,,,,,y,,,,,,,,,y,,,,,,,
3909,Pilot Travel Center #909,"1350 Roosevelt Hwy., Shelby, MT 59474",Shelby,MT,59474,48.5130412426572,-111.872635507934,2.919,3.219,3.419,3.319,fuel,USA,USD,MapUp,PilotJ,,,,,,,,,,,,,,,,,,,,,,,,,,,,,,,,,,,,,,,,,y,,,,,,,,y,,,,,,,,,,,y,,,,,,,,y,,,,,,,,,,,,,,,,,,,,,,y,,,,,,y,,,,,,,,,y,,,,,,,,,y,,,,,,,
31341,Pilot Travel Center #1341,"1801 Pioneer Hwy US I-5, Exit 208, Arlington, WA 98223",Arlington,WA,98223,48.18815,-122.2061599,,,,3.999,fuel,USA,USD,MapUp,PilotJ,,,,,,,,,,,,,,,,,,,,,,,,,,,,,,,,,,,,,,,,,,,,,,,,,,,,y,,,,,,,,y,,,,,,,,y,,,,,,,,,,,,,,,,,,,,,,,,,,,,,,,,,,,,,,,,,,,,,,,,,,,,,
31338,Pilot Travel Center #1338,"13745 IH 35 South, Jarrell, TX 76537",Jarrell,TX,76537,30.8385199,-97.5988195,,,,3.199,fuel,USA,USD,MapUp,PilotJ,,,,,,,,,,,,,,,,,,,,,,,,,,,,,,,,,,,,,,,,,,,,,,,,,,,,,,,,,,,,,,,,,,,,,,,,,,,,,,,,,,,,,,,,,,,,,,,,,,,,,,,,,,,,,,,,,,,,,,,,,
31336,Pilot Travel Center #1336,"802 Avenue G, Kentwood, LA 70444",Kentwood,LA,70444,30.936198619617,-90.5226311136409,,,,3.559,fuel,USA,USD,MapUp,PilotJ,,,,,,,,,,,,,,,,,,,,,,,,,,,,,,,,,,,,,,,,,,,,,,,,,,,,,,,,,,,,,,,,,,,,,,,,,,,,,,,,,,,,,,,,,,,,,,,,,,,,,,,,,,,,,,,,,,,,,,,,,
31577,Pilot Travel Center #1577,"106 Comfort Lane, Pioneer, TN 37847",Pioneer,TN,37847,36.3767474671204,-84.2486831249923,2.759,3.169,3.709,3.449,fuel,USA,USD,MapUp,PilotJ,,,,,,,,,,,,,,,,,,,,,,,,,,,,,y,y,,,y,,,,,,,,,,,,,,,,y,,,y,,,,,,,,y,y,,,,,,,y,,,,,,,,,,,,,,,,,,,,,,y,,,,,,y,,,,,,,,,,,,,y,,,,,,,,,,,,
3910,Pilot Travel Center #910,"10800 US-287, Three Forks, MT 59752",Three Forks,MT,59752,45.9167628922171,-111.599367684967,3.039,3.339,3.639,3.289,fuel,USA,USD,MapUp,PilotJ,,,,,,,,,,,,,,,,,,,,,,,,,,,,,,,,,,,,,,,,,y,,,,,,,,y,,,,,,,,,,,y,,,,,,,,y,,,,,,,,,,,,,,,,,,,,,,y,,,,,,y,,,,,,,,,y,,,,,,,,,y,,,,,,,
3911,Pilot Travel Center #911,"27 Diamond Road, Superior, MT 59872",Superior,MT,59872,47.1895494408735,-114.886012535057,3.079,3.429,3.929,3.289,fuel,USA,USD,MapUp,PilotJ,,,,,,,,,,,,,,,,,,,,,,,,,,,,,,,,,,,,,,,,,y,,,,,,,,,,,,,,,,,,,y,,,,,,,,y,,,,,,,,,,,,,,,,,,,,,,y,,,,,,y,,,,,,,,,y,,,,,,,,,,,,,,,,
3912,Pilot Travel Center #912,"11775 NE-11, Wood River, NE 68883",Wood River,NE,68883,40.7601461018584,-98.5868319583358,2.729,,3.329,3.499,fuel,USA,USD,MapUp,PilotJ,,,,,,y,,,,,,,,,,y,,,,,,,,,,,,,,,,,y,,,,,,,,y,,,,,,,,,,,y,,,,,,,,y,,,,,,,,y,,,,,,,,,,,,,,,,,,,,,,y,,,,,,y,,,,,,,,,y,,,,y,,,,,y,,,,,,,
3913,Pilot Travel Center #913,"3231 Adventureland Drive, Altoona, IA 50009",Altoona,IA,50009,41.6595509032131,-93.4993995998611,2.899,3.399,3.669,3.799,fuel,USA,USD,MapUp,PilotJ,,,,,,y,,,,,,,,,,y,,,,,,,,,,,,,y,y,,,y,,,,,,,,y,,,,,,,,y,,,y,,,,,,,,y,,,,,,,,y,,,,,,,,,,,,,y,,,,,,,,,y,,,,,,y,,,,,,,,,y,,,,y,,,,,y,,,,,,,
3914,Pilot Travel Center #914,"8745 Hwy 93 N Suite B Suite B, Missoula, MT 59808",Missoula,MT,59808,46.9550180136077,-114.132843422126,2.999,3.299,3.599,3.339,fuel,USA,USD,MapUp,PilotJ,,,,,,,,,,,,,,,,,,,,,,,,,,,,,,,,,,,,,,,,,,,,,,,,,,,,,,,,,,,,y,,,,,,,,y,,,,,,,,,,,,,,,,,,,,,,y,,,,,,y,,,,,,,,,y,,,,,,,,,y,,,,,,,
3915,Pilot Travel Center #915,"2711 N. Frontage Road, Billings, MT 59101",Billings,MT,59101,45.8161693897416,-108.416768354492,2.999,3.299,3.549,3.289,fuel,USA,USD,MapUp,PilotJ,,,,,,,,,,,,,,,,,,,,,,,,,,,,,,,,,,,,,,,,,,,,,,,,,y,,,,,,,,,,,y,,,,,,,,y,,,,,,,,,,,,,,,,,,,,,,y,,,,,,y,,,,,,,,,y,,,,,,,,,y,,,,,,,
3916,Pilot Travel Center #916,"11882 Highway 93 S, Lolo, MT 59847",Lolo,MT,59847,46.7574262119142,-114.08147098413,2.999,3.199,3.499,3.289,fuel,USA,USD,MapUp,PilotJ,,,,,,y,,,,,,,,,,y,,,,,,,,,,,,,,,,,,,,,,,,,,,,,,,,,,,,,,,,,,,,y,,,,,,,,y,,,,,,,,,,,,,,,,,,,,,,y,,,,,,y,,,,,,,,,y,,,,,,,,,,,,,,,,
3917,Pilot Travel Center #917,"3100 Tri-Hill Frontage Road, Great Falls, MT 59404",Great Falls,MT,59404,47.4698537686916,-111.360808626983,2.949,3.249,3.449,3.319,fuel,USA,USD,MapUp,PilotJ,,,,,,y,,,,,,,,,,,,,,,,,,,,,,,,,,,,,,,,,,,,,,,,,,,y,,,,,,,,,,,y,,,,,,,,y,,,,,,,,,,,,,y,,,,,,,,,y,,,,,,y,,,,,,,,,y,,,,,,,,,y,,,,,,,
31339,Pilot Travel Center #1339,"2023 NY-104 I-81, Exit 34, Parish, NY 13131",Parish,NY,13131,43.4583243,-76.1155855,,,,3.799,fuel,USA,USD,MapUp,PilotJ,,,,,,,,,,,,,,,,,,,,,,,,,,,,,,,,,,,,,,,,,,,,,,,,,,,,y,,,,,,,,,,,,,,,,,,,,,,,,,,,,,,,,,,,,,,,,,,,,,,,,,,,,,,,,,,,,,,,,,,,,,
3918,Pilot Travel Center #918,"2783 Deadwood Avenue, Rapid City, SD 57702",Rapid City,SD,57702,44.112649545274,-103.273289966934,3.099,3.399,3.729,3.959,fuel,USA,USD,MapUp,PilotJ,,,,,,y,,,,,,,,,,y,,,,,,,,,,,,,y,y,,,y,,,,,,,,y,,,y,,,,,y,,,y,,,,,,,,y,,,,,,,,y,,,,,,,,,,,,,,,,,,,,,,y,,,,,,y,,,,,,,,,y,,,,y,,,,,y,,,,,,,
31110,Pilot Travel Center #1110,"15455 Terrazzo Drive, Monument, CO 80921",Monument,CO,80921,39.0555587,-104.8535582,2.879,3.349,3.679,3.599,fuel,USA,USD,MapUp,PilotJ,,,,,,y,,,,,,,,,,y,,,,,,,,,,,,,y,,,,y,,,,,,,,,,,,,,,,y,,,y,,,,,,,,y,y,,,,,,,y,,,,,,,,,,,,,y,,,,,,,,,y,,,,,,y,,,,,,,,,y,,,,,,,,,y,,,,,,,
31349,Pilot Travel Center #1349,"900 SE Frontage Rd, Van Horn, TX 79855",Van Horn,TX,79855,31.0393,-104.818,2.999,3.499,3.979,3.659,fuel,USA,USD,MapUp,PilotJ,,,,,,,,,,,,,,,,y,,,,,,,,,,,,,,,,,,,,,,,,,,,,,,,,,,,,y,,,,,,,,y,,,,,,,,y,,,,,,,,,,,,,,,,,,,,,,,,,,,,y,,,,,,,,,y,,,,y,,,,,,,,,,,,
31106,Pilot Travel Center #1106,"9220 Broadway Blvd. SE, Albuquerque, NM 87105",Albuquerque,NM,87105,34.958959,-106.660004,2.899,3.199,3.499,3.699,fuel,USA,USD,MapUp,PilotJ,,,,,,,,,,,,,,,,,,,,,,,,,,,,,,,,,,,,,,,,,,,,,y,,,,,,,y,,,,,,,,y,y,,,,,,,y,,,,,,,,,,,,,,,,,,,,,,y,,,,,,,,,,,,,,,y,,,,,,,,,,,,,,,,
34619,Pilot Travel Center #4619,"1318 East Lee Highway, Wytheville, VA 24382",Wytheville,VA,24382,36.938631,-80.99214,2.949,3.449,3.949,3.879,fuel,USA,USD,MapUp,PilotJ,,,,,,,,,,,,,,,,y,,,,,,,,,,,,,y,y,,,y,,,,,,,,y,,,,,,,,y,,,y,,,,,,,,y,y,,,,,,,y,,,,,,,,,,,,,,,,,,,,,,y,,,,,,y,,,,,,,,,,,,,y,,,,,,,,,,,,
31347,Pilot Travel Center #1347,"65583 Pump Slough Rd, Pearl River, LA 70452",Pearl River,LA,70452,30.3754924551794,-89.740238473521,,,,3.559,fuel,USA,USD,MapUp,PilotJ,,,,y,,y,,,,,,,,,,y,,,,,,,,,,,,,,,,,,,,,,,,,,,,,,,,,y,,,y,,,,,,,,,,,,,,,,y,,,,,,,,,,,,,,,,,,,,,,,,,,,,,,,,,,,,,y,,,,y,,,,,,,,,,,,
31105,Pilot Travel Center #1105,"7349 LA-29, Bunkie, LA 71322",Bunkie,LA,71322,30.7811504287666,-92.1872295809509,2.679,3.109,3.409,3.599,fuel,USA,USD,MapUp,PilotJ,,,,,,y,,,,,,,,,,y,,,,,,,,,,,,,y,y,,,y,,,,,,,,,,,,,,,,y,,,y,,,,,,,,y,y,,,,,,,y,,,,,,,,,,,,,,,,,,,,,,y,,,,,,y,,,,,,,,,y,,,,,,,,,y,,,,,,,
31346,Pilot Travel Center #1346,"200 Manchester Ave I-135, Exit 31, Newton, KS 67114",Newton,KS,67114,38.0447492,-97.3186004,,,,3.299,fuel,USA,USD,MapUp,PilotJ,,,,,,,,,,,,,,,,,,,,,,,,,,,,,,,,,,,,,,,,,,,,,,,,,,,,,,,,,,,,,,,,,,,,,,,,,,,,,,,,,,,,,,,,,,,,,,,,,,,,,,,,,,,,,,,,,,,,,,,,,
31103,Pilot Travel Center #1103,"2430 State Route 530 NE, Arlington, WA 98223",Arlington,WA,98223,48.1871848802644,-122.1965614,3.559,3.859,4.159,4.559,fuel,USA,USD,MapUp,PilotJ,,,,,,y,,,,,,,,,,y,,,,,,,,,,,,,y,,,,y,,,,,,,,,,,,,,,,y,,,y,,,,,,,,y,y,,,,,,,y,,,,,,,,,,,,,,,,,,,,,,y,,,,,,y,,,,,,,,,y,,,,y,,,,,y,,,,,,,
31344,Pilot Travel Center #1344,"1301 Markum Ranch Rd., Fort Worth, TX 76126",Fort Worth,TX,76126,32.692455,-97.517959,,,,3.359,fuel,USA,USD,MapUp,PilotJ,,,,,,,,,,,,,,,,y,,,,,,,,,,,,,,,,,,,,,,,,,,,,,,,,,,,,y,,,,,,,,y,,,,,,,,y,,,,,,,,,,,,,,,,,,,,,,,,,,,,,,,,,,,,,y,,,,,,,,,,,,,,,,
31343,Pilot Travel Center #1343,"787 Montague Road, Yreka, CA 96097",Yreka,CA,96097,41.7376105,-122.6237428,,,,4.499,fuel,USA,USD,MapUp,PilotJ,,,,,,,,,,,,,,,,,,,,,,,,,,,,,,,,,,,,,,,,,,,,,,,,,,,,,,,,,,,,,,,,,,,,,,,,,,,,,,,,,,,,,,,,,,,,,,,,,,,,,,,,,,,,,,,,,,,,,,,,,
3920,Pilot Travel Center #920,"1110 East Willow Ave, Colby, KS 67701",Colby,KS,67701,39.36462241109,-101.032505957066,2.849,3.349,3.649,3.699,fuel,USA,USD,MapUp,PilotJ,,,,,,y,,,,,,,,,,y,,,,,,,,,,,,,,y,,,y,,,,,,,,y,,,,,,,,y,,,y,,,,,,,,y,,,,,,,,y,,,,,,,,,,,,,,,,,,,,,,y,,,,,,y,,,,,,,,,y,,,,y,,,,,y,,,,,,,
3922,Pilot Travel Center #922,"6102 Highway 2 West, Columbia Falls, MT 59912",Columbia Falls,MT,59912,48.3699566206542,-114.23971898413,2.989,3.289,3.489,3.319,fuel,USA,USD,MapUp,PilotJ,,,,,,,,,,,,,,,,,,,,,,,,,,,,,,,,,,,,,,,,,y,,,,,,,,,,,,,,,,,,,y,,,,,,,,y,,,,,,,,,,,,,,,,,,,,,,,,,,,,y,,,,,,,,,y,,,,,,,,,,,,,,,,
3923,Pilot Travel Center #923,"2775 Old Hardin Road, Billings, MT 59101",Billings,MT,59101,45.8129955982059,-108.415114193779,2.999,3.299,3.549,3.289,fuel,USA,USD,MapUp,PilotJ,,,,,,,,,,,,,,,,,,,,,,,,,,,,,,y,,,,,,,,,,,,,,,,,,,y,,,,,,,,,,,y,,,,,,,,y,,,,,,,,,,,,,y,,,,,,,,,y,,,,,,y,,,,,,,,,y,,,,,,,,,,,,,,,,
3924,Pilot Travel Center #924,"122000 E. Browns Gulch Road, Butte, MT 59701",Butte,MT,59701,46.0084411274819,-112.608931031738,2.979,3.279,3.579,3.289,fuel,USA,USD,MapUp,PilotJ,,,,,,,,,,,,,,,,,,,,,,,,,,,,,,,,,,,,,,,,,,,,,,,,,,,,,,,,,,,,y,,,,,,,,y,,,,,,,,,,,,,y,,,,,,,,,y,,,,,,y,,,,,,,,,y,,,,,,,,,y,,,,,,,
31108,Pilot Travel Center #1108,"3206 W. Trinity Blvd., Grand Prairie, TX 76155",Grand Prairie,TX,76155,32.8018794,-97.030391,2.649,3.079,3.389,3.299,fuel,USA,USD,MapUp,PilotJ,,,,,,,,,,,,,,,,y,,,,,,,,,,,,,,y,,,,,,,,,,,,,,,,,,,y,,,y,,,,,,,,y,,,,,,,,y,,,,,,,,,,,,,,,,,,,,,,,,,,,,y,,,,,,,,,y,,,,,,,,,,,,,,,,
31362,Pilot Travel Center #1362,"2201 N Park Dr, Winslow, AZ 86047",Winslow,AZ,86047,35.0430680622318,-110.699349993364,3.099,3.399,3.699,3.559,fuel,USA,USD,MapUp,PilotJ,,,,,,,,,,,,,,,,,,,,,,,,,,,,,,,,,,,,,,,,,,,,,,,,,,,,,,,,,,,,,,,,,,,,,,,,,,,,,,,,,,,,,,,,,,,,,,,,,,,,,,,,,,,,,,,,,,,,,,,,,
31361,Pilot Travel Center #1361,"14749 Thornton Road, Lodi, CA 95242",Lodi,CA,95242,38.1139689185053,-121.395150965643,,,,4.459,fuel,USA,USD,MapUp,PilotJ,,,,,,,,,,,,,,,,,,,,,,,,,,,,,,,,,,,,,,,,,,,,,y,,,,y,,,y,,,,,,,,y,,,,,,,,y,,,,,,,,,,,,,,,,,,,,,,,,,,,,y,,,,,,,,,y,,,,y,,,,,,,,,,,,
31360,Pilot Travel Center #1360,"297 Treeland Drive, Mayfield, KY 42066",Mayfield,KY,42066,36.7658866737407,-88.6420393916982,,,,3.599,fuel,USA,USD,MapUp,PilotJ,,,,,,,,,,,,,,,,,,,,,,,,,,,,,,,,,,,,,,,,,,,,,,,,,,,,y,,,,,,,,,,,,,,,,y,,,,,,,,,,,,,,,,,,,,,,,,,,,,,,,,,,,,,,,,,,,,,,,,,,,,,
31118,Pilot Travel Center #1118,"4100 Mabry Drive, Clovis, NM 88101",Clovis,NM,88101,34.3950619668827,-103.152178352639,2.879,3.379,3.649,3.859,fuel,USA,USD,MapUp,PilotJ,,,,,,y,,,,,,,,,,y,,,,,,,,,,,,,y,y,,,,,,,,,,,,,,,,,,,y,,,y,,,,,,,,y,,,,,,,,y,,,,,,,,,,,,,,,,,,,,,,y,,,,,,y,,,,,,,,,y,,,,y,,,,,,,,,,,,
31359,Pilot Travel Center #1359,"400 USA Parkway (Hwy 439), McCarran, NV 89437",McCarran,NV,89437,39.5589462345668,-119.48984845519,3.299,3.599,3.899,3.479,fuel,USA,USD,MapUp,PilotJ,,,,,,,,,,,,,,,,,,,,,,,,,,,,,,,,,,,,,,,,,y,,,,,,,,,,,,,,,,,,,,,,,,,,,,,,,,,,,,,,,,,,,,,,,,,,,,,,,,,,,,,,,,,,,,,,,,,,,,,,,,
31117,Pilot Travel Center #1117,"389 Rochester Crossing, Rochester, IN 46975",Rochester,IN,46975,41.0484882120069,-86.2178793982864,2.999,3.499,3.999,4.099,fuel,USA,USD,MapUp,PilotJ,,,,,,y,,,,,,,,,,y,,,,,,,,,,,,,y,y,,,,,,,,,,,,,,,,,,,y,,,y,,,,,,,,y,,,,,,,,y,,,,,,,,,,,,,,,,,,,,,,y,,,,,,y,,,,,,,,,y,,,,y,,,,,,,,,,,,
31358,Pilot Travel Center #1358,"3303 W Historic Hwy 66, Gallup, NM 87301",Gallup,NM,87301,35.506251,-108.825976,2.799,3.099,3.399,3.499,fuel,USA,USD,MapUp,PilotJ,,,,,,,,,,,,,,,,,,,,,,,,,,,,,,,,,,,,,,,,,,,,,,,,,,,,,,,,,,,,,,,,,,,,,,,,,,,,,,,,,,,,,,,,,,,,,,,,,,,,,,,,,,,,,,,,,,,,,,,,,
31114,Pilot Travel Center #1114,"1050 Busse Road, Bensenville, IL 60106",Bensenville,IL,60106,41.9880016,-87.960353,3.199,3.599,4.049,3.759,fuel,USA,USD,MapUp,PilotJ,,,,,,y,,,,,,,,,,y,,,,,,,,,,,,,y,y,,,,,,,,,,,,,,,,,,,y,,,y,,,,,,,,y,y,,,,,,,y,,,,,,,,,,,,,,,,,,,,,,,,,,,,y,,,,,,,,,y,,,,y,,,,,,,,,,,,
31354,Pilot Travel Center #1354,"6001 US-385, Odessa, TX 79766",Odessa,TX,79766,31.7800627237588,-102.368636730671,2.799,3.049,3.299,3.459,fuel,USA,USD,MapUp,PilotJ,,,,y,,,,,,,,,,,,,,,,,,,,,,,,,,,,,y,,,,,,,,,,,,,,,,,,,y,,,,,,,,y,,,,,,,,y,,,,,,,,,,,,,,,,,,,,,,y,,,,,,,,,,,,,,,y,,,,y,,,,,y,,,,,,,
3931,Pilot Travel Center #931,"4200 N I-90 Service Rd Exit 61, Rapid City, SD 57701",Rapid City,SD,57701,44.1034224789459,-103.149551421951,,,,3.359,fuel,USA,USD,MapUp,PilotJ,,,,,,y,,,,,,,,,,y,,,,,,,,,,,,,,y,,,,,,,,,,,y,,,,,,,,y,,,y,,,,,,,,y,,,,,,,,y,,,,,,,,,,,,,y,,,,,,,,,y,,,,,,y,,,,,,,,,y,,,,,,,,,y,,,,,,,
34622,Pilot Travel Center #4622,"2190 Philpott Highway 58, South Boston, VA 24592",South Boston,VA,24592,36.6752777902314,-78.92703689682,3.059,3.559,4.059,3.999,fuel,USA,USD,MapUp,PilotJ,,,,,,y,,,,,,,,,,,,,,,,,,,,,,,y,,,,y,,,,,,,,,,,,,,,,y,,,,,,,,,,,y,,,,,,,,y,,,,,,,,,,,,,,,,,,,,,,y,,,,,,y,,,,,,,,,y,,,,y,,,,,,,,,,,,
3934,Pilot Travel Center #934,"63276 Oregon 203, La Grande, OR 97850",La Grande,OR,97850,45.297311309925,-118.043905126463,3.499,3.939,4.209,3.659,fuel,USA,USD,MapUp,PilotJ,,,,,,y,,,,,,,,,,y,,,,,,,,,,,,,,y,,,,,,,,,,,y,,,,,,,,y,,,y,,,,,,,,y,,,,,,,,y,,,,,,,,,,,,,y,,,,,,,,,y,,,,,,y,,,,,,,,,y,,,,,,,,,y,,,,,,,
31132,Pilot Travel Center #1132,"234 Ben Hulse Hwy, Brawley, CA 92227",Brawley,CA,92227,32.9778992012626,-115.503906130628,4.099,4.399,4.699,4.959,fuel,USA,USD,MapUp,PilotJ,,,,,,y,,,,,,,,,,y,,,,,,,,,,,,,,,,,,,,,,,,,,,,,,,,,y,,,y,,,,,,,,y,,,,,,,,y,,,,,,,,,,,,,,,,,,,,,,y,,,,,,y,,,,,,,,,y,,,,y,,,,,y,,,,,,,
31372,Pilot Travel Center #1372,"10835 South Double R Drive, Yucca, AZ 86438",Yucca,AZ,86438,34.9137,-114.155,2.959,3.209,3.459,4.199,fuel,USA,USD,MapUp,PilotJ,,,,,,,,,,,,,,,,,,,,,,,,,,,,,,,,,,,,,,,,,,,,,,,,,,,,,,,,,,,,,,,,,,,,,,,,,,,,,,,,,,,,,,,,,,,,,,,,,,,,,,,,,,,,,,,,,,,,,,,,,
31370,Pilot Travel Center #1370,"14070 Mines Rd, Laredo, TX 78045",Laredo,TX,78045,27.6203489765123,-99.5246360343933,2.699,2.999,3.299,3.559,fuel,USA,USD,MapUp,PilotJ,,,,,,,,,,,,,,,,,,,,,,,,,,,,,,,,,,,,,,,,,,,,,,,,,,,,,,,,,,,,,,,,,,,,,,,,,,,,,,,,,,,,,,,,,,,,,,,,,,,,,,,,,,,,,,,,,,,,,,,,,
31128,Pilot Travel Center #1128,"7990 State Route 60, Bartow, FL 33830",Bartow,FL,33830,27.9172893013164,-81.7189132153442,3.139,3.639,3.979,3.899,fuel,USA,USD,MapUp,PilotJ,,,,y,,y,,,,,,,,,,y,,,,,,,,,,,,,y,y,,,y,,,,,,,,y,,,,,,,,y,,,y,,,,,,,,y,,,,,,,,y,,,,,,,,,,,,,,,,,,,,,,y,,,,,,y,,,,,,,,,y,,,,y,,,,,,,,,,,,
31126,Pilot Travel Center #1126,"8801 NE Birmingham Road, Kansas City, MO 64161",Kansas City,MO,64161,39.1564147,-94.4763072,2.999,3.469,3.779,3.499,fuel,USA,USD,MapUp,PilotJ,,,,,,y,,,,,,,,,,y,,,,,,,,,,,,,y,y,,,,,,,,,,,,,,,,,,,y,,,y,,,,,,,,y,,,,,,,,y,,,,,,,,,,,,,,,,,,,,,,y,,,,,,y,,,,,,,,,y,,,,y,,,,,,,,,,,,
31366,Pilot Travel Center #1366,"15060 S 641, Holladay, TN 38341",Holladay,TN,38341,35.8430556530988,-88.0847476554804,2.759,3.009,3.259,3.349,fuel,USA,USD,MapUp,PilotJ,,,,,,y,,,,,,,,,,y,,,,,,,,,,,,,,,,,,,,,,,,,,,,,y,,,,y,,,y,,,,,,,,y,,,,,,,,y,,,,,,,,,,,,,y,,,,,,,,,y,,,,,,y,,,,,,,,,y,,,,y,,,,,y,,,,,,,
31365,Pilot Travel Center #1365,"5495 County Rd 388, Cusseta, AL 36852",Cusseta,AL,36852,32.7447383861836,-85.279123077679,,,,3.449,fuel,USA,USD,MapUp,PilotJ,,,,,,y,,,,,,,,,,y,,,,,,,,,,,,,,,,,,,,,,,,,,,,,,,,,y,,,y,,,,,,,,y,,,,,,,,y,,,,,,,,,,,,,y,,,,,,,,,y,,,,,,y,,,,,,,,,y,,,,,,,,,y,,,,,,,
3700,Pilot Travel Center #700,"26415 Warns Road, Lake Township, OH 43551",Lake Township,OH,43551,41.5347245077188,-83.4607980185241,2.889,3.389,3.889,3.749,fuel,USA,USD,MapUp,PilotJ,,,,y,,y,,,,,,,,,,y,,,,,,,,,,,,,y,y,,,y,,,,,,,,y,,,,,,,,y,,,y,,,,,,,,y,,,,,,,,y,,,,,,,,,,,,,y,,,,,,,,,y,,,,,,y,,,,,,,,,y,,,,y,,,,,y,,,,,,,
3701,Pilot Travel Center #701,"2450 Cooper Drive, Ardmore, OK 73401",Ardmore,OK,73401,34.2006978272771,-97.1672893042297,2.699,3.199,3.569,3.659,fuel,USA,USD,MapUp,PilotJ,,,,y,,y,,,,,,,,,,y,,,,,,,,,,,,,y,y,,,y,,,,,,,,y,,,y,,,,,y,,,y,,,,,,,,y,,,,,,,,y,,,,,,,,,,,,,y,,,,,,,,,y,,,,,,y,,,,,,,,,y,,,,y,,,,,y,,,,,,,
3702,Pilot Travel Center #702,"1255 Gentry, Checotah, OK 74426",Checotah,OK,74426,35.4754305792137,-95.5388908534423,2.799,3.299,3.799,3.659,fuel,USA,USD,MapUp,PilotJ,,,,y,,y,,,,,,,,,,y,,,,,,,,,,,,,y,y,,,y,,,,,,,,y,,,y,,,,,y,,,y,,,,,,,,y,y,,,,,,,y,,,,,,,,,,,,,y,,,,,,,,,y,,,,,,y,,,,,,,,,y,,,,y,,,,,y,,,,,,,
3703,Pilot Travel Center #703,"701 South Morgan Road, Oklahoma City, OK 73128",Oklahoma City,OK,73128,35.458788815187,-97.6904462294998,2.699,3.189,3.529,3.499,fuel,USA,USD,MapUp,PilotJ,,,,y,,y,,,,,,,,,,y,,,,,,,,,,,,,y,y,,,y,,,,,,,,y,,,y,,,,,y,,,y,,,,,,,,y,y,,,,,,,y,,,,,,,,,,,,,y,,,,,,,,,y,,,,,,y,,,y,,,,,,y,,,,y,,,,,y,,,,,,,
3704,Pilot Travel Center #704,"4801 NE 122nd St., Edmond, OK 73013",Edmond,OK,73013,35.596136,-97.43662,2.599,3.099,3.499,3.399,fuel,USA,USD,MapUp,PilotJ,,,,y,,y,,,,,,,,,,y,,,,,,,,,,,,,y,y,,,y,,,,,,,,,,,y,,,,,y,,,y,,,,,,,,y,y,,,,,,,y,,,,,,,,,,,,,y,,,,,,,,,y,,,,,,y,,,,,,,,,y,,,,y,,,,,y,,,,,,,
3705,Pilot Travel Center #705,"2400 So 4th Route, Sayre, OK 73662",Sayre,OK,73662,35.2653221852657,-99.640703703041,2.739,3.159,3.629,3.499,fuel,USA,USD,MapUp,PilotJ,,,,y,,y,,,,,,,,,,y,,,,,,,,,,,,,y,y,,,y,,,,,,,,y,,,y,,,,,y,,,y,,,,,,,,y,y,,,,,,,y,,,,,,,,,,,,,y,,,,,,,,,y,,,,,,y,,,,,,,,,y,,,,y,,,,,y,,,,,,,
3706,Pilot Travel Center #706,"121 North 129 E Ave, Tulsa, OK 74116",Tulsa,OK,74116,36.1619898,-95.8321554,2.799,3.099,3.399,3.499,fuel,USA,USD,MapUp,PilotJ,,,,,,y,,,,,,,,,,y,,,,,,,,,,,,,y,y,,,y,,,,,,,,y,,,y,,,,,y,,,y,,,,,,,,y,y,,,,,,,y,,,,,,,,,,,,,y,,,,,,,,,y,,,,,,y,,,,,,,,,y,,,,y,,,,,y,,,,,,,
3707,Pilot Travel Center #707,"246 Allegheny Blvd, Brookville, PA 15825",Brookville,PA,15825,41.172571,-79.095428,3.299,3.799,4.289,4.159,fuel,USA,USD,MapUp,PilotJ,,,,y,,,,,,,,,,,,,,,,,,,,,,,,,y,y,,,y,,,,,,,,y,,,y,,,,,y,,,y,,,,,,,,y,,,,,,,,y,,,,,,,,,,,,,,,,,,,,,,y,,,,,,y,,,,,,,,,y,,,,y,,,,,y,,,,,,,
3708,Pilot Travel Center #708,"1501 Harrisburg Pike, Carlisle, PA 17013",Carlisle,PA,17013,40.2350291920568,-77.1230044087371,3.359,3.749,4.019,4.459,fuel,USA,USD,MapUp,PilotJ,,,,,,,,,,,,,,,,,,,,,,,,,,,,,y,y,,,y,,,,,,,,y,,,y,,,,,y,,,y,,,,,,,,y,y,,,,,,,y,,,,,,,,,,,,,,,,,,,,y,,y,,,,,,y,,,,,,,,,y,,,,y,,,,,y,,,,,,,
3709,Pilot Travel Center #709,"5609 Nittany Valley Drive, Mill Hall, PA 17751",Mill Hall,PA,17751,41.0286280222375,-77.522950599475,3.299,3.739,4.199,4.249,fuel,USA,USD,MapUp,PilotJ,,,,,,,,,,,,,,,,,,,,,,,,,,,,,y,y,,,y,,,,,,,,y,,,,,,,,y,,,y,,,,,,,,y,,,,,,,,y,,,,,,,,,,,,,,,,,,,,,,y,,,,,,y,,,,,,,,,y,,,,y,,,,,y,,,,,,,
34651,Pilot Travel Center #4651,"781 Moores Ferry Road, Skippers, VA 23879",Skippers,VA,23879,36.6069402079367,-77.5609570209014,2.899,3.399,3.809,3.899,fuel,USA,USD,MapUp,PilotJ,,,,,,,,,,,,,,,,y,,,,,,,,,,,,,y,,,,y,,,,,,,,,,,,,,,,y,,,y,,,,,,,,y,y,,,,,,,y,,,,,,,,,,,,,,,,,,,,,,y,,,,,,y,,,,,,,,,y,,,,y,,,,,,,,,,,,
31385,Pilot Travel Center #1385,"10951 Cedar Ave, Bloomington, CA 92316",Bloomington,CA,92316,34.055335023171,-117.395527856817,3.999,4.25,4.47,4.899,fuel,USA,USD,MapUp,PilotJ,,,,,,y,,,,,,,,,,y,,,,,,,,,,,,,,,,,,,,,,,,,,,,,,,,,,,,y,,,,,,,,y,,,,,,,,y,,,,,,,,,,,,,,,,,,,,,,,,,,,,y,,,,,,,,,y,,,,y,,,,,,,,,,,,
31143,Pilot Travel Center #1143,"4200 TX-302, Odessa, TX 79764",Odessa,TX,79764,31.8763080382452,-102.422361706815,2.799,3.249,3.569,3.699,fuel,USA,USD,MapUp,PilotJ,,,,,,,,,,,,,,,,,,,,,,,,,,,,,,,,,,,,,,,,,,,,,,,,,,,,y,,,,,,,,y,,,,,,,,y,,,,,,,,,,,,,,,,,,,,,,y,,,,,,y,,,,,,,,,,,,,,,,,,,,,,,,,
31384,Pilot Travel Center #1384,"90480 66th Ave, Mecca, CA 92254",Mecca,CA,92254,33.5702273022013,-116.090345340624,,,,4.799,fuel,USA,USD,MapUp,PilotJ,,,,,,y,,,,,,,,,,y,,,,,,,,,,,,,,,,,,,,,,,,,,,,,,,,,y,,,y,,,,,,,,y,,,,,,,,y,,,,,,,,,,,,,,,,,,,,,,y,,,,,,y,,,,,,,,,y,,,,y,,,,,,,,,,,,
31383,Pilot Travel Center #1383,"5750 Commerce Square, Jonesboro, AR 72401",Jonesboro,AR,72401,35.8052020717219,-90.6250879354473,,,,3.599,fuel,USA,USD,MapUp,PilotJ,,,,,,,,,,,,,,,,y,,,,,,,,,,,,,,,,,,,,,,,,,,,,,y,,,,,,,y,,,,,,,,y,,,,,,,,y,,,,,,,,,,,,,,,,,,,,,,y,,,,,,y,,,,,,,,,y,,,,y,,,,,,,,,,,,
31140,Pilot Travel Center #1140,"8221 US-287, Rhome, TX 76078",Rhome,TX,76078,33.1022200020068,-97.4702982423278,2.759,3.239,3.539,3.599,fuel,USA,USD,MapUp,PilotJ,,,,,,y,,,,,,,,,,y,,,,,,,,,,,,,y,y,,,y,,,,,,,,,,,,,,,,y,,,y,,,,,,,,y,,,,,,,,y,,,,,,,,,,,,,,,,,,,,,,y,,,,,,y,,,,,,,,,y,,,,y,,,,,y,,,,,,,
31381,Pilot Travel Center #1381,"1656 South Market Street, Hearne, TX 77859",Hearne,TX,77859,30.8628,-96.5824,,,,3.599,fuel,USA,USD,MapUp,PilotJ,,,,,,,,,,,,,,,,,,,,,,,,,,,,,,,,,,,,,,,,,,,,,,,,,,,,,,,,,,,,,,,,,,,,,,,,,,,,,,,,,,,,,,,,,,,,,,,,,,,,,,,,,,,,,,,,,,,,,,,,,
31380,Pilot Travel Center #1380,"8001 E Expressway 83, Mercedes, TX 78570",Mercedes,TX,78570,26.1602618149108,-97.8772471110557,,,,3.759,fuel,USA,USD,MapUp,PilotJ,,,,,,y,,,,,,,,,,y,,,,,,,,,,,,,,,,,,,,,,,,,,,,,,,,,y,,,y,,,,,,,,y,,,,,,,,y,,,,,,,,,,,,,,,,,,,,,,y,,,,,,y,,,,,,,,,y,,,,y,,,,,y,,,,,,,
31379,Pilot Travel Center #1379,"3004 I-30, Greenville, TX 75401",Greenville,TX,75401,33.1345223941198,-96.067628260278,,,,3.199,fuel,USA,USD,MapUp,PilotJ,,,,,,y,,,,,,,,,,y,,,,,,,,,,,,,,,,,,,,,,,,,,,,,,,,,,,,y,,,,,,,,y,,,,,,,,y,,,,,,,,,,,,,y,,,,,,,,,y,,,,,,y,,,,,,,,,y,,,,y,,,,,,,,,,,,
31135,Pilot Travel Center #1135,"1419 US-281, Falfurrias, TX 78355",Falfurrias,TX,78355,27.211821,-98.1414383,2.799,3.299,3.679,3.659,fuel,USA,USD,MapUp,PilotJ,,,,,,y,,,,,,,,,,y,,,,,,,,,,,,,y,y,,,y,,,,,,,,y,,,,,,,,y,,,y,,,,,,,,y,,,,,,,,y,,,,,,,,,,,,,y,,,,,,,,,y,,,,,,y,,,,,,,,,y,,,,y,,,,,y,,,,,,,
3710,Pilot Travel Center #710,"1623 Oliver Road, New Milford, PA 18834",New Milford,PA,18834,41.8245231746208,-75.6820466084594,3.299,3.799,4.299,4.459,fuel,USA,USD,MapUp,PilotJ,,,,,,,,,,,,,,,,,,,,,,,,,,,,,y,y,,,y,,,,,,,,y,,,,,,,,y,,,y,,,,,,,,y,,,,,,,,y,,,,,,,,,,,,,,,,,,,,,,y,,,,,,y,,,,,,,,,y,,,,y,,,,,y,,,,,,,
31134,Pilot Travel Center #1134,"3752 US Hwy. 285 North, Orla, TX 79770",Orla,TX,79770,31.8261905,-103.9087648,3.299,3.799,4.299,3.859,fuel,USA,USD,MapUp,PilotJ,,,,,,y,,,,,,,,,,y,,,,,,,,,,,,,y,y,,,,,,,,,,,y,,,,,,,,y,,,y,,,,,,,,y,,,,,,,,y,,,,,,,,,,,,,,,,,,,,,,y,,,,,,y,,,,,,,,,y,,,,,,,,,,,,,,,,
3711,Pilot Travel Center #711,"1011 North Mountain St, Blacksburg, SC 29702",Blacksburg,SC,29702,35.1421457209202,-81.5096822283111,2.859,3.359,3.859,3.699,fuel,USA,USD,MapUp,PilotJ,,,,,,y,,,,,,,,,,y,,,,,,,,,,,,,y,,,,y,,,,,,,,y,,,y,,,,,y,,,y,,,,,,,,y,y,,,,,,,y,,,,,,,,,,,,,y,,,,,,,,,y,,,,,,y,,,y,,,,,,y,,,,y,,,,,y,,,,,,,
3712,Pilot Travel Center #712,"5901 Fairfield Road, Columbia, SC 29203",Columbia,SC,29203,34.0650365877928,-81.0236128121643,2.899,3.349,3.899,3.699,fuel,USA,USD,MapUp,PilotJ,,,,,,y,,,,,,,,,,y,,,,,,,,,,,,,y,y,,,y,,,,,,,,y,,,y,,,,,y,,,y,,,,,,,,y,y,,,,,,,y,,,,,,,,,,,,,y,,,,,,,,,y,,,,,,y,,,,,,,,,y,,,,y,,,,,y,,,,,,,
34642,Pilot Travel Center #4642,"1014 Mt. Olive Road, Tom\'s Brook, VA 22660",Tom\'s Brook,VA,22660,38.9666396957839,-78.4383249669341,3.059,3.559,4.009,3.959,fuel,USA,USD,MapUp,PilotJ,,,,,,y,,,,,,,,,,,,,,,,,,,,,,,y,y,,,y,,,,,,,,y,,,,,,,,y,,,y,,,,,,,,y,y,,,,,,,y,,,,,,,,,,,,,,,,,,,,,,y,,,,,,y,,,,,,,,,y,,,,y,,,,,,,,,,,,
3713,Pilot Travel Center #713,"111 Mill Branch Road, Latta, SC 29565",Latta,SC,29565,34.340237813424,-79.5327247962951,2.899,3.399,3.899,3.639,fuel,USA,USD,MapUp,PilotJ,,,,,,y,,,,,,,,,,y,,,,,,,,,,,,,y,y,,,y,,,,,,,,y,,,,,,,,y,,,y,,,,,,,,y,y,,,,,,,y,,,,,,,,,,,,,y,,,,,,,y,,y,,,,,,y,,,,,,,,,y,,,,y,,,,,y,,,,,,,
3714,Pilot Travel Center #714,"2435 Mount Holly Road, Rock Hill, SC 29730",Rock Hill,SC,29730,34.855787096079,-81.0064293743438,2.879,3.129,3.429,3.659,fuel,USA,USD,MapUp,PilotJ,,,,,,y,,,,,,,,,,y,,,,,,,,,,,,,y,y,,,y,,,,,,,,y,,,y,,,,,y,,,y,,,,,,,,y,y,,,,,,,y,,,,,,,,,,,,,y,,,,,,,,,y,,,,,,y,,,,,,,,,y,,,,y,,,,,y,,,,,,,
3715,Pilot Travel Center #715,"11 Highway W, Foristell, MO 63348",Foristell,MO,63348,38.8184349133822,-90.9530005780486,2.919,3.339,3.829,3.199,fuel,USA,USD,MapUp,PilotJ,,,,,,y,,,,,,,,,,y,,,,,,,,,,,,,,y,,,,,,,,,,,,,,,,,,,y,,,y,,,,,,,,y,,,,,,,,y,,,,,,,,,,,,,,,,,,,,,,y,,,,,,y,,,,,,,,,y,,,,y,,,,,,,,,,,,
3716,Pilot Travel Center #716,"5201 Granite Lane, Sioux Falls, SD 57107",Sioux Falls,SD,57107,43.6030460872886,-96.7675195767211,2.799,3.189,3.709,3.859,fuel,USA,USD,MapUp,PilotJ,,,,,,y,,,,,,,,,,y,,,,,,,,,,,,,y,y,,,y,,,,,,,,y,,,y,,,,,y,,,y,,,,,,,,y,,,,,,,,y,,,,,,,,,,,,,y,,,,,,,,,y,,,,,,y,,,,,,,,,y,,,,y,,,,,y,,,,,,,
3717,Pilot Travel Center #717,"3324 Highway 100, Villa Ridge, MO 63089",Villa Ridge,MO,63089,38.4757311825403,-90.851366416008,2.859,3.179,3.459,3.259,fuel,USA,USD,MapUp,PilotJ,,,,,,y,,,,,,,,,,y,,,,,,,,,,,,,,y,,,,,,,,,,,,,,,,,,,y,,,y,,,,,,,,,,,,,,,,y,,,,,,,,,,,,,,,,,,,,,,y,,,,,,y,,,,,,,,,y,,,,y,,,,,,,,,,,,
3718,Pilot Travel Center #718,"8915 Weier Road, Pevely, MO 63070",Pevely,MO,63070,38.285981,-90.405087,2.979,3.419,3.939,3.259,fuel,USA,USD,MapUp,PilotJ,,,,,,y,,,,,,,,,,y,,,,,,,,,,,,,,y,,,,,,,,,,,,,,,,,,,,,,y,,,,,,,,,,,,,,,,y,,,,,,,,,,,,,,,,,,,,,,y,,,,,,y,,,,,,,,,y,,,,y,,,,,,,,,,,,
3719,Pilot Travel Center #719,"2945 Burr Street, Gary, IN 46406",Gary,IN,46406,41.5653825736328,-87.4025206667953,3.259,3.689,4.259,3.659,fuel,USA,USD,MapUp,PilotJ,,,,,,y,,,,,,,,,,y,,,,,,,,,,,,,,y,,,y,,,,,,,,,,,,,,,,y,,,y,,,,,,,,y,,,,,,,,y,,,,,,,,,,,,,,,,,,,,,,y,,,,,,y,,,,,,,,,y,,,,y,,,,,,,,,,,,
34649,Pilot Travel Center #4649,"713 Oakland Circle, Raphine, VA 24472",Raphine,VA,24472,37.932485,-79.23143,2.879,3.379,3.879,3.899,fuel,USA,USD,MapUp,PilotJ,,,,y,,,,,,,,,,,,y,,,,,,,,,,,,,y,y,,,y,,,,,,,,,,,,,,,,y,,,y,,,,,,,,y,y,,,,,,,y,,,,,,,,,,,,,,,,,,,,,,y,,,,,,y,,,,,,,,,y,,,,y,,,,,,,,,,,,
31396,Pilot Travel Center #1396,"21251 Route 322, Strattanville, PA 16258",Strattanville,PA,16258,41.1841553986371,-79.2455857532485,,,,3.959,fuel,USA,USD,MapUp,PilotJ,,,,,,,,,,,,,,,,,,,,,,,,,,,,,,,,,,,,,,,,,,,,,,,,,,,,,,,,,,,,,,,,,,,,y,,,,,,,,,,,,,,,,,,,,,,,,,,,,,,,,,,,,,,,,,,,,,,,,,,,,,
31395,Pilot Travel Center #1395,"22535 S Las Vegas Blvd, Jean, NV 89019",Jean,NV,89019,35.7797950289096,-115.324683138923,,,,3.599,fuel,USA,USD,MapUp,PilotJ,,,,,,y,,,,,,,,,,,,,,,,,,,,,,,y,,,,,,,,,,,,y,,,,,,,,,,,y,,,,,,,,,,,,,,,,y,,,,,,,,,,,,,,,,,,,,,,,,,,,,,,,,,,,,,y,,,,y,,,,,,,,,,,,
31393,Pilot Travel Center #1393,"904 W. Barbours Cut Blvd, La Porte, TX 77571",La Porte,TX,77571,29.673774,-95.0286691,,,,3.199,fuel,USA,USD,MapUp,PilotJ,,,,,,y,,,,,,,,,,y,,,,,,,,,,,,,,,,,,,,,,,,,,,,,,,,,y,,,y,,,,,,,,y,,,,,,,,y,,,,,,,,,,,,,,,,,,,,,,y,,,,,,y,,,,,,,,,y,,,,y,,,,,,,,,,,,
31390,Pilot Travel Center #1390,"130 Interstate Exchange Way, Ellabell, GA 31308",Ellabell,GA,31308,32.1822243257509,-81.4569354770324,2.899,3.399,3.839,3.859,fuel,USA,USD,MapUp,PilotJ,,,,,,,,,,,,,,,,,,,,,,,,,,,,,,,,,,,,,,,,,,,,,,,,,,,,,,,,,,,,,,,,,,,,,,,,,,,,,,,,,,,,,,,,,,,,,,,,,,,,,,,,,,,,,,,,,,,,,,,,,
31149,Pilot Travel Center #1149,"3515 Zoo Parkway, Jacksonville, FL 32226",Jacksonville,FL,32226,30.4128833,-81.5716908,3.259,3.709,4.079,3.859,fuel,USA,USD,MapUp,PilotJ,,,,,,,,,,,,,,,,y,,,,,,,,,,,,,y,,,,,,,,,,,,,,,,,,,,y,,,y,,,,,,,,y,,,,,,,,y,,,,,,,,,,,,,,,,,,,,,,,,,,,,y,,,,,,,,,y,,,,,,,,,,,,,,,,
3960,Location #960,"543 Cleveland Avenue N., St. Paul, MN 55114",St. Paul,MN,55114,44.9575985884861,-93.1877419039891,2.999,,4.049,3.559,fuel,USA,USD,MapUp,PilotJ,,,,,,,,,,,,,,,,,,,,,,,,,,,,,,,,,,,,,,,,,,,,,,,,,,,,y,,,,,,,,,,,,,,,,y,,,,,,,,,,,,,,,,,,,,,,,,,,,,,,,,,,,,,,,,,,,,,,,,,,,,,
3961,Location #961,"800 Lone Oak Rd, Eagan, MN 55121",Eagan,MN,55121,44.8469822543042,-93.1266389900916,2.679,,3.219,3.659,fuel,USA,USD,MapUp,PilotJ,,,,,,,,,,,,,,,,,,,,,,,,,,,,,,,,,,,,,,,,,,,,,,,,,,,,y,,,,,,,,,,,,,,,,y,,,,,,,,,,,,,,,,,,,,,,,,,,,,y,,,,,,,,,,,,,,,,,,,,,,,,,
31147,Pilot Travel Center #1147,"127 W State Hwy 302, Kermit, TX 79745",Kermit,TX,79745,31.8434898998409,-103.103936964279,3.299,3.799,4.169,3.599,fuel,USA,USD,MapUp,PilotJ,,,,,,,,,,,,,,,,y,,,,,,,,,,,,,y,y,,,,,,,,,,,y,,,,,,,,y,,,y,,,,,,,,y,,,,,,,,y,,,,,,,,,,,,,,,,,,,,,,y,,,,,,y,,,,,,,,,y,,,,,,,,,,,,,,,,
31146,Pilot Travel Center #1146,"2500 South Bickley Ave, Pecos, TX 79772",Pecos,TX,79772,31.4011483553306,-103.520393619573,2.859,3.239,3.519,3.559,fuel,USA,USD,MapUp,PilotJ,,,,,,y,,,,,,,,,,y,,,,,,,,,,,,,y,y,,,,,,,,,,,,,,,,,,,y,,,y,,,,,,,,y,,,,,,,,y,,,,,,,,,,,,,,,,,,,,,,y,,,,,,y,,,,,,,,,y,,,,y,,,,,y,,,,,,,
3720,Pilot Travel Center #720,"1420 Hwy 96 North, Fairview, TN 37062",Fairview,TN,37062,36.026395,-87.17167,2.749,3.249,3.639,3.599,fuel,USA,USD,MapUp,PilotJ,,,,,,y,,,,,,,,,,y,,,,,,,,,,,,,y,,,,y,,,,,,,,y,,,y,,,,,y,,,y,,,,,,,,y,,,,,,,,y,,,,,,,,,,,,,y,,,,,,,,,y,,,,,,y,,,,,,,,,y,,,,y,,,,,y,,,,,,,
3963,Pilot Travel Center #963,"3709 S Geiger Blvd, Spokane, WA 99224",Spokane,WA,99224,47.6205340404093,-117.506947949737,,,,3.999,fuel,USA,USD,MapUp,PilotJ,,,,,,y,,,,,,,,,,y,,,,,,,,,,,,,,y,,,,,,,,,,,,,,,,,,,y,,,y,,,,,,,,y,,,,,,,,y,,,,,,,,,,,,,y,,,,,,,,,y,,,,,,,,,,,,,,,y,,,,,,,,,,,,,,,,
3721,Pilot Travel Center #721,"4610 South Harding Street, Indianapolis, IN 46217",Indianapolis,IN,46217,39.6974762697121,-86.1879752870331,2.879,3.379,3.879,3.399,fuel,USA,USD,MapUp,PilotJ,,,,,,y,,,,,,,,,,y,,,,,,,,,,,,,,y,,,,,,,,,,,,,,,,,,,y,,,y,,,,,,,,y,y,,,,,,,y,,,,,,,,y,,,,,,,,,,,,,,y,,,,,,y,,,,,,,,,y,,,,y,,,,,,,,,,,,
31145,Pilot Travel Center #1145,"11501 State Highway 191, Midland, TX 79707",Midland,TX,79707,31.96760254,-102.252332582,2.899,3.289,3.599,3.699,fuel,USA,USD,MapUp,PilotJ,,,,,,y,,,,,,,,,,,,,,,,,,,,,,,,,,,y,,,,,,,,,,,,,,,,y,,,y,,,,,,,,y,,,,,,,,y,,,,,,,,,,,,,,,,,,,,,,y,,,,,,y,,,,,,,,,y,,,,,,,,,y,,,,,,,
3722,Pilot Travel Center #722,"800 Watt Road, Knoxville, TN 37932",Knoxville,TN,37932,35.8812008,-84.235965,2.759,3.209,3.649,3.569,fuel,USA,USD,MapUp,PilotJ,,,,y,,,,,,,,,,,,y,,,,,,,,,y,,,,y,y,,,y,,,,,,,,y,,,y,,,,,y,,,y,,,,,,,,y,y,,,,,,,y,,,,,,,,,,,,,y,,,,,,,,,y,,,,,,y,,,,,,,,,y,,,,y,,,,,y,,,,,,,
3965,Pilot Travel Center #965,"2300 S Canyon Rd, Ellensburg, WA 98926",Ellensburg,WA,98926,46.9706732505955,-120.537663525131,,,,4.079,fuel,USA,USD,MapUp,PilotJ,,,,,,y,,,,,,,,,,y,,,,,,,,,,,,,,y,,,,,,,,,,,y,,,,,,,,y,,,y,,,,,,,,y,,,,,,,,y,,,,,,,,,,,,,y,,,,,,,,,y,,,,,,,,,,,,,,,y,,,,,,,,,y,,,,,,,
3723,Pilot Travel Center #723,"9601 I-40 E Exit 76, Amarillo, TX 79118",Amarillo,TX,79118,35.1936859330481,-101.723511979098,2.559,3.059,3.389,3.359,fuel,USA,USD,MapUp,PilotJ,,,,y,,y,,,,,,,,,,y,,,,,,,,,,,,,y,y,,,y,,,,,,,,y,,,y,,,,,y,,,y,,,,,,,,y,y,,,,,,,y,,,,,,,,,,,,,y,,,,,,,,,y,,,,,,y,,,y,,,,,,y,,,,y,,,,,y,,,,,,,
3966,Pilot Travel Center #966,"650 W Front Street, Battle Mountain, NV 89820",Battle Mountain,NV,89820,40.6496453501144,-116.945011846557,2.999,3.199,3.399,3.699,fuel,USA,USD,MapUp,PilotJ,,,,,,y,,,,,,,,,,,,,,,,,,,,,,,,y,,,,,,,,,,,y,,,,,,,,y,,,y,,,,,,,,y,,,,,,,,y,,,,,,,,,,,,,y,,,,,,,,,y,,,,,,,,,,,,,,,y,,,,,,,,,y,,,,,,,
3724,Pilot Travel Center #724,"3001 Mountain Pass Blvd, Anthony, TX 79821",Anthony,TX,79821,31.9964392527692,-106.57985003572,2.659,3.129,3.539,3.859,fuel,USA,USD,MapUp,PilotJ,,,,y,,y,,,,,,,,,,y,,,,,,,,,,,,,y,y,,,y,,,,,,,,y,,,y,,,,,y,,,y,,,,,,,,y,y,,,,,,,y,,,,,,,,,,,,,y,,,,,,,,,y,,,,,,y,,,y,,,,,,y,,,,y,,,,,y,,,,,,,
3725,Pilot Travel Center #725,"1876 East Freeway, Baytown, TX 77521",Baytown,TX,77521,29.7953976,-95.0329785,2.499,2.999,3.499,3.599,fuel,USA,USD,MapUp,PilotJ,,,,y,,y,,,,,,,,,,y,,,,,,,,,,,,,y,y,,,y,,,,,,,,y,,,y,,,,,y,,,y,,,,,,,,y,y,,,,,,,y,,,,,,,,,,,,,y,,,,,,,,,y,,,,,,y,,,,,,,,,y,,,,y,,,,,y,,,,,,,
3967,Pilot Travel Center #967,"6606 E. Broadway Avenue, Spokane, WA 99212",Spokane,WA,99212,47.6632867035804,-117.31600416204,,,,4.299,fuel,USA,USD,MapUp,PilotJ,,,,,,y,,,,,,,,,,y,,,,,,,,,,,,,,y,,,,,,,,,,,y,,,,,,,,y,,,y,,,,,,,,y,,,,,,,,y,,,,,,,,,,,,,y,,,,,,,,,y,,,,,,,,,,,,,,,y,,,,,,,,,,,,,,,,
34656,Pilot Travel Center #4656,"4610 County Drive, Disputanta, VA 23842",Disputanta,VA,23842,37.1847123834277,-77.3182848048935,2.999,3.499,3.939,3.859,fuel,USA,USD,MapUp,PilotJ,,,,,,,,,,,,,,,,,,,,,,,,,,,,,y,y,,,y,,,,,,,,,,,,,,,,y,,,y,,,,,,,,y,y,,,,,,,y,,,,,,,,,,,,,,,,,,,,,,y,,,,,,y,,,,,,,,,y,,,,y,,,,,,,,,,,,
3726,Pilot Travel Center #726,"7425 Bonnie View Road, Dallas, TX 75241",Dallas,TX,75241,32.6564432844011,-96.7515924748687,2.759,3.239,3.639,3.299,fuel,USA,USD,MapUp,PilotJ,,,,,,y,,,,,,,,,,y,,,,,,,,,,,,,y,y,,,y,,,,,,,,y,,,,,,,,y,,,y,,,,,,,,y,y,,,,,,,y,,,,,,,,,,,,,y,,,,,,,y,,y,,,,,,y,,,y,,,,,,y,,,,y,,,,,y,,,,,,,
3727,Pilot Travel Center #727,"1305 East Monte Cristo Road, Edinburg, TX 78539",Edinburg,TX,78539,26.3363356117539,-98.1435810859832,2.899,3.399,3.759,3.459,fuel,USA,USD,MapUp,PilotJ,,,,,,y,,,,,,,,,,y,,,,,,,,,,,,,y,y,,,y,,,,,,,,y,,,y,,,,,y,,,y,,,,,,,,y,,,,,,,,y,,,,,,,,,,,,,y,,,,,,,,,y,,,,,,y,,,,,,,,,y,,,,y,,,,,y,,,,,,,
3728,Pilot Travel Center #728,"1301 Horizon Blvd, El Paso, TX 79928",El Paso,TX,79928,31.6620526009505,-106.238087947082,2.799,3.239,3.629,3.599,fuel,USA,USD,MapUp,PilotJ,,,,,,y,,,,,,,,,,y,,,,,,,,,,,,,y,y,,,y,,,,,,,,y,,,y,,,,,y,,,y,,,,,,,,y,y,,,,,,,y,,,,,,,,,,,,,y,,,,,,,y,,y,,,,,,y,,,,,,,,,y,,,,y,,,,,y,,,,,,,
3729,Pilot Travel Center #729,"15919 North Freeway, Houston, TX 77090",Houston,TX,77090,29.9990763716555,-95.4272807447052,2.599,3.099,3.599,3.599,fuel,USA,USD,MapUp,PilotJ,,,,y,,y,,,,,,,,,,y,,,,,,,,,,,,,,y,,,y,,,,,,,,y,,,y,,,,,y,,,y,,,,,,,,y,y,,,,,,,y,,,,,,,,,,,,,y,,,,,,,,,y,,,,,,y,,,,,,,,,y,,,,y,,,,,y,,,,,,,
31165,Pilot Travel Center #1165,"410 E Kansas Ave, Jal, NM 88252",Jal,NM,88252,32.1204474,-103.1886447,3.199,3.699,3.999,3.799,fuel,USA,USD,MapUp,PilotJ,,,,,,y,,,,,,,,,,y,,,,,,,,,,,,,y,,,,,,,,,,,,,,,,,,,,y,,,y,,,,,,,,y,,,,,,,,y,,,,,,,,,,,,,,,,,,,,,,y,,,,,,y,,,,,,,,,y,,,,y,,,,,y,,,,,,,
31163,Pilot Travel Center #1163,"6406 Emlenton Clintonville Rd, Emlenton, PA 16373",Emlenton,PA,16373,41.1753306309157,-79.7400044558197,,,,4.069,fuel,USA,USD,MapUp,PilotJ,,,,,,y,,,,,,,,,,y,,,,,,,,,,,,,,,,,,,,,,,,,y,,,,,,,,y,,,y,,,,,,,,y,,,,,,,,y,,,,,,,,,,,,,,,,,,,,,,y,,,,,,y,,,,,,,,,y,,,,,,,,,y,,,,,,,
31161,Pilot Travel Center #1161,"3145 Meteor Crater Rd., Odessa, TX 79766",Odessa,TX,79766,31.7847460608976,-102.476788976686,2.799,3.259,3.719,3.459,fuel,USA,USD,MapUp,PilotJ,,,,,,y,,,,,,,,,,y,,,,,,,,,,,,,y,,,,y,,,,,,,,,,,,,,,,y,,,y,,,,,,,,y,,,,,,,,y,,,,,,,,,,,,,,,,,,,,,,y,,,,,,y,,,,,,,,,y,,,,y,,,,,y,,,,,,,
3970,Pilot Travel Center #970,"2216 E Hillsboro Road, Pasco, WA 99301",Pasco,WA,99301,46.2623225397622,-119.082213685844,3.679,,,4.409,fuel,USA,USD,MapUp,PilotJ,,,,,,y,,,,,,,,,,y,,,,,,,,,,,,,,y,,,,,,,,,,,,,,,,,,,y,,,y,,,,,,,,y,,,,,,,,y,,,,,,,,,,,,,,,,,,,,,,y,,,,,,,,,,,,,,,y,,,,,,,,,,,,,,,,
3730,Pilot Travel Center #730,"1011 Beltway Parkway, Laredo, TX 78045",Laredo,TX,78045,27.6852574666143,-99.4650538293609,2.799,3.289,3.519,3.799,fuel,USA,USD,MapUp,PilotJ,,,,y,,y,,,,,,,,,,y,,,,,,,,,,,,,y,y,,,y,,,,,,,,y,,,,,,,,y,,,y,,,,,,,,y,y,,,,,,,y,,,,,,,,,,,,,y,,,,,,,y,,y,,,,,,y,,,,,,,,,y,,,,y,,,,,y,,,,,,,
31399,Pilot Travel Center #1399,"15112 West Camelback Road, Glendale, AZ 85340",Glendale,AZ,85340,33.5086,-112.384,,,,3.899,fuel,USA,USD,MapUp,PilotJ,,,,,,,,,,,,,,,,,,,,,,,,,,,,,,,,,,,,,,,,,,,,,,,,,,,,,,,,,,,,,,,,,,,,,,,,,,,,,,,,,,,,,,,,,,,,,,,,,,,,,,,,,,,,,,,,,,,,,,,,,
3731,Pilot Travel Center #731,"140 Holwager Road, Spiceland, IN 47385",Spiceland,IN,47385,39.8505710052327,-85.4177168822784,2.999,3.459,3.999,3.599,fuel,USA,USD,MapUp,PilotJ,,,,,,y,,,,,,,,,,y,,,,,,,,,,,,,,,,,y,,,,,,,,,,,,,,,,y,,,y,,,,,,,,y,,,,,,,,y,,,,,,,,,,,,,,,,,,,,,,y,,,,,,y,,,,,,,,,y,,,,y,,,,,,,,,,,,
3732,Pilot Travel Center #732,"2840 Salt Spring Road, Girard, OH 44420",Girard,OH,44420,41.1392070771117,-80.7178430919265,3.149,3.649,4.149,3.399,fuel,USA,USD,MapUp,PilotJ,,,,,,y,,,,,,,,,,y,,,,,,,,,,,,,,,,,y,,,,,,,,,,,,,,,,y,,,y,,,,,,,,y,,,,,,,,y,,,,,,,,,,,,,,,,,,,,,,y,,,,,,y,,,,,,,,,y,,,,y,,,,,,,,,,,,
3733,Pilot Travel Center #733,"602 4Th Street, Lubbock, TX 79401",Lubbock,TX,79401,33.5931213219457,-101.841112915869,2.549,3.019,3.329,3.559,fuel,USA,USD,MapUp,PilotJ,,,,,,y,,,,,,,,,,y,,,,,,,,,,,,,y,y,,,y,,,,,,,,y,,,y,,,,,y,,,y,,,,,,,,y,,,,,,,,y,,,,,,,,,,,,,y,,,,,,,,,y,,,,,,y,,,,,,,,,y,,,,y,,,,,y,,,,,,,
3734,Pilot Travel Center #734,"23412 Hwy 242, New Caney, TX 77357",New Caney,TX,77357,30.192565059628,-95.1926868465576,2.699,3.199,3.659,3.479,fuel,USA,USD,MapUp,PilotJ,,,,y,,y,,,,,,,,,,y,,,,,,,,,,,,,y,y,,,y,,,,,,,,y,,,y,,,,,y,,,y,,,,,,,,y,,,,,,,,y,,,,,,,,,,,,,y,,,,,,,,,y,,,,,,y,,,,,,,,,y,,,,y,,,,,y,,,,,,,
3735,Pilot Travel Center #735,"7112 I-10 West, Orange, TX 77630",Orange,TX,77630,30.116361364974,-93.8197013214264,2.459,2.959,3.459,3.599,fuel,USA,USD,MapUp,PilotJ,,,,y,,y,,,,,,,,,,y,,,,,,,,,,,,,y,y,,,y,,,,,,,,y,,,y,,,,,y,,,y,,,,,,,,y,y,,,,,,,y,,,,,,,,,,,,,y,,,,,,,,,y,,,,,,y,,,,,,,,,y,,,,y,,,,,y,,,,,,,
3736,Pilot Travel Center #736,"100 E Pinehurst, Pecos, TX 79772",Pecos,TX,79772,31.4009881649617,-103.486576374343,2.859,3.359,3.709,3.659,fuel,USA,USD,MapUp,PilotJ,,,,y,,y,,,,,,,,,,y,,,,,,,,,,,,,y,y,,,,,,,,,,,y,,,,,,,,y,,,y,,,,,,,,y,,,,,,,,y,,,,,,,,,,,,,y,,,,,,,,,y,,,,,,y,,,,,,,,,y,,,,y,,,,,y,,,,,,,
3737,Pilot Travel Center #737,"1815 N Foster Road, San Antonio, TX 78244",San Antonio,TX,78244,29.44620128666,-98.3618308895492,2.829,3.329,3.789,3.559,fuel,USA,USD,MapUp,PilotJ,,,,,,y,,,,,,,,,,y,,,,,,,,,,,,,y,y,,,y,,,,,,,,y,,,y,,,,,y,,,y,,,,,,,,y,y,,,,,,,y,,,,,,,,,,,,,y,,,,,,,,,y,,,,,,y,,,,,,,,,y,,,,y,,,,,y,,,,,,,
3738,Pilot Travel Center #738,"I-20 Exit 277 101 N Fm 707, Tye, TX 79563",Tye,TX,79563,32.4609879424095,-99.8721959539672,2.599,3.099,3.199,3.659,fuel,USA,USD,MapUp,PilotJ,,,,y,,y,,,,,,,,,,y,,,,,,,,,,,,,y,y,,,y,,,,,,,,y,,,,,,,,y,,,y,,,,,,,,y,y,,,,,,,y,,,,,,,,,,,,,y,,,,,,,,,y,,,,,,y,,,,,,,,,y,,,,y,,,,,y,,,,,,,
3739,Pilot Travel Center #739,"2409 S New Road, Waco, TX 76711",Waco,TX,76711,31.5075712,-97.1451705,2.559,3.059,3.449,3.499,fuel,USA,USD,MapUp,PilotJ,,,,,,y,,,,,,,,,,y,,,,,,,,,,,,,y,y,,,y,,,,,,,,y,,,y,,,,,y,,,y,,,,,,,,y,,,,,,,,y,,,,,,,,,,,,,y,,,,,,,,,y,,,,,,y,,,,,,,,,y,,,,y,,,,,y,,,,,,,
37937,Pilot Travel Center #7937,"907 Knox Road, Mcleansville, NC 27301",Mcleansville,NC,27301,36.0608564765866,-79.6622849037048,2.949,3.449,3.949,3.699,fuel,USA,USD,MapUp,PilotJ,,,,,,,,,,,,,,,,,,,,,,,,,,,,,y,y,,,,,,,,,,,,,,,,,,,,,,y,,,,,,,,y,,,,,,,,y,,,,,,,,,,,,,,,,,,,,,,y,,,,,,y,,,,,,,,,,,,,y,,,,,,,,,,,,
31175,Pilot Travel Center #1175,"14905 Cordes Lake Road, Cordes Lake, AZ 86333",Cordes Lake,AZ,86333,34.327449,-112.1181474,2.999,3.499,3.939,4.059,fuel,USA,USD,MapUp,PilotJ,,,,y,,,,,,,,,,,,y,,,,,,,,,,,,,,,,,,,,,,,,,,,,y,,,,,y,,,,,,,,,,,y,,,,,,,,y,,,,,,,,,,,,,,,,,,,,,,,,,,,,y,,,,,,,,,y,,,,,,,,,,,,,,,,
31174,Pilot Travel Center #1174,"104 West Trefz Drive, Marshall, IL 62441",Marshall,IL,62441,39.419042376,-87.695321274,3.099,3.499,3.949,3.859,fuel,USA,USD,MapUp,PilotJ,,,,,,y,,,,,,,,,,y,,,,,,,,,,,,,,,,,y,,,,,,,,,,,,,,,,y,,,y,,,,,,,,y,y,,,,,,,y,,,,,,,,,,,,,,,,,,,,,,y,,,,,,y,,,,,,,,,y,,,,y,,,,,y,,,,,,,
31173,Location #1173,"1440 Puyallup Ave, Tacoma, WA 98421",Tacoma,WA,98421,47.2417324294935,-122.412149417196,3.899,4.199,4.539,4.559,fuel,USA,USD,MapUp,PilotJ,,,,,,,,,,,,,,,,,,,,,,,,,,,,,y,,,,,,,,,,,,,,,,,,,,y,,,,,,,,,,,,y,,,,,,,y,,,,,,,,,,,,,,,,,,,,,,,,,,,,,,,,,,,,,,,,,,,,,,,,,,,,,
31171,Pilot Travel Center #1171,"1057 S. Lower Flat Top Drive, Mesquite, NV 89027",Mesquite,NV,89027,36.7841675,-114.1400244,4.299,3.799,3.999,3.959,fuel,USA,USD,MapUp,PilotJ,,,,,,,,,,,,,,,,,,,,,,,,,,,,,,,,,y,,,,,,,,,,,,,,,,,,,y,,,,,,,,y,,,,,,,,y,,,,,,,,,,,,,,,,,,,,,,y,,,,,,y,,,,,,,,,y,,,,,,,,,,,,,,,,
3740,Pilot Travel Center #740,"204 South Waller Ave, Brookshire, TX 77423",Brookshire,TX,77423,29.7799667875655,-95.9521512883606,2.599,3.099,3.599,3.839,fuel,USA,USD,MapUp,PilotJ,,,,y,,y,,,,,,,,,,y,,,,,,,,,,,,,y,y,,,y,,,,,,,,y,,,y,,,,,y,,,y,,,,,,,,y,,,,,,,,y,,,,,,,,,,,,,y,,,,,,,,,y,,,,,,y,,,,,,,,,y,,,,y,,,,,y,,,,,,,
31169,Pilot Travel Center #1169,"2725 93rd Ave SW, Tumwater, WA 98512",Tumwater,WA,98512,46.9521816948,-122.940765166251,3.659,3.959,4.259,4.559,fuel,USA,USD,MapUp,PilotJ,,,,,,y,,,,,,,,,,y,,,,,,,,,,,,,y,,,,y,,,,,,,,,,,y,y,,,,y,,,y,,,,,,,,y,y,,,,,,,y,,,,,,,,,,,,,,,,,,,,,,y,,,,,,y,,,,,,,,,y,,,,y,,,,,y,,,,,,,
3741,Pilot Travel Center #741,"2311 Jacksboro Highway, Wichita Falls, TX 76301",Wichita Falls,TX,76301,33.8903108888775,-98.4829059269836,2.499,2.999,3.379,3.359,fuel,USA,USD,MapUp,PilotJ,,,,,,y,,,,,,,,,,y,,,,,,,,,,,,,,y,,,y,,,,,,,,y,,,y,,,,,y,,,y,,,,,,,,y,,,,,,,,y,,,,,,,,,,,,,y,,,,,,,,,y,,,,,,y,,,,,,,,,y,,,,y,,,,,y,,,,,,,
3500,Pilot Travel Center #500,"8067 W FL-6, Jasper, FL 32052",Jasper,FL,32052,30.5163005,-83.0587583,2.999,3.409,3.859,3.859,fuel,USA,USD,MapUp,PilotJ,,,,,,y,,,,,,,,,,y,,,,,,,,,,,,,y,y,,,y,,,,,,,,y,,,,,,,,y,,,y,,,,,,,,y,y,,,,,,,y,,,,,,,,,,,,,y,,,,,,,,,y,,,,,,y,,,,,,,,,y,,,,y,,,,,y,,,,,,,
3742,Pilot Travel Center #742,"1605 East Saddleback Blvd., Lake Point, UT 84074",Lake Point,UT,84074,40.6861463738457,-112.266454322753,2.999,3.349,3.599,3.899,fuel,USA,USD,MapUp,PilotJ,,,,,,y,,,,,,,,,,,,,,,,,,,,,,,y,,,,y,,,,,,,,y,,,y,,,,,y,,,y,,,,,,,,y,y,,,,,,,y,,,,,,,,,,,,,y,,,,,,,,,y,,,,,,y,,,,,,,,,y,,,,y,,,,,y,,,,,,,
3743,Pilot Travel Center #743,"1597 South Main Street, Nephi, UT 84648",Nephi,UT,84648,39.6851910968682,-111.836604169311,2.959,3.309,3.559,3.799,fuel,USA,USD,MapUp,PilotJ,,,,,,y,,,,,,,,,,,,,,,,,,,,,,,y,y,,,y,,,,,,,,,,,y,,,,,y,,,y,,,,,,,,y,y,,,,,,,y,,,,,,,,,,,,,y,,,,,,,,,y,,,,,,y,,,,,,,,,y,,,,y,,,,,y,,,,,,,
3744,Pilot Travel Center #744,"1172 West 21St Street, Ogden, UT 84401",Ogden,UT,84401,41.2306945,-112.0076735,2.959,3.309,3.559,3.759,fuel,USA,USD,MapUp,PilotJ,,,,y,,y,,,,,,,,,,,,,,,,,,,,,,,y,y,,,y,,,,,,,,,,,y,,,,,y,,,y,,,,,,,,y,y,,,,,,,y,,,,,,,,,,,,,y,,,,,,,,,y,,,,,,y,,,,,,,,,y,,,,y,,,,,y,,,,,,,
3503,Pilot Travel Center #503,"2309 Smithtown Road, Morgantown, WV 26508",Morgantown,WV,26508,39.5386144776634,-79.994430124012,2.999,3.499,3.849,3.899,fuel,USA,USD,MapUp,PilotJ,,,,,,y,,,,,,,,,,y,,,,,,,,,,,,,y,y,,,,,,,,,,,y,,,,,,,,y,,,y,,,,,,,,y,,,,,,,,y,,,,,,,,,,,,,,,,,,,,,,y,,,,,,y,,,,,,,,,y,,,,y,,,,,y,,,,,,,
3746,Pilot Travel Center #746,"2025 S 900 W, Salt Lake City, UT 84104",Salt Lake City,UT,84104,40.7266490624059,-111.915592218047,2.959,3.309,3.559,3.799,fuel,USA,USD,MapUp,PilotJ,,,,,,y,,,,,,,,,,,,,,,,,,,,,,,y,y,,,y,,,,,,,,y,,,y,,,,,y,,,y,,,,,,,,y,y,,,,,,,y,,,,,,,,,,,,,y,,,,,,,,,y,,,,,,y,,,,,,,,,y,,,,y,,,,,y,,,,,,,
3504,Pilot Travel Center #504,"3817 N Highway 97, Klamath Falls, OR 97601",Klamath Falls,OR,97601,42.256708,-121.798342,3.499,3.929,4.269,3.879,fuel,USA,USD,MapUp,PilotJ,,,,,,y,,,,,,,,,,y,,,,,,,,,y,,,,y,y,,,y,,,,,,,,y,,,y,,,,,y,,,y,,,,,,,,y,,,,,,,,y,,,,,,,,,,,,,,,,,,,,,,y,,,,,,y,,,,,,,,,y,,,,y,,,,,y,,,,,,,
3747,Pilot Travel Center #747,"1460 N 1750 W, Springville, UT 84663",Springville,UT,84663,40.1875538466513,-111.641564220901,2.999,3.349,3.599,3.799,fuel,USA,USD,MapUp,PilotJ,,,,,,y,,,,,,,,,,,,,,,,,,,,,,,y,y,,,y,,,,,,,,y,,,y,,,,,y,,,y,,,,,,,,y,y,,,,,,,y,,,,,,,,,,,,,y,,,,,,,,,y,,,,,,y,,,,,,,,,y,,,,y,,,,,y,,,,,,,
3748,Pilot Travel Center #748,"600 West 750 North, Willard, UT 84340",Willard,UT,84340,41.423985,-112.051637,2.979,3.329,3.579,3.759,fuel,USA,USD,MapUp,PilotJ,,,,,,y,,,,,,,,,,,,,,,,,,,,,,,y,y,,,y,,,,,,,,,,,y,,,,,,,,y,,,,,,,,y,y,,,,,,,y,,,,,,,,,,,,,y,,,,,,,,,y,,,,,,y,,,,,,,,,y,,,,y,,,,,y,,,,,,,
3749,Pilot Travel Center #749,"24279 Rogers Clark Blvd, Carmel Church, VA 22546",Carmel Church,VA,22546,37.9336097971881,-77.473120486647,2.839,3.339,3.789,3.859,fuel,USA,USD,MapUp,PilotJ,,,,,,,,,,,,,,,,,,,,,,,,,,,,,y,y,,,y,,,,,,,,y,,,,,,,,y,,,y,,,,,,,,y,y,,,,,,,y,,,,,,,,,,,,,,,,,,,,,,y,,,,,,y,,,,,,,,,y,,,,y,,,,,y,,,,,,,
3507,Pilot Travel Center #507,"11710 North Interstate 35, Jarrell, TX 76537",Jarrell,TX,76537,30.8114905054928,-97.6113528908767,,,,3.499,fuel,USA,USD,MapUp,PilotJ,,,,,,,,,,,,,,,,,,,,,,,,,,,,,,y,,,,,,,,,,,y,,,,,,,,,,,y,,,,,,,,y,,,,,,,,y,,,,,,,,,,,,,,,,,,,,,,y,,,,,,y,,,,,,,,,y,,,,y,,,,,y,,,,,,,
3509,Pilot Travel Center #509,"653 West 1400 North, Beaver, UT 84713",Beaver,UT,84713,38.2929847154924,-112.65292841468,3.999,3.699,3.899,3.799,fuel,USA,USD,MapUp,PilotJ,,,,,,,,,,,,,,,,,,,,,,,,,,,,,,,,,y,,,,,,,,y,,,,,,,,,,,,,,,,,,,y,,,,,,,,y,,,,,,,,,,,,,y,,,,,,,,,y,,,,,,y,,,,,,,,,y,,,,y,,,,,y,,,,,,,
31185,Pilot Travel Center #1185,"4031 Fleet Street 818, Littlefield, AZ 86423",Littlefield,AZ,86423,36.8972,-113.910531,4.499,3.699,3.899,3.959,fuel,USA,USD,MapUp,PilotJ,,,,,,y,,,,,,,,,,y,,,,,,,,,,,,,,,,,,,,,,,,,,,,,,,,,,,,y,,,,,,,,y,,,,,,,,y,,,,,,,,,,,,,,,,,,,,,,y,,,,,,y,,,,,,,,,y,,,,y,,,,,,,,,,,,
31181,Pilot Travel Center #1181,"1201 East IL Route 38, Rochelle, IL 61068",Rochelle,IL,61068,41.9355634762858,-89.0174939768463,3.189,3.589,4.039,3.899,fuel,USA,USD,MapUp,PilotJ,,,,,,,,,,,,,,,,,,,,,,,,,,,,,,,,,,,,,,,,,,,,,,,,,,,,,,,,,,,,,,,,,,,,,,,,,,,,,,,,,,,,,,,,,,,,,,,,,,,,,,,,,,,,,,,,,,,,,,,,,
31180,Pilot Travel Center #1180,"41112 West Indian School Road, Tonopah, AZ 85354",Tonopah,AZ,85354,33.4941504083991,-112.937877272491,3.299,3.769,4.299,3.959,fuel,USA,USD,MapUp,PilotJ,,,,,,y,,,,,,,,,,y,,,,,,,,,,,,,y,,,,,,,,,,,,,,,y,,,,,y,,,y,,,,,,,,y,y,,,,,,,y,,,,,,,,,,,,,,,,,,,,,,y,,,,,,y,,,,,,,,,y,,,,y,,,,,,,,,,,,
3750,Pilot Travel Center #750,"139 Factory Outlet Drive, Fort Chiswell, VA 24360",Fort Chiswell,VA,24360,36.9449358593625,-80.9460536871719,2.959,3.459,3.859,3.879,fuel,USA,USD,MapUp,PilotJ,,,,y,,y,,,,,,,,,,y,,,,,,,,,,,,,y,y,,,y,,,,,,,,y,,,,,,,,y,,,y,,,,,,,,y,y,,,,,,,y,,,,,,,,y,,,,,y,,,,,,,,,y,,,,,,y,,,,,,,,,y,,,,y,,,,,y,,,,,,,
3510,Pilot Travel Center #510,"810 North 800 West, Scipio, UT 84656",Scipio,UT,84656,39.2555396926414,-112.117404358474,3.099,3.399,3.599,3.799,fuel,USA,USD,MapUp,PilotJ,,,,,,,,,,,,,,,,,,,,,,,,,,,,,,,,,,,,,,,,,,,,,,,,,,,,y,,,,,,,,y,,,,,,,,y,,,,,,,,,,,,,,,,,,,,,,y,,,,,,y,,,,,,,,,y,,,,y,,,,,,,,,,,,
3752,Pilot Travel Center #752,"1530 Rest Church Rd, Winchester, VA 22624",Winchester,VA,22624,39.2901824027335,-78.0869307189102,2.999,3.489,3.929,3.959,fuel,USA,USD,MapUp,PilotJ,,,,y,,,,,,,,,,,,y,,,,,,,,,,,,,y,y,,,y,,,,,,,,y,,,,,,,,y,,,y,,,,,,,,y,y,,,,,,,y,,,,,,,,,,,,,,,,,,,,,,y,,,,,,y,,,,,,,,,y,,,,y,,,,,y,,,,,,,
3511,Pilot Travel Center #511,"3825 Business Loop I-94, Mandan, ND 58554",Mandan,ND,58554,46.8609900823786,-101.010178017196,,,,3.699,fuel,USA,USD,MapUp,PilotJ,,,,,,y,,,,,,,,,,,,,,,,,,,,,,,,y,,,,,,,,,,,y,,,,,,,,y,,,y,,,,,,,,y,,,,,,,,y,,,,,,,,,,,,,y,,,,,,,,,y,,,,,,y,,,,,,,,,y,,,,y,,,,,y,,,,,,,
3753,Pilot Travel Center #753,"23818 Rogers Clark Blvd., Ruther Glen, VA 22546",Ruther Glen,VA,22546,37.9395098,-77.4658284,2.799,3.299,3.739,3.399,fuel,USA,USD,MapUp,PilotJ,,,,,,y,,,,,,,,,,y,,,,,,,,,,,,,,y,,,,,,,,,,,,,,,,,,,y,,,y,,,,,,,,y,,,,,,,,y,,,,,,,,,,,,,,,,,,,,,,y,,,,,,y,,,,,,,,,y,,,,y,,,,,,,,,,,,
31179,Pilot Travel Center #1179,"330 N Mariposa Road, Nogales, AZ 85621",Nogales,AZ,85621,31.3387654999999,-110.9668699,,,,3.999,fuel,USA,USD,MapUp,PilotJ,,,,,,,,,,,,,,,,,,,,,,,,,,,,,,,,,,,,,,,,,,,,,,,,,,,,,,,,,,,,,,,,,,,,,,,,,,,,,,,,,,,,,,,,,,,,,,,,,,,,,,,,,,,,,,,,,,,,,,,,,
31178,Location #1178,"9255 S Rita Road, Tucson, AZ 85747",Tucson,AZ,85747,32.0843507313457,-110.803347150262,2.999,3.499,3.769,3.879,fuel,USA,USD,MapUp,PilotJ,,,,y,,,,,,,,,,,,y,,,,,,,,,,,,,,y,,,,,,,,,,,,,,y,,,,,y,,,y,,,,,,,,y,,,,,,,,y,,,,,,,,,,,,,,,,,,,,,,,,,,,,y,,,,,,,,,y,,,,,,,,,,,,,,,,
3754,Pilot Travel Center #754,"3249 Chapman Road, Wytheville, VA 24382",Wytheville,VA,24382,36.9355591098615,-80.9927724589996,2.949,3.449,3.919,3.879,fuel,USA,USD,MapUp,PilotJ,,,,,,y,,,,,,,,,,y,,,,,,,,,,,,,y,y,,,y,,,,,,,,y,,,,,,,,y,,,y,,,,,,,,y,,,,,,,,y,,,,,,,,,,,,,y,,,,,,,,,y,,,,,,y,,,y,,,,,,y,,,,y,,,,,y,,,,,,,
31177,Pilot Travel Center #1177,"14320 Slover Ave., Fontana, CA 92337",Fontana,CA,92337,34.0646348244417,-117.492936303075,4.099,4.399,4.699,4.899,fuel,USA,USD,MapUp,PilotJ,,,,,,,,,,,,,,,,,,,,,,,,,,,,,,,,,y,,,,,,,,,,,,,,,,,,,y,,,,,,,,y,y,,,,,,,y,,,,,,,,,,,,,,,,,,,,,,y,,,,,,y,,,,,,,,,,,,,,,,,,,,,,,,,
3513,Pilot Travel Center #513,"115 West Primm Blvd., Primm, NV 89019",Primm,NV,89019,35.6100439019528,-115.392059780426,,,,3.999,fuel,USA,USD,MapUp,PilotJ,,,,,,y,,,,,,,,,,,,,,,,,,,,,,,,,,,,,,,,,,,,,,,,,,,y,,,y,,,,,,,,y,,,,,,,,y,,,,,,,,,,,,,,,,,,,,,,y,,,,,,y,,,,,,,,,y,,,,y,,,,,y,,,,,,,
3756,Pilot Travel Center #756,"780 State Hwy 54, Black River Falls, WI 54615",Black River Falls,WI,54615,44.2954733208585,-90.8301757473602,2.999,3.479,3.999,3.559,fuel,USA,USD,MapUp,PilotJ,,,,y,,y,,,,,,,,,,y,,,,,,,,,,,,,y,y,,,y,,,,,,,,y,,,,,,,,y,,,y,,,,,,,,y,,,,,,,,y,,,,,,,,,,,,,y,,,,,,,,,y,,,,,,y,,,,,,,,,y,,,,y,,,,,y,,,,,,,
3514,Pilot Travel Center #514,"2903 Woodlawn Road, Lincoln, IL 62656",Lincoln,IL,62656,40.1570513919767,-89.412581067459,,,,3.799,fuel,USA,USD,MapUp,PilotJ,,,,,,y,,,,,,,,,,y,,,,,,,,,,,,,,,,,,,,,,,,,y,,,,,,,,y,,,y,,,,,,,,y,,,,,,,,y,,,,,,,,,,,,,,,,,,,,,,y,,,,,,y,,,,,,,,,y,,,,y,,,,,y,,,,,,,
3758,Pilot Travel Center #758,"41 SE Wyoming Blvd., Casper, WY 82609",Casper,WY,82609,42.8519526,-106.2695671,2.659,3.069,3.509,3.859,fuel,USA,USD,MapUp,PilotJ,,,,,,y,,,,,,,,,,,,,,,,,,,,,,,y,y,,,,,,,,,,,y,,,y,,,,,y,,,y,,,,,,,,y,,,,,,,,y,,,,,,,,,,,,,y,,,,,,,,,y,,,,,,y,,,,,,,,,y,,,,y,,,,,y,,,,,,,
3759,Pilot Travel Center #759,"2250 Etchepare Drive, Cheyenne, WY 82007",Cheyenne,WY,82007,41.0988118035332,-104.853955949737,2.839,3.159,3.449,3.599,fuel,USA,USD,MapUp,PilotJ,,,,,,y,,,,,,,,,,,,,,,,,,,,,,,y,y,,,y,,,,,,,,y,,,y,,,,,y,,,y,,,,,,,,y,,,,,,,,y,,,,,,,,,,,,,y,,,,,,,,,y,,,,,,y,,,,,,,,,y,,,,y,,,,,y,,,,,,,
3517,Pilot Travel Center #517,"30 Benvenue Road, Duncannon, PA 17020",Duncannon,PA,17020,40.40570626037,-77.0096590687866,3.399,3.879,4.289,4.459,fuel,USA,USD,MapUp,PilotJ,,,,,,y,,,,,,,,,,y,,,,,,,,,,,,,,y,,,y,,,,,,,,,,,,,,,,y,,,y,,,,,,,,y,y,,,,,,,y,,,,,,,,,,,,,,,,,,,,,,y,,,,,,y,,,,,,,,,y,,,,y,,,,,,,,,,,,
3518,Pilot Travel Center #518,"2210 Camp Swatara Road, Frystown, PA 17067",Frystown,PA,17067,40.4633928651837,-76.3398416944427,3.199,3.699,4.119,4.399,fuel,USA,USD,MapUp,PilotJ,,,,y,,,,,,,,,,,,y,,,,,,,,,,,,,y,y,,,y,,,,,,,,y,,,,,,,,y,,,y,,,,,,,,y,y,,,,,,,y,,,,,,,,,,,,,,,,,,,,y,,y,,,,,,y,,,,,,,,,y,,,,y,,,,,y,,,,,,,
37971,Pilot Travel Center #7971,"1343 Rock Barn Road, Conover, NC 28613",Conover,NC,28613,35.7209642239537,-81.1886129330658,2.799,3.299,3.789,3.959,fuel,USA,USD,MapUp,PilotJ,,,,,,,,,,,,,,,,,,,,,,,,,,,,,y,,,,y,,,,,,,,,,,,,,,,y,,,y,,,,,,,,y,y,,,,,,,y,,,,,,,,,,,,,,,,,,,,,,y,,,,,,y,,,,,,,,,,,,,y,,,,,,,,,,,,
31195,Pilot Travel Center #1195,"1307 North Dolarway Rd., Ellensburg, WA 98926",Ellensburg,WA,98926,47.0053265803774,-120.586900791693,3.899,4.399,4.679,4.299,fuel,USA,USD,MapUp,PilotJ,,,,y,,,,,,,,,,,,,,,,,,,,,,,,,,,,,y,,,,,,,,,,,,,,,,,,,y,,,,,,,,y,,,,,,,,y,,,,,,,,,,,,,,,,,,,,,,y,,,,,,y,,,,,,,,,,,,,,,,,,,,,,,,,
31194,Pilot Travel Center #1194,"3444 S. 40th St., Phoenix, AZ 85040",Phoenix,AZ,85040,33.414853,-111.995815,,,,5.999,fuel,USA,USD,MapUp,PilotJ,,,,,,,,,,,,,,,,,,,,,,,,,,,,,,,,,,,,,,,,,,,,,,,,,,,,,,,,,,,,,,,,,,,,,,,,,,,,,,,,,,,,,,,,,,,,,,,,,,,,,,,,,,,,,,,,,,,,,,,,,
31193,Pilot Travel Center #1193,"18183 S. Hwy 93, Wikieup, AZ 85360",Wikieup,AZ,85360,34.6995490821733,-113.610184524309,,,,4.099,fuel,USA,USD,MapUp,PilotJ,,,,,,,,,,,,,,,,,,,,,,,,,,,,,,,,,,,,,,,,,,,,,,,,,,,,,,,,,,,,,,,,,,,,,,,,,,,,,,,,,,,,,,,,,,,,,,,,,,,,,,,,,,,,,,,,,,,,,,,,,
31192,Pilot Travel Center #1192,"31120 N. US Hwy 60, Wittmann, AZ 85361",Wittmann,AZ,85361,33.76534,-112.51389,,,,4.999,fuel,USA,USD,MapUp,PilotJ,,,,,,,,,,,,,,,,,,,,,,,,,,,,,,,,,,,,,,,,,,,,,,,,,,,,,,,,,,,,,,,,,,,,,,,,,,,,,,,,,,,,,,,,,,,,,,,,,,,,,,,,,,,,,,,,,,,,,,,,,
3760,Pilot Travel Center #760,"10501 US Hwy 30, Cokeville, WY 83114",Cokeville,WY,83114,42.0867935351858,-110.947473388885,2.999,3.439,3.739,3.899,fuel,USA,USD,MapUp,PilotJ,,,,,,y,,,,,,,,,,,,,,,,,,,,,,,y,y,,,y,,,,,,,,,,,,,,,,y,,,y,,,,,,,,y,,,,,,,,y,,,,,,,,,,,,,y,,,,,,,,,y,,,,,,y,,,,,,,,,y,,,,y,,,,,y,,,,,,,
3761,Pilot Travel Center #761,"1920 Harrison Drive, Evanston, WY 82930",Evanston,WY,82930,41.2646871291068,-110.977760371688,2.959,3.429,3.629,3.619,fuel,USA,USD,MapUp,PilotJ,,,,,,y,,,,,,,,,,,,,,,,,,,,,,,y,y,,,y,,,,,,,,y,,,y,,,,,y,,,y,,,,,,,,y,,,,,,,,y,,,,,,,,,,,,,y,,,,,,,,,y,,,,,,y,,,,,,,,,y,,,,y,,,,,y,,,,,,,
3762,Pilot Travel Center #762,"1810 South Douglas Hwy., Gillette, WY 82718",Gillette,WY,82718,44.277109,-105.495261,2.999,3.349,3.689,3.699,fuel,USA,USD,MapUp,PilotJ,,,,,,y,,,,,,,,,,,,,,,,,,,,,,,y,y,,,,,,,,,,,y,,,y,,,,,,,,y,,,,,,,,y,,,,,,,,y,,,,,,,,,,,,,y,,,,,,,,,y,,,,,,y,,,,,,,,,y,,,,y,,,,,y,,,,,,,
3763,Pilot Travel Center #763,"I-80 Johnson Road, Rawlins, WY 82301",Rawlins,WY,82301,41.778418,-107.3099195,2.899,3.309,3.569,3.599,fuel,USA,USD,MapUp,PilotJ,,,,,,y,,,,,,,,,,,,,,,,,,,,,,,y,y,,,y,,,,,,,,y,,,y,,,,,y,,,y,,,,,,,,y,,,,,,,,y,,,,,,,,,,,,,y,,,,,,,,,y,,,,,,y,,,,,,,,,y,,,,y,,,,,y,,,,,,,
3764,Pilot Travel Center #764,"650 Stage Coach Dr., Rock Springs, WY 82901",Rock Springs,WY,82901,41.6089773001286,-109.230480244705,2.889,3.329,3.649,3.699,fuel,USA,USD,MapUp,PilotJ,,,,,,y,,,,,,,,,,,,,,,,,,,,,,,y,y,,,y,,,,,,,,y,,,y,,,,,y,,,y,,,,,,,,y,,,,,,,,y,,,,,,,,,,,,,y,,,,,,,,,y,,,,,,y,,,,,,,,,y,,,,y,,,,,y,,,,,,,
3765,Pilot Travel Center #765,"72235 Varner Rd, Thousand Palms, CA 92276",Thousand Palms,CA,92276,33.8178456280754,-116.403380694442,4.099,4.349,4.599,4.799,fuel,USA,USD,MapUp,PilotJ,,,,,,y,,,,,,,,,,y,,,,,,,,,y,,,,y,y,,,,,,,,,,,y,,,y,,,,,y,,,y,,,,,,,,y,,,,,,,,y,,,,,,,,,,,,,y,,,,,,,,,y,,,,,,y,,,,,,,,,y,,,,y,,,,,y,,,,,,,
3768,Pilot Travel Center #768,"1300 N. Corrington Avenue, Kansas City, MO 64120",Kansas City,MO,64120,39.1306808,-94.4968222,2.999,3.469,3.769,3.499,fuel,USA,USD,MapUp,PilotJ,,,,,,y,,,,,,,,,,y,,,,,,,,,,,,,y,y,,,y,,,,,,,,y,,,y,,,,,y,,,y,,,,,,,,y,,,,,,,,y,,,,,,,,,,,,,y,,,,,,,,,y,,,,,,y,,,,,,,,,y,,,,y,,,,,y,,,,,,,
37983,Pilot Travel Center #7983,"985 Peeler Road, Salisbury, NC 28147",Salisbury,NC,28147,35.6122874458937,-80.52016194841,2.959,3.459,3.849,3.799,fuel,USA,USD,MapUp,PilotJ,,,,,,,,,,,,,,,,,,,,,,,,,,,,,y,y,,,y,,,,,,,,,,,,,,,,y,,,y,,,,,,,,y,,,,,,,,y,,,,,,,,,,,,,,,,,,,,,,y,,,,,,y,,,,,,,,,,,,,y,,,,,,,,,,,,
3770,Pilot Travel Center #770,"1880 W.  Winnemucca Blvd, Winnemucca, NV 89445",Winnemucca,NV,89445,40.9602428398246,-117.748152317179,3.239,3.719,3.959,3.699,fuel,USA,USD,MapUp,PilotJ,,,,,,y,,,,,,,,,,,,,,,,,,,,,,,y,y,,,y,,,,,,,,y,,,y,,,,,y,,,y,,,,,,,,y,y,,,,,,,y,,,,,,,,,,,,,y,,,,,,,,,y,,,,,,y,,,,,,,,,y,,,,y,,,,,y,,,,,,,
3772,Pilot Travel Center #772,"885 North Point Circle, North Salt Lake, UT 84054",North Salt Lake,UT,84054,40.8360884657614,-111.9340978,2.959,3.309,3.559,3.799,fuel,USA,USD,MapUp,PilotJ,,,,,,y,,,,,,,,,,,,,,,,,,,,,,,y,y,,,,,,,,,,,y,,,y,,,,,,,,y,,,,,,,,y,y,,,,,,,y,,,,,,,,,,,,,y,,,,,,,,,y,,,,,,y,,,,,,,,,y,,,,y,,,,,,,,,,,,
3773,Pilot Travel Center #773,"35 East Flying J Drive, Richfield, UT 84701",Richfield,UT,84701,38.7886907355952,-112.082270255294,2.959,3.309,3.559,3.859,fuel,USA,USD,MapUp,PilotJ,,,,,,y,,,,,,,,,,,,,,,,,,,,,,,y,y,,,y,,,,,,,,,,,y,,,,,,,,y,,,,,,,,y,y,,,,,,,y,,,,,,,,,,,,,y,,,,,,,,,y,,,,,,y,,,,,,,,,y,,,,y,,,,,,,,,,,,
3774,Pilot Travel Center #774,"90 South Stone Road, Snowville, UT 84336",Snowville,UT,84336,41.9635939,-112.7095853,2.999,3.349,3.599,3.699,fuel,USA,USD,MapUp,PilotJ,,,,y,,y,,,,,,,,,,,,,,,,,,,,,,,y,y,,,y,,,,,,,,,,,,,,,,,,,y,,,,,,,,y,,,,,,,,y,,,,,,,,,,,,,,,,,,,,,,y,,,,,,y,,,,,,,,,y,,,,y,,,,,,,,,,,,
3775,Pilot Travel Center #775,"2841 South 60 East, St. George, UT 84790",St. George,UT,84790,37.0599477,-113.581869,3.179,3.529,3.779,3.799,fuel,USA,USD,MapUp,PilotJ,,,,,,y,,,,,,,,,,,,,,,,,,,,,,,y,y,,,y,,,,,,,,,,,y,,,,,y,,,y,,,,,,,,y,y,,,,,,,y,,,,,,,,,,,,,,,,,,,,,,y,,,,,,y,,,,,,,,,y,,,,y,,,,,,,,,,,,
3777,Pilot Travel Center #777,"3353 Federal Way, East Boise, ID 83705",East Boise,ID,83705,43.5715082093911,-116.189056890737,,,,3.479,fuel,USA,USD,MapUp,PilotJ,,,,,,y,,,,,,,,,,y,,,,,,,,,,,,,y,y,,,y,,,,,,,,,,,y,,,,,,,,y,,,,,,,,y,y,,,,,,,y,,,,,,,,y,,,,,y,,,,,,,,,y,,,,,,y,,,,,,,,,y,,,,y,,,,,y,,,,,,,
37976,Pilot Travel Center #7976,"1006 Charlotte Hwy, Troutman, NC 28166",Troutman,NC,28166,35.6714344425203,-80.8556144821395,2.959,3.409,3.799,3.799,fuel,USA,USD,MapUp,PilotJ,,,,,,,,,,,,,,,,,,,,,,,,,,,,,y,y,,,y,,,,,,,,,,,,,,,,y,,,y,,,,,,,,y,y,,,,,,,y,,,,,,,,,,,,,,,,,,,,,,y,,,,,,y,,,,,,,,,,,,,y,,,,,,,,,,,,
3784,Pilot Travel Center #784,"1 Center Drive, Northeast, MD 21901",Northeast,MD,21901,39.6254839004043,-75.9501224087371,3.099,3.599,4.009,4.199,fuel,USA,USD,MapUp,PilotJ,,,,,,,,,,,,,,,,y,,,,,,,,,,,,,y,y,,,,,,,,,,,y,,,,,,,,y,,,,,,,,,,,y,y,,,,,,,y,,,,,,,,,,,,,y,,,,,,,,,y,,,,,,y,,,,,,,,,y,,,,y,,,,,y,,,,,,,
3300,Pilot Travel Center #300,"2111 SW Railroad Avenue, Hammond, LA 70403",Hammond,LA,70403,30.4775468,-90.4562919,2.699,3.189,3.629,3.559,fuel,USA,USD,MapUp,PilotJ,,,,,,y,,,,,,,,,,y,,,,,,,,,,,,,y,y,,,y,,,,,,,,y,,,,,,,,y,,,y,,,,,,,,y,y,,,,,,,y,,,,,,,,,,,,,,,,,,,,,,y,,,,,,y,,,,,,,,,y,,,,y,,,,,y,,,,,,,
3301,Pilot Travel Center #301,"917 East Elm Street, Marston, MO 63866",Marston,MO,63866,36.5182248630296,-89.5978979583358,2.759,3.229,3.759,3.299,fuel,USA,USD,MapUp,PilotJ,,,,,,y,,,,,,,,,,y,,,,,,,,,,,,,y,y,,,y,,,,,,,,y,,,,,,,,y,,,y,,,,,,,,y,,,,,,,,y,,,,,,,,y,,,,,y,,,,,,,,,y,,,,,,y,,,,,,,,,y,,,,y,,,,,y,,,,,,,
3302,Pilot Travel Center #302,"6955 Theodore Dawes Road, Theodore, AL 36582",Theodore,AL,36582,30.55941,-88.205244,2.659,3.159,3.569,3.759,fuel,USA,USD,MapUp,PilotJ,,,,,,y,,,,,,,,,,,,,,,,,,,,,,,y,y,,,y,,,,,,,,y,,,,,,,,y,,,y,,,,,,,,y,y,,,,,,,y,,,,,,,,,,,,,,,,,,,,,,y,,,,,,y,,,,,,,,,y,,,,y,,,,,,,,,,,,
3303,Pilot Travel Center #303,"905 American Road, Napoleon, OH 43545",Napoleon,OH,43545,41.4165269313434,-84.104796535057,2.999,3.499,3.999,3.789,fuel,USA,USD,MapUp,PilotJ,,,,,,y,,,,,,,,,,y,,,,,,,,,,,,,y,y,,,y,,,,,,,,y,,,,,,,,y,,,y,,,,,,,,y,,,,,,,,y,,,,,,,,,,,,,,,,,,,,,,y,,,,,,y,,,,,,,,,y,,,,y,,,,,y,,,,,,,
3304,Pilot Travel Center #304,"3105 Doyle Road, New Haven, IN 46774",New Haven,IN,46774,41.0593190944291,-84.9801903209014,2.899,3.399,3.899,4.099,fuel,USA,USD,MapUp,PilotJ,,,,,,y,,,,,,,,,,y,,,,,,,,,,,,,y,y,,,y,,,,,,,,y,,,y,,,,,y,,,y,,,,,,,,y,,,,,,,,y,,,,,,,,,,,,,y,,,,,,,,,y,,,,,,y,,,,,,,,,y,,,,y,,,,,y,,,,,,,
3305,Pilot Travel Center #305,"1 Giant Crossing, Jamestown, NM 87347",Jamestown,NM,87347,35.4808826536252,-108.432802381614,2.779,3.219,3.549,3.799,fuel,USA,USD,MapUp,PilotJ,,,,,,y,,,,,,,,,,y,,,,,,,,,,,,,y,y,,,y,,,,,,,,y,,,,,,,,y,,,y,,,,,,,,y,y,,,,,,,y,,,,,,,,y,,,,,,,,,,,,,,y,,,,,,y,,,,,,,,,y,,,,y,,,,,y,,,,,,,
3306,Pilot Travel Center #306,"5619 I-10 East, San Antonio, TX 78219",San Antonio,TX,78219,29.4398987387277,-98.3805883472908,2.829,3.309,3.809,3.559,fuel,USA,USD,MapUp,PilotJ,,,,,,y,,,,,,,,,,y,,,,,,,,,,,,,y,,,,y,,,,,,,,y,,,,,,,,y,,,y,,,,,,,,y,y,,,,,,,y,,,,,,,,,,,,,,,,,,,,,,y,,,,,,y,,,,,,,,,y,,,,y,,,,,,,,,,,,
3307,Pilot Travel Center #307,"6605 N. Indian Canyon Drive, North Palm Springs, CA 92262",North Palm Springs,CA,92262,33.9030662,-116.5461743,4.099,4.349,4.599,4.799,fuel,USA,USD,MapUp,PilotJ,,,,,,y,,,,,,,,,,y,,,,,,,,,y,,,,y,y,,,y,,,,,,,,y,,,,,,,,y,,,y,,,,,,,,y,,,,,,,,y,,,,,,,,,,,,,,,,,,,,,,y,,,,,,y,,,,,,,,,y,,,,y,,,,,,,,,,,,
3549,Pilot Travel Center #549,"125 Plaza Lane, Mount Airy, NC 27030",Mount Airy,NC,27030,36.4865431535708,-80.7466273042297,2.939,3.439,3.879,3.899,fuel,USA,USD,MapUp,PilotJ,,,,,,y,,,,,,,,,,y,,,,,,,,,,,,,,,,,,,,,,,,,y,,,,,,,,,,,y,,,,,,,,y,y,,,,,,,y,,,,,,,,,,,,,,,,,,,,,,y,,,,,,y,,,,,,,,,y,,,,y,,,,,y,,,,,,,
3308,Pilot Travel Center #308,"1564 Mccue Street, Laramie, WY 82072",Laramie,WY,82072,41.3271412044145,-105.610450922615,2.799,3.209,3.509,3.599,fuel,USA,USD,MapUp,PilotJ,,,,,,y,,,,,,,,,,,,,,,,,,,,,,,y,y,,,y,,,,,,,,,,,,,,,,y,,,y,,,,,,,,y,,,,,,,,y,,,,,,,,,,,,,,,,,,,,,,y,,,,,,y,,,,,,,,,y,,,,y,,,,,y,,,,,,,
3309,Pilot Travel Center #309,"44133 Fairground Road, Caldwell, OH 43724",Caldwell,OH,43724,39.7375172,-81.5276703,3.099,3.599,4.099,3.699,fuel,USA,USD,MapUp,PilotJ,,,,y,,y,,,,,,,,,,y,,,,,,,,,,,,,y,y,,,,,,,,,,,y,,,,,,,,y,,,y,,,,,,,,y,y,,,,,,,y,,,,,,,,,,,,,,,,,,,,,,y,,,,,,y,,,,,,,,,y,,,,y,,,,,,,,,,,,
3550,Pilot Travel Center #550,"3800 Highway 2 And 52 W, Minot, ND 58701",Minot,ND,58701,48.2242166663935,-101.350960018524,2.959,3.279,3.599,3.699,fuel,USA,USD,MapUp,PilotJ,,,,,,y,,,,,,,,,,y,,,,,,,,,,,,,y,y,,,y,,,,,,,,,,,,,,,,y,,,y,,,,,,,,y,,,,,,,,y,,,,,,,,,,,,,,,,,,,,,,y,,,,,,y,,,,,,,,,y,,,,y,,,,,y,,,,,,,
3551,Pilot Travel Center #551,"16851 Ih 20, Cisco, TX 76437",Cisco,TX,76437,32.373814082223,-99.0072387533035,,,,3.659,fuel,USA,USD,MapUp,PilotJ,,,,,,,,,,,,,,,,y,,,,,,,,,,,,,y,,,,,,,,,,,,y,,,,,,,,y,,,y,,,,,,,,y,,,,,,,,y,,,,,,,,,,,,,,,,,,,,,,y,,,,,,y,,,,,,,,,y,,,,y,,,,,y,,,,,,,
3552,Pilot Travel Center #552,"3140 OH-350, Lebanon, OH 45036",Lebanon,OH,45036,39.4114975994476,-84.1504398092621,2.799,3.299,3.799,3.639,fuel,USA,USD,MapUp,PilotJ,,,,,,y,,,,,,,,,,y,,,,,,,,,,,,,y,y,,,y,,,,,,,,y,,,,,,,,y,,,y,,,,,,,,y,y,,,,,,,y,,,,,,,,,,,,,,,,,,,,,,y,,,,,,y,,,,,,,,,y,,,,y,,,,,y,,,,,,,
3310,Pilot Travel Center #310,"1405 East Main Street, Duncan, SC 29334",Duncan,SC,29334,34.9154369,-82.1081168,2.959,3.439,3.869,3.659,fuel,USA,USD,MapUp,PilotJ,,,,,,y,,,,,,,,,,y,,,,,,,,,,,,,y,y,,,y,,,,,,,,y,,,,,,,,y,,,y,,,,,,,,y,y,,,,,,,y,,,,,,,,y,,,,,,,,,,,,y,,y,,,,,,y,,,,,,,,,y,,,,y,,,,,y,,,,,,,
3553,Pilot Travel Center #553,"2571 N. Front Street, Fort Stockton, TX 79735",Fort Stockton,TX,79735,30.9055848235007,-102.885166279762,2.999,3.499,3.859,3.959,fuel,USA,USD,MapUp,PilotJ,,,,y,,y,,,,,,,,,,y,,,,,,,,,,,,,,,,,,,,,,,,,y,,,y,,,,,y,,,y,,,,,,,,y,,,,,,,,y,,,,,,,,,,,,,y,,,,,,,,,y,,,,,,y,,,,,,,,,y,,,,y,,,,,y,,,,,,,
3311,Pilot Travel Center #311,"8035 Perry Highway, Erie, PA 16509",Erie,PA,16509,42.0695683139837,-80.0385973227539,3.499,3.999,4.499,4.459,fuel,USA,USD,MapUp,PilotJ,,,,,,y,,,,,,,,,,y,,,,,,,,,,,,,y,y,,,y,,,,,,,,y,,,,,,,,y,,,y,,,,,,,,y,,,,,,,,y,,,,,,,,,,,,,,,,,,,,,,y,,,,,,y,,,,,,,,,y,,,,y,,,,,,,,,,,,
3312,Pilot Travel Center #312,"882 Georgia Highway 100, Tallapoosa, GA 30176",Tallapoosa,GA,30176,33.6826060301095,-85.2631830244674,2.899,3.399,3.899,3.969,fuel,USA,USD,MapUp,PilotJ,,,,,,y,,,,,,,,,,y,,,,,,,,,,,,,y,y,,,y,,,,,,,,y,,,,,,,,y,,,y,,,,,,,,y,y,,,,,,,y,,,,,,,,,,,,,,,,,,,,,,y,,,,,,y,,,,,,,,,y,,,,y,,,,,y,,,,,,,
3554,Pilot Travel Center #554,"4066 US-59, George West, TX 78022",George West,TX,78022,28.3370159560725,-98.0238216111145,2.759,3.199,3.499,3.499,fuel,USA,USD,MapUp,PilotJ,,,,y,,,,,,,,,,,,y,,,,,,,,,,,,,y,y,,,y,,,,,,,,y,,,,,,,,y,,,y,,,,,,,,y,,,,,,,,y,,,,,,,,,,,,,y,,,,,,,,,y,,,,,,y,,,,,,,,,y,,,,y,,,,,y,,,,,,,
3313,Pilot Travel Center #313,"699 State Route 203, East St. Louis, IL 62201",East St. Louis,IL,62201,38.6519493131276,-90.1314178048935,3.179,3.579,4.029,3.759,fuel,USA,USD,MapUp,PilotJ,,,,,,y,,,,,,,,,,y,,,,,,,,,,,,,,y,,,y,,,,,,,,y,,,,,,,,y,,,y,,,,,,,,y,y,,,,,,,y,,,,,,,,y,,,,,y,,,,,,,y,,y,,,,,,y,,,,,,,,,y,,,,y,,,,,y,,,,,,,
3557,Pilot Travel Center #557,"3710 W. Carlsbad Hwy, Hobbs, NM 88240",Hobbs,NM,88240,32.6973987096783,-103.183608796295,2.939,3.429,3.709,3.799,fuel,USA,USD,MapUp,PilotJ,,,,,,y,,,,,,,,,,y,,,,,,,,,,,,,,y,,,,,,,,,,,,,,,,,,,y,,,y,,,,,,,,y,,,,,,,,y,,,,,,,,,,,,,,,,,,,,,,y,,,,,,y,,,,,,,,,y,,,,y,,,,,y,,,,,,,
3317,Pilot Travel Center #317,"4500 Highway 43 South, Joplin, MO 64804",Joplin,MO,64804,37.0045762494293,-94.5525130890243,2.779,3.129,3.639,3.499,fuel,USA,USD,MapUp,PilotJ,,,,,,y,,,,,,,,,,y,,,,,,,,,,,,,,y,,,y,,,,,,,,y,,,,,,,,y,,,y,,,,,,,,y,,,,,,,,y,,,,,,,,,,,,,,,,,,,,,,y,,,,,,y,,,,,,,,,y,,,,y,,,,,,,,,,,,
3559,Pilot Travel Center #559,"706 East I-20 Frontage Road, Big Spring, TX 79720",Big Spring,TX,79720,32.2657286931626,-101.474899140861,2.759,3.259,3.729,3.659,fuel,USA,USD,MapUp,PilotJ,,,,,,y,,,,,,,,,,y,,,,,,,,,,,,,y,y,,,y,,,,,,,,,,,,,,,,y,,,y,,,,,,,,y,,,,,,,,y,,,,,,,,,,,,,y,,,,,,,,,y,,,,,,y,,,,,,,,,y,,,,y,,,,,y,,,,,,,
3319,Pilot Travel Center #319,"243 Connector 3 SW, Dalton, GA 30720",Dalton,GA,30720,34.6872654300332,-85.0001539153442,2.859,3.359,3.819,3.699,fuel,USA,USD,MapUp,PilotJ,,,,,,y,,,,,,,,,,y,,,,,,,,,,,,,y,y,,,y,,,,,,,,y,,,,,,,,y,,,y,,,,,,,,y,,,,,,,,y,,,,,,,,,,,,,,,,,,,,,,y,,,,,,y,,,,,,,,,y,,,,y,,,,,,,,,,,,
3321,Pilot Travel Center #321,"11229 Frontage Road, Walton, KY 41094",Walton,KY,41094,38.91737631038,-84.632451703041,2.699,3.199,3.699,3.449,fuel,USA,USD,MapUp,PilotJ,,,,,,y,,,,,,,,,,y,,,,,,,,,,,,,y,y,,,,,,,,,,,,,,,,,,,y,,,y,,,,,,,,y,,,,,,,,y,,,,,,,,,,,,,,,,,,,,,,y,,,,,,y,,,,,,,,,y,,,,y,,,,,,,,,,,,
3322,Pilot Travel Center #322,"7767 State Route 53, Bath, NY 14810",Bath,NY,14810,42.3772387758223,-77.3639932343933,3.099,3.599,4.089,4.299,fuel,USA,USD,MapUp,PilotJ,,,,,,y,,,,,,,,,,y,,,,,,,,,,,,,y,,,,y,,,,,,,,y,,,,,,,,y,,,y,,,,,,,,y,,,,,,,,y,,,,,,,,,,,,,,,,,,,,,,y,,,,,,y,,,,,,,,,y,,,,y,,,,,y,,,,,,,
3324,Pilot Travel Center #324,"13712 Northwestern Avenue, Franksville, WI 53126",Franksville,WI,53126,42.7791021298079,-87.9515807447052,2.999,3.419,3.999,3.879,fuel,USA,USD,MapUp,PilotJ,,,,y,,y,,,,,,,,,,y,,,,,,,,,,,,,,y,,,y,,,,,,,,y,,,,,,,,y,,,y,,,,,,,,y,,,,,,,,y,,,,,,,,,,,,,,,,,,,,,,y,,,,,,y,,,,,,,,,y,,,,y,,,,,,,,,,,,
3568,Pilot Travel Center #568,"14555 Ih35 South, Von Ormy, TX 78073",Von Ormy,TX,78073,29.2797675956486,-98.6687239140167,2.859,3.359,3.829,3.559,fuel,USA,USD,MapUp,PilotJ,,,,y,,y,,,,,,,,,,y,,,,,,,,,,,,,y,y,,,y,,,,,,,,y,,,,,,,,y,,,y,,,,,,,,y,y,,,,,,,y,,,,,,,,,,,,,y,,,,,,,,,y,,,,,,y,,,,,,,,,y,,,,y,,,,,y,,,,,,,
3328,Pilot Travel Center #328,"1201 West Main Street, Quartzsite, AZ 85359",Quartzsite,AZ,85359,33.6615559484779,-114.23679187368,2.999,3.499,3.859,4.099,fuel,USA,USD,MapUp,PilotJ,,,,,,y,,,,,,,,,,y,,,,,,,,,,,,,,y,,,y,,,,,,,,,,,,,,,,y,,,y,,,,,,,,y,y,,,,,,,y,,,,,,,,,,,,,,,,,,,,,,y,,,,,,y,,,,,,,,,y,,,,y,,,,,,,,,,,,
3329,Pilot Travel Center #329,"2647 South 24th Street, Council Bluffs, IA 51501",Council Bluffs,IA,51501,41.2356048,-95.8783068,2.999,3.499,3.599,3.799,fuel,USA,USD,MapUp,PilotJ,,,,,,y,,,,,,,,,,y,,,,,,,,,,,,,,y,,,y,,,,,,,,y,,,,,,,,y,,,y,,,,,,,,y,,,,,,,,y,,,,,,,,,,,,,,,,,,,,,,y,,,,,,y,,,,,,,,,y,,,,y,,,,,y,,,,,,,
3571,Pilot Travel Center #571,"2460 East Highway 60, Charleston, MO 63834",Charleston,MO,63834,36.9222008,-89.3139328,2.699,3.199,3.409,3.659,fuel,USA,USD,MapUp,PilotJ,,,,,,y,,,,,,,,,,y,,,,,,,,,,,,,y,y,,,y,,,,,,,,y,,,,,,,,y,,,y,,,,,,,,y,,,,,,,,y,,,,,,,,,,,,,y,,,,,,,,,y,,,,,,y,,,,,,,,,y,,,,y,,,,,y,,,,,,,
3330,Pilot Travel Center #330,"4142 Loop 337, New Braunfels, TX 78132",New Braunfels,TX,78132,29.6763531,-98.1560214,2.859,3.329,3.659,3.659,fuel,USA,USD,MapUp,PilotJ,,,,y,,y,,,,,,,,,,y,,,,,,,,,,,,,y,y,,,y,,,,,,,,y,,,,,,,,y,,,y,,,,,,,,y,y,,,,,,,y,,,,,,,,,,,,,,,,,,,,,,y,,,,,,y,,,,,,,,,y,,,,y,,,,,y,,,,,,,
3572,Pilot Travel Center #572,"3040 220Th Street, Williams, IA 50271",Williams,IA,50271,42.4701642915972,-93.5718790661315,2.999,3.479,3.769,3.799,fuel,USA,USD,MapUp,PilotJ,,,,,,y,,,,,,,,,,y,,,,,,,,,,,,,y,y,,,y,,,,,,,,y,,,,,,,,y,,,y,,,,,,,,y,,,,,,,,y,,,,,,,,,,,,,y,,,,,,,,,y,,,,,,y,,,,,,,,,y,,,,y,,,,,y,,,,,,,
3573,Pilot Travel Center #573,"2000 Farm to Market Rd 1488, Hempstead, TX 77445",Hempstead,TX,77445,30.1081007105476,-96.0474416256561,2.599,3.099,3.599,3.799,fuel,USA,USD,MapUp,PilotJ,,,,,,y,,,,,,,,,,y,,,,,,,,,,,,,y,,,,y,,,,,,,,,,,,,,,,y,,,y,,,,,,,,y,,,,,,,,y,,,,,,,,,,,,,,,,,,,,,,y,,,,,,y,,,,,,,,,y,,,,,,,,,y,,,,,,,
3331,Pilot Travel Center #331,"2605 Bouldercrest Road SE, Atlanta, GA 30316",Atlanta,GA,30316,33.6853001126439,-84.3114646484794,2.999,3.499,3.999,3.959,fuel,USA,USD,MapUp,PilotJ,,,,,,y,,,,,,,,,,y,,,,,,,,,,,,,y,y,,,y,,,,,,,,y,,,,,,,,y,,,y,,,,,,,,y,y,,,,,,,y,,,,,,,,,,,,,,,,,,,,,,y,,,,,,y,,,,,,,,,y,,,,y,,,,,y,,,,,,,
3332,Pilot Travel Center #332,"3300 Highway 391 North, North Little Rock, AR 72117",North Little Rock,AR,72117,34.7812253323556,-92.1277836669342,2.799,3.299,3.799,3.599,fuel,USA,USD,MapUp,PilotJ,,,,,,y,,,,,,,,,,y,,,,,,,,,,,,,,y,,,y,,,,,,,,y,,,,,,,,y,,,y,,,,,,,,y,y,,,,,,,y,,,,,,,,,,,,,,,,,,,,,,y,,,,,,y,,,,,,,,,y,,,,y,,,,,y,,,,,,,
3575,Pilot Travel Center #575,"491 St. Mary\'s Road, St. Mary\'s, GA 31558",St. Mary\'s,GA,31558,30.7607568117247,-81.6488639140167,2.859,3.359,3.799,3.859,fuel,USA,USD,MapUp,PilotJ,,,,y,,y,,,,,,,,,,y,,,,,,,,,,,,,y,,,,y,,,,,,,,y,,,,,,,,y,,,y,,,,,,,,y,y,,,,,,,y,,,,,,,,,,,,,y,,,,,,,,,y,,,,,,y,,,,,,,,,y,,,,y,,,,,y,,,,,,,
3576,Pilot Travel Center #576,"8051 Bagley Avenue, Northfield, MN 55057",Northfield,MN,55057,44.4706667803385,-93.2947969814758,3.099,3.399,4.029,3.799,fuel,USA,USD,MapUp,PilotJ,,,,y,,y,,,,,,,,,,y,,,,,,,,,,,,,y,y,,,y,,,,,,,,y,,,y,,,,,y,,,y,,,,,,,,y,,,,,,,,y,,,,,,,,,,,,,,,,,,,,,,y,,,,,,y,,,,,,,,,y,,,,y,,,,,y,,,,,,,
3335,Pilot Travel Center #335,"103 Grimshaw Street, Rayville, LA 71269",Rayville,LA,71269,32.4594075819781,-91.7593958134918,2.699,3.079,3.489,3.499,fuel,USA,USD,MapUp,PilotJ,,,,,,y,,,,,,,,,,y,,,,,,,,,,,,,y,y,,,y,,,,,,,,y,,,,,,,,y,,,y,,,,,,,,y,y,,,,,,,y,,,,,,,,,,,,,,,,,,,,,,y,,,,,,y,,,,,,,,,y,,,,y,,,,,,,,,,,,
3336,Pilot Travel Center #336,"1742 Rich Highway, Dubois, PA 15801",Dubois,PA,15801,41.1410550850312,-78.7831894920654,3.459,3.959,4.359,4.159,fuel,USA,USD,MapUp,PilotJ,,,,,,y,,,,,,,,,,y,,,,,,,,,,,,,y,y,,,y,,,,,,,,y,,,,,,,,y,,,y,,,,,,,,y,,,,,,,,y,,,,,,,,,,,,,,,,,,,,,,y,,,,,,y,,,,,,,,,y,,,,y,,,,,y,,,,,,,
3337,Pilot Travel Center #337,"2015 West Lucas Street, Florence, SC 29501",Florence,SC,29501,34.2328152671212,-79.8021805595245,2.899,3.399,3.859,2.399,fuel,USA,USD,MapUp,PilotJ,,,,,,y,,,,,,,,,,y,,,,,,,,,,,,,y,,,,y,,,,,,,,y,,,,,,,,y,,,y,,,,,,,,y,y,,,,,,,y,,,,,,,,,,,,,,,,,,,,,,y,,,,,,y,,,,,,,,,y,,,,y,,,,,,,,,,,,
3338,Pilot Travel Center #338,"3008 Highway 321, Cayce, SC 29033",Cayce,SC,29033,33.9299768045745,-81.0782019544183,2.859,3.349,3.789,3.699,fuel,USA,USD,MapUp,PilotJ,,,,,,y,,,,,,,,,,y,,,,,,,,,,,,,y,y,,,y,,,,,,,,,,,,,,,,y,,,y,,,,,,,,y,y,,,,,,,y,,,,,,,,,,,,,,,,,,,,,,y,,,,,,y,,,,,,,,,y,,,,y,,,,,,,,,,,,
3339,Pilot Travel Center #339,"16502 North State Road 63, Covington, IN 47932",Covington,IN,47932,40.1229802434427,-87.4506712380981,2.999,3.499,3.999,3.559,fuel,USA,USD,MapUp,PilotJ,,,,,,y,,,,,,,,,,y,,,,,,,,,,,,,y,y,,,y,,,,,,,,y,,,,,,,,y,,,y,,,,,,,,y,,,,,,,,y,,,,,,,,,,,,,,,,,,,,,,y,,,,,,y,,,,,,,,,y,,,,y,,,,,,,,,,,,
3580,Pilot Travel Center #580,"5900 E. Interstate 20, Odessa, TX 79766",Odessa,TX,79766,31.8647144,-102.3020479,2.799,3.159,3.559,3.459,fuel,USA,USD,MapUp,PilotJ,,,,,,y,,,,,,,,,,y,,,,,,,,,,,,,y,y,,,y,,,,,,,,y,,,,,,,,y,,,y,,,,,,,,y,,,,,,,,y,,,,,,,,,,,,,y,,,,,,,,,y,,,,,,y,,,,,,,,,y,,,,y,,,,,y,,,,,,,
3581,Pilot Travel Center #581,"11650 Courthouse Blvd., Inver Grove Heights, MN 55077",Inver Grove Heights,MN,55077,44.7806913072894,-93.0335015767212,3.099,3.469,3.999,3.759,fuel,USA,USD,MapUp,PilotJ,,,,,,y,,,,,,,,,,y,,,,,,,,,,,,,y,,,,y,,,,,,,,y,,,,,,,,y,,,y,,,,,,,,y,,,,,,,,y,,,,,,,,y,,,,,y,,,,,,,,,y,,,,,,y,,,,,,,,,y,,,,y,,,,,y,,,,,,,
3340,Pilot Travel Center #340,"465 Pilot Road, Fernley, NV 89408",Fernley,NV,89408,39.6138616159555,-119.266309550926,3.259,3.599,3.859,3.799,fuel,USA,USD,MapUp,PilotJ,,,,,,y,,,,,,,,,,,,,,,,,,,,,,,y,y,,,y,,,,,,,,,,,,,,,,y,,,y,,,,,,,,y,y,,,,,,,y,,,,,,,,y,,,,,,,,,,,,,,y,,,,,,y,,,,,,,,,y,,,,y,,,,,,,,,,,,
3341,Pilot Travel Center #341,"3812 East Craig Road, North Las Vegas, NV 89031",North Las Vegas,NV,89031,36.2409528,-115.0978424,3.199,3.699,4.069,3.899,fuel,USA,USD,MapUp,PilotJ,,,,,,y,,,,,,,,,,,,,,,,,,,,,,,,y,,,y,,,,,,,,,,,,,,,,y,,,y,,,,,,,,y,y,,,,,,,y,,,,,,,,,,,,,,,,,,,,,,y,,,,,,y,,,,,,,,,y,,,,y,,,,,y,,,,,,,
3583,Pilot Travel Center #583,"5670 Barrett Road, Ferndale, WA 98248",Ferndale,WA,98248,48.8487122650365,-122.571909067459,3.699,4.199,4.639,4.559,fuel,USA,USD,MapUp,PilotJ,,,,,,y,,,,,,,,,,y,,,,,,,,,,,,,,y,,,y,,,,,,,,,,,,,,,,y,,,y,,,,,,,,y,y,,,,,,,y,,,,,,,,,,,,,,,,,,,,,,y,,,,,,y,,,,,,,,,y,,,,y,,,,,,,,,,,,
3584,Pilot Travel Center #584,"12334 Ehlen Road NE, Aurora, OR 97002",Aurora,OR,97002,45.2336967853154,-122.809971992729,3.299,3.789,4.299,3.739,fuel,USA,USD,MapUp,PilotJ,,,,,,y,,,,,,,,,,y,,,,,,,,,y,,,,y,,,,y,,,,,,,,,,,y,,,,,y,,,y,,,,,,,,y,y,,,,,,,y,,,,,,,,,,,,,y,,,,,,,,,y,,,,,,y,,,,,,,,,y,,,,y,,,,,y,,,,,,,
3343,Pilot Travel Center #343,"1497 Piper Ranch Road, San Diego, CA 92154",San Diego,CA,92154,32.5684136134101,-116.952759801258,4.099,4.349,4.599,5.099,fuel,USA,USD,MapUp,PilotJ,,,,,,y,,,,,,,,,,y,,,,,,,,,y,,,,,y,,,y,,,,,,,,y,,,,,,,,y,,,y,,,,,,,,y,,,,,,,,y,,,,,,,,,,,,,,,,,,,,,,y,,,,,,y,,,,,,,,,y,,,,y,,,,,y,,,,,,,
3586,Pilot Travel Center #586,"6705 Hwy 63, Moss Point, MS 39563",Moss Point,MS,39563,30.4383408675013,-88.5287859398117,2.749,3.219,3.649,3.799,fuel,USA,USD,MapUp,PilotJ,,,,,,,,,,,,,,,,y,,,,,,,,,,,,,y,y,,,y,,,,,,,,y,,,y,,,,,y,,,y,,,,,,,,y,y,,,,,,,y,,,,,,,,,,,,,,,,,,,,,,y,,,,,,y,,,,,,,,,y,,,,y,,,,,y,,,,,,,
3346,Pilot Travel Center #346,"522 Highway 601 South, Lugoff, SC 29078",Lugoff,SC,29078,34.192518496042,-80.686839264418,2.859,3.359,3.859,2.199,fuel,USA,USD,MapUp,PilotJ,,,,,,y,,,,,,,,,,y,,,,,,,,,,,,,,y,,,y,,,,,,,,,,,,,,,,y,,,y,,,,,,,,y,,,,,,,,y,,,,,,,,,,,,,,,,,,,,,,y,,,,,,y,,,,,,,,,y,,,,y,,,,,,,,,,,,
3348,Pilot Travel Center #348,"205 Wilson Road, Bentleyville, PA 15314",Bentleyville,PA,15314,40.1316332035609,-80.0009579656066,3.339,3.839,4.269,4.299,fuel,USA,USD,MapUp,PilotJ,,,,,,y,,,,,,,,,,y,,,,,,,,,,,,,y,y,,,y,,,,,,,,,,,,,,,,y,,,y,,,,,,,,y,,,,,,,,y,,,,,,,,y,,,,,y,,,,,,,,,y,,,,,,y,,,,,,,,,y,,,,y,,,,,y,,,,,,,
3590,Pilot Travel Center #590,"3181 Evergreen Lane, Alexandria, MN 56308",Alexandria,MN,56308,45.8613229926892,-95.4227498121643,2.979,3.309,3.819,3.699,fuel,USA,USD,MapUp,PilotJ,,,,,,y,,,,,,,,,,y,,,,,,,,,,,,,y,y,,,y,,,,,,,,,,,,,,,,y,,,y,,,,,,,,y,,,,,,,,y,,,,,,,,,,,,,,,,,,,,,,y,,,,,,y,,,,,,,,,y,,,,y,,,,,y,,,,,,,
3592,Pilot Travel Center #592,"2195 Hwy 6 and 50, Grand Junction, CO 81505",Grand Junction,CO,81505,39.1125035,-108.6481721,2.979,3.439,3.699,3.769,fuel,USA,USD,MapUp,PilotJ,,,,,,y,,,,,,,,,,y,,,,,,,,,,,,,y,y,,,y,,,,,,,,,,,y,,,,,y,,,y,,,,,,,,y,y,,,,,,,y,,,,,,,,,,,,,y,,,,,,,,,y,,,,,,y,,,,,,,,,y,,,,y,,,,,y,,,,,,,
3350,Pilot Travel Center #350,"1050 Highway 20, Mountain Home, ID 83647",Mountain Home,ID,83647,43.1420710133061,-115.663256388601,3.179,3.619,3.949,3.899,fuel,USA,USD,MapUp,PilotJ,,,,,,y,,,,,,,,,,y,,,,,,,,,,,,,,y,,,y,,,,,,,,,,,,,,,,y,,,y,,,,,,,,y,y,,,,,,,y,,,,,,,,,,,,,,,,,,,,,,y,,,,,,y,,,,,,,,,y,,,,y,,,,,y,,,,,,,
3593,Pilot Travel Center #593,"5570 E. Travel Plaza Way, Tucson, AZ 85756",Tucson,AZ,85756,32.125744602509,-110.87417533995,2.999,3.489,3.809,3.959,fuel,USA,USD,MapUp,PilotJ,,,,,,y,,,,,,,,,,y,,,,,,,,,,,,,y,y,,,y,,,,,,,,y,,,,,,,,y,,,y,,,,,,,,y,,,,,,,,y,,,,,,,,,,,,,y,,,,,,,,,y,,,,,,y,,,,,,,,,y,,,,y,,,,,y,,,,,,,
3594,Pilot Travel Center #594,"2815 Singing Hills Blvd., Sioux City, IA 51111",Sioux City,IA,51111,42.4355338420359,-96.3733973558197,2.799,3.299,3.719,3.779,fuel,USA,USD,MapUp,PilotJ,,,,,,y,,,,,,,,,,y,,,,,,,,,,,,,y,y,,,y,,,,,,,,y,,,,,,,,y,,,y,,,,,,,,y,,,,,,,,y,,,,,,,,,,,,,,,,,,,,,,y,,,,,,y,,,,,,,,,y,,,,y,,,,,y,,,,,,,
3352,Pilot Travel Center #352,"6050 Plaza Drive, Fort Myers, FL 33905",Fort Myers,FL,33905,26.6552377,-81.8015438,3.199,3.699,4.089,4.159,fuel,USA,USD,MapUp,PilotJ,,,,,,y,,,,,,,,,,y,,,,,,,,,,,,,y,y,,,y,,,,,,,,y,,,,,,,,y,,,y,,,,,,,,y,y,,,,,,,y,,,,,,,,,,,,,,,,,,,,,,y,,,,,,y,,,y,,,,,,y,,,,y,,,,,y,,,,,,,
3595,Pilot Travel Center #595,"2611 Vernell Road, Marion, IL 62959",Marion,IL,62959,37.7403043049902,-88.9645576871719,3.029,3.429,3.879,3.899,fuel,USA,USD,MapUp,PilotJ,,,,y,,y,,,,,,,,,,y,,,,,,,,,,,,,y,y,,,y,,,,,,,,y,,,,,,,,y,,,y,,,,,,,,y,,,,,,,,y,,,,,,,,,,,,,,,,,,,,,,y,,,,,,y,,,,,,,,,y,,,,y,,,,,y,,,,,,,
3353,Pilot Travel Center #353,"110 Triport Road, Georgetown, KY 40324",Georgetown,KY,40324,38.2760505337519,-84.5534248876968,2.859,3.359,3.649,3.499,fuel,USA,USD,MapUp,PilotJ,,,,y,,y,,,,,,,,,,y,,,,,,,,,,,,,y,y,,,y,,,,,,,,y,,,,,,,,y,,,y,,,,,,,,y,,,,,,,,y,,,,,,,,,,,,,,,,,,,,,,y,,,,,,y,,,,,,,,,y,,,,y,,,,,y,,,,,,,
3354,Pilot Travel Center #354,"819 Buck Creek Road, Simpsonville, KY 40067",Simpsonville,KY,40067,38.2101962709019,-85.3481368306884,2.799,3.299,3.799,3.799,fuel,USA,USD,MapUp,PilotJ,,,,,,y,,,,,,,,,,y,,,,,,,,,,,,,y,y,,,,,,,,,,,y,,,,,,,,y,,,y,,,,,,,,y,,,,,,,,y,,,,,,,,,,,,,,,,,,,,,,y,,,,,,y,,,,,,,,,y,,,,y,,,,,y,,,,,,,
3596,Pilot Travel Center #596,"2424 Wadhams Road, Smiths Creek, MI 48074",Smiths Creek,MI,48074,42.9767061,-82.5421841,3.099,3.599,4.099,4.059,fuel,USA,USD,MapUp,PilotJ,,,,y,,,,,,,,,,,,y,,,,,,,,,,,,,y,y,,,y,,,,,,,,y,,,,y,,,,y,,,y,,,,,,,,y,,,,,,,,y,,,,,,,,,,,,,,,,,,,,,,y,,,,,,y,,,,,,,,,y,,,,y,,,,,y,,,,,,,
3597,Pilot Travel Center #597,"1111 East Main, Chillicothe, OH 45601",Chillicothe,OH,45601,39.3385826587175,-82.9514665264587,3.099,3.499,3.989,3.899,fuel,USA,USD,MapUp,PilotJ,,,,,,,,,,,,,,,,y,,,,,,,,,,,,,y,y,,,y,,,,,,,,y,,,,,,,,y,,,y,,,,,,,,y,,,,,,,,y,,,,,,,,,,,,,y,,,,,,,,,y,,,,,,y,,,,,,,,,y,,,,y,,,,,y,,,,,,,
3114,Pilot Travel Center #114,"2449 Genesis Road, Crossville, TN 38571",Crossville,TN,38571,35.9857961,-85.0116688,2.659,3.159,3.499,3.599,fuel,USA,USD,MapUp,PilotJ,,,,,,y,,,,,,,,,,y,,,,,,,,,,,,,y,y,,,y,,,,,,,,y,,,,,,,,y,,,y,,,,,,,,y,y,,,,,,,y,,,,,,,,,,,,,,,,,,,,,,y,,,,,,y,,,,,,,,,y,,,,y,,,,,y,,,,,,,
3356,Pilot Travel Center #356,"2050 East Blue Lick Road, Shepherdsville, KY 40165",Shepherdsville,KY,40165,38.0608734478631,-85.7030864024467,3.059,3.559,4.059,3.659,fuel,USA,USD,MapUp,PilotJ,,,,,,y,,,,,,,,,,y,,,,,,,,,,,,,y,y,,,y,,,,,,,,y,,,,,,,,y,,,y,,,,,,,,y,,,,,,,,y,,,,,,,,,,,,,,,,,,,,,,y,,,,,,y,,,,,,,,,y,,,,y,,,,,,,,,,,,
3599,Pilot Travel Center #599,"601 East Fifth Street, Murdo, SD 57559",Murdo,SD,57559,43.885784,-100.705254,2.799,3.099,3.399,3.859,fuel,USA,USD,MapUp,PilotJ,,,,,,y,,,,,,,,,,y,,,,,,,,,,,,,y,y,,,,,,,,,,,,,,y,,,,,y,,,y,,,,,,,,y,,,,,,,,y,,,,,,,,,,,,,,,,,,,,,,y,,,,,,y,,,,,,,,,y,,,,y,,,,,,,,,,,,
3358,Pilot Travel Center #358,"5353 Cairo Road, Paducah, KY 42001",Paducah,KY,42001,37.0974951542846,-88.6911728134918,2.839,3.339,3.699,3.699,fuel,USA,USD,MapUp,PilotJ,,,,,,y,,,,,,,,,,y,,,,,,,,,,,,,y,y,,,y,,,,,,,,y,,,,,,,,y,,,y,,,,,,,,y,,,,,,,,y,,,,,,,,,,,,,,,,,,,,,,y,,,,,,y,,,,,,,,,y,,,,y,,,,,,,,,,,,
3118,Pilot Travel Center #118,"7801 Alcoa Road, Benton, AR 72019",Benton,AR,72019,34.6083708,-92.5334365,2.799,3.159,3.609,3.599,fuel,USA,USD,MapUp,PilotJ,,,,y,,y,,,,,,,,,,y,,,,,,,,,,,,,,y,,,y,,,,,,,,y,,,,,,,,y,,,y,,,,,,,,y,y,,,,,,,y,,,,,,,,,,,,,,,,,,,,,,y,,,,,,y,,,,,,,,,y,,,,y,,,,,y,,,,,,,
311,Pilot Travel Center #11,"10920 Market Street, North Lima, OH 44452",North Lima,OH,44452,40.959842,-80.660301,2.979,3.479,3.979,3.899,fuel,USA,USD,MapUp,PilotJ,,,,,,y,,,,,,,,,,y,,,,,,,,,,,,,y,y,,,y,,,,,,,,y,,,,,,,,y,,,y,,,,,,,,y,,,,,,,,y,,,,,,,,,,,,,,,,,,,,,,y,,,,,,y,,,,,,,,,y,,,,y,,,,,y,,,,,,,
312,Pilot Travel Center #12,"3430 Libbey Road, Perrysburg, OH 43551",Perrysburg,OH,43551,41.52279,-83.461466,2.889,3.379,3.889,3.749,fuel,USA,USD,MapUp,PilotJ,,,,,,y,,,,,,,,,,y,,,,,,,,,,,,,y,y,,,y,,,,,,,,y,,,,,,,,y,,,y,,,,,,,,y,y,,,,,,,y,,,,,,,,,,,,,,,,,,,,,,y,,,,,,y,,,,,,,,,y,,,,y,,,,,,,,,,,,
313,Pilot Travel Center #13,"8924 Lake Road, Seville, OH 44273",Seville,OH,44273,41.0297493,-81.9068451,3.159,3.659,4.159,3.899,fuel,USA,USD,MapUp,PilotJ,,,,,,y,,,,,,,,,,y,,,,,,,,,,,,,y,y,,,y,,,,,,,,y,,,,,,,,y,,,y,,,,,,,,y,,,,,,,,y,,,,,,,,,,,,,y,,,,,,,y,,y,,,,,,y,,,,,,,,,y,,,,y,,,,,y,,,,,,,
314,Pilot Travel Center #14,"7680 E 36 N State St N State St, Sunbury, OH 43074",Sunbury,OH,43074,40.2654110520882,-82.924052571313,3.199,3.699,4.169,3.899,fuel,USA,USD,MapUp,PilotJ,,,,,,y,,,,,,,,,,y,,,,,,,,,,,,,y,y,,,y,,,,,,,,y,,,,,,,,y,,,y,,,,,,,,y,y,,,,,,,y,,,,,,,,,,,,,,,,,,,,,,y,,,,,,y,,,,,,,,,y,,,,y,,,,,,,,,,,,
315,Pilot Travel Center #15,"5820 Hagman Road, Toledo, OH 43612",Toledo,OH,43612,41.7239884,-83.5081257,3.159,3.659,4.159,3.799,fuel,USA,USD,MapUp,PilotJ,,,,y,,y,,,,,,,,,,y,,,,,,,,,,,,,y,,,,y,,,,,,,,y,,,,,,,,y,,,y,,,,,,,,y,,,,,,,,y,,,,,,,,,,,,,,,,,,,,,,y,,,,,,y,,,,,,,,,y,,,,y,,,,,,,,,,,,
316,Pilot Travel Center #16,"5772 N US Hwy 68, Wilmington, OH 45177",Wilmington,OH,45177,39.52269640606,-83.8461018,3.159,3.659,4.159,3.359,fuel,USA,USD,MapUp,PilotJ,,,,,,y,,,,,,,,,,y,,,,,,,,,,,,,y,y,,,,,,,,,,,y,,,,,,,,y,,,y,,,,,,,,y,,,,,,,,y,,,,,,,,,,,,,,,,,,,,,,y,,,,,,y,,,,,,,,,y,,,,y,,,,,,,,,,,,
317,Pilot Travel Center #17,"15901 Eleven Mile Road, Battle Creek, MI 49014",Battle Creek,MI,49014,42.303023,-85.082396,3.099,3.599,4.099,3.859,fuel,USA,USD,MapUp,PilotJ,,,,,,y,,,,,,,,,,y,,,,,,,,,,,,,y,y,,,y,,,,,,,,y,,,,,,,,y,,,y,,,,,,,,y,,,,,,,,y,,,,,,,,,,,,,,,,,,,,,,y,,,,,,y,,,,,,,,,y,,,,y,,,,,y,,,,,,,
3360,Pilot Travel Center #360,"11471 State Route 613W, Findlay, OH 45840",Findlay,OH,45840,41.1368352092359,-83.6604620416641,2.999,3.439,3.969,3.599,fuel,USA,USD,MapUp,PilotJ,,,,y,,y,,,,,,,,,,y,,,,,,,,,,,,,y,y,,,y,,,,,,,,y,,,,,,,,y,,,y,,,,,,,,y,,,,,,,,y,,,,,,,,,,,,,,,,,,,,,,y,,,,,,y,,,,,,,,,y,,,,y,,,,,,,,,,,,
3365,Pilot Travel Center #365,"22717 Avenue 18 1/2, Madera, CA 93637",Madera,CA,93637,37.0187379752622,-120.133076764487,3.999,4.299,4.599,4.999,fuel,USA,USD,MapUp,PilotJ,,,,,,y,,,,,,,,,,y,,,,,,,,,y,,,,,y,,,y,,,,,,,,y,,,y,,,,,y,,,y,,,,,,,,y,y,,,,,,,y,,,,,,,,,,,,,,,,,,,,y,,y,,,,,,y,,,,,,,,,y,,,,y,,,,,y,,,,,,,
3366,Pilot Travel Center #366,"30 Sand Pebble Road, Jackson, TN 38305",Jackson,TN,38305,35.6829716263357,-88.7776671773849,2.649,3.129,3.529,3.499,fuel,USA,USD,MapUp,PilotJ,,,,y,,y,,,,,,,,,,y,,,,,,,,,,,,,,y,,,y,,,,,,,,y,,,,,,,,y,,,y,,,,,,,,y,,,,,,,,y,,,,,,,,,,,,,,,,,,,,,,y,,,,,,y,,,,,,,,,y,,,,y,,,,,y,,,,,,,
3367,Pilot Travel Center #367,"2226 Fm-1903, Caddo Mills, TX 75135",Caddo Mills,TX,75135,33.0436281040057,-96.1778935644874,2.549,3.049,3.549,3.549,fuel,USA,USD,MapUp,PilotJ,,,,y,,y,,,,,,,,,,y,,,,,,,,,,,,,,,,,y,,,,,,,,y,,,,,,,,y,,,y,,,,,,,,y,y,,,,,,,y,,,,,,,,,,,,,,,,,,,,,,y,,,,,,y,,,,,,,,,y,,,,y,,,,,y,,,,,,,
3368,Pilot Travel Center #368,"4030 East Boyd Road, Decatur, IL 62521",Decatur,IL,62521,39.907519,-88.895694,3.099,3.499,3.949,3.759,fuel,USA,USD,MapUp,PilotJ,,,,,,y,,,,,,,,,,y,,,,,,,,,,,,,,y,,,y,,,,,,,,y,,,,,,,,y,,,y,,,,,,,,y,,,,,,,,y,,,,,,,,,,,,,,,,,,,,,,y,,,,,,y,,,,,,,,,y,,,,y,,,,,y,,,,,,,
321,Pilot Travel Center #21,"750 Baker Road, Dexter, MI 48130",Dexter,MI,48130,42.301749,-83.876931,3.099,3.599,4.099,3.789,fuel,USA,USD,MapUp,PilotJ,,,,,,y,,,,,,,,,,y,,,,,,,,,,,,,y,y,,,y,,,,,,,,,,,,,,,,y,,,y,,,,,,,,y,,,,,,,,y,,,,,,,,,,,,,,,,,,,,,,y,,,,,,y,,,,,,,,,y,,,,y,,,,,,,,,,,,
323,Pilot Travel Center #23,"7205 South State Road, Ionia, MI 48846",Ionia,MI,48846,42.8829656628797,-85.0738257411791,3.099,3.399,3.699,3.589,fuel,USA,USD,MapUp,PilotJ,,,,,,y,,,,,,,,,,,,,,,,,,,,,,,y,y,,,,,,,,,,,,,,,,,,,y,,,y,,,,,,,,y,,,,,,,,y,,,,,,,,,,,,,,,,,,,,,,y,,,,,,y,,,,,,,,,y,,,,y,,,,,,,,,,,,
324,Pilot Travel Center #24,"1100 North Dixie Highway, Monroe, MI 48162",Monroe,MI,48162,41.9247909,-83.3661458,3.059,3.559,4.059,3.549,fuel,USA,USD,MapUp,PilotJ,,,,,,y,,,,,,,,,,y,,,,,,,,,,,,,y,y,,,,,,,,,,,,,,,,,,,y,,,y,,,,,,,,y,,,,,,,,y,,,,,,,,,,,,,,,,,,,,,,y,,,,,,y,,,,,,,,,y,,,,y,,,,,,,,,,,,
326,Pilot Travel Center #26,"6158 US-223, Ottawa Lake, MI 49267",Ottawa Lake,MI,49267,41.799049,-83.694294,2.859,3.469,3.909,3.759,fuel,USA,USD,MapUp,PilotJ,,,,y,,y,,,,,,,,,,y,,,,,,,,,,,,,y,y,,,y,,,,,,,,y,,,,,,,,y,,,y,,,,,,,,y,,,,,,,,y,,,,,,,,,,,,,,,,,,,,,,y,,,,,,y,,,,,,,,,y,,,,y,,,,,y,,,,,,,
328,Pilot Travel Center #28,"15151 Commerce Road, Daleville, IN 47334",Daleville,IN,47334,40.112722,-85.565895,2.839,3.339,3.839,3.979,fuel,USA,USD,MapUp,PilotJ,,,,,,y,,,,,,,,,,y,,,,,,,,,,,,,y,y,,,y,,,,,,,,y,,,,,,,,y,,,y,,,,,,,,y,y,,,,,,,y,,,,,,,,,,,,,,,,,,,,,,y,,,,,,y,,,,,,,,,y,,,,y,,,,,,,,,,,,
329,Pilot Travel Center #29,"6900 Old U.S. 27, Fremont, IN 46737",Fremont,IN,46737,41.744075,-84.999268,2.999,3.499,3.999,4.099,fuel,USA,USD,MapUp,PilotJ,,,,,,y,,,,,,,,,,y,,,,,,,,,,,,,y,y,,,y,,,,,,,,y,,,,,,,,y,,,y,,,,,,,,y,,,,,,,,y,,,,,,,,,,,,,,,,,,,,,,y,,,,,,y,,,,,,,,,y,,,,y,,,,,,,,,,,,
3370,Pilot Travel Center #370,"417 Route 315, Pittston, PA 18640",Pittston,PA,18640,41.3141107357837,-75.7550205238731,3.299,3.799,4.299,4.459,fuel,USA,USD,MapUp,PilotJ,,,,y,,y,,,,,,,,,,y,,,,,,,,,,,,,,y,,,y,,,,,,,,y,,,,,,,,y,,,y,,,,,,,,y,,,,,,,,y,,,,,,,,,,,,,,,,,,,,,,y,,,,,,y,,,,,,,,,y,,,,y,,,,,y,,,,,,,
3130,Pilot Travel Center #130,"5219 Brecksville Road, Richfield, OH 44286",Richfield,OH,44286,41.2762303,-81.6263703,3.159,3.659,4.159,2.599,fuel,USA,USD,MapUp,PilotJ,,,,,,y,,,,,,,,,,y,,,,,,,,,,,,,y,y,,,y,,,,,,,,y,,,,,,,,y,,,y,,,,,,,,y,,,,,,,,y,,,,,,,,,,,,,,,,,,,,,,y,,,,,,y,,,,,,,,,y,,,,y,,,,,y,,,,,,,
3372,Pilot Travel Center #372,"31642 Castaic Road, Castaic, CA 91384",Castaic,CA,91384,34.4945443699809,-118.619925357147,4.259,4.509,4.759,4.799,fuel,USA,USD,MapUp,PilotJ,,,,,,y,,,,,,,,,,y,,,,,,,,,y,,,,y,y,,,y,,,,,,,,,,,,,,,,y,,,y,,,,,,,,y,y,,,,,,,y,,,,,,,,,,,,,,,,,,,,,,y,,,,,,y,,,,,,,,,y,,,,y,,,,,y,,,,,,,
3131,Pilot Travel Center #131,"2010 West Clay Street, Osceola, IA 50213",Osceola,IA,50213,41.040587,-93.794771,2.899,3.399,3.679,3.899,fuel,USA,USD,MapUp,PilotJ,,,,,,y,,,,,,,,,,y,,,,,,,,,,,,,y,y,,,y,,,,,,,,y,,,y,,,,,y,,,y,,,,,,,,y,,,,,,,,y,,,,,,,,,,,,,,,,,,,,,,y,,,,,,y,,,,,,,,,y,,,,y,,,,,y,,,,,,,
3373,Pilot Travel Center #373,"11957 Douglas Avenue, Des Moines, IA 50322",Des Moines,IA,50322,41.6302520673495,-93.7794543445663,2.939,3.439,3.849,3.799,fuel,USA,USD,MapUp,PilotJ,,,,,,y,,,,,,,,,,y,,,,,,,,,,,,,,y,,,y,,,,,,,,y,,,,,,,,y,,,y,,,,,,,,y,,,,,,,,y,,,,,,,,y,,,,,y,,,,,,,,,y,,,,,,y,,,,,,,,,y,,,,y,,,,,y,,,,,,,
3374,Pilot Travel Center #374,"2209 Highway 71, Marianna, FL 32448",Marianna,FL,32448,30.725543,-85.186994,2.929,3.429,3.839,3.859,fuel,USA,USD,MapUp,PilotJ,,,,,,y,,,,,,,,,,y,,,,,,,,,,,,,,y,,,y,,,,,,,,y,,,,,,,,y,,,y,,,,,,,,y,y,,,,,,,y,,,,,,,,,,,,,,,,,,,,,,y,,,,,,y,,,,,,,,,y,,,,y,,,,,,,,,,,,
3375,Pilot Travel Center #375,"4440 North Mccarty Street, Houston, TX 77013",Houston,TX,77013,29.8002384,-95.2676262,2.549,3.049,3.549,3.559,fuel,USA,USD,MapUp,PilotJ,,,,,,y,,,,,,,,,,y,,,,,,,,,,,,,,y,,,y,,,,,,,,y,,,,,,,,y,,,y,,,,,,,,y,y,,,,,,,y,,,,,,,,,,,,,,,,,,,,,,y,,,,,,y,,,,,,,,,y,,,,y,,,,,y,,,,,,,
3133,Pilot Travel Center #133,"109450 US-97, Chemult, OR 97731",Chemult,OR,97731,43.2154,-121.784536,3.259,3.759,4.259,3.879,fuel,USA,USD,MapUp,PilotJ,,,,,,y,,,,,,,,,,y,,,,,,,,,y,,,,y,y,,,y,,,,,,,,,,,,,,,,y,,,y,,,,,,,,y,,,,,,,,y,,,,,,,,,,,,,,,,,,,,,,y,,,,,,y,,,,,,,,,y,,,,y,,,,,,,,,,,,
3134,Pilot Travel Center #134,"4231 Clearwater Road, St. Cloud, MN 56301",St. Cloud,MN,56301,45.496045,-94.149032,3.099,3.549,3.869,3.599,fuel,USA,USD,MapUp,PilotJ,,,,,,y,,,,,,,,,,y,,,,,,,,,,,,,y,y,,,y,,,,,,,,y,,,,,,,,y,,,y,,,,,,,,y,,,,,,,,y,,,,,,,,,,,,,,,,,,,,,,y,,,,,,y,,,,,,,,,y,,,,y,,,,,,,,,,,,
3377,Pilot Travel Center #377,"1101 Uniroyal Drive, Laredo, TX 78045",Laredo,TX,78045,27.6840597748745,-99.4614705423278,2.799,3.269,3.519,3.799,fuel,USA,USD,MapUp,PilotJ,,,,,,y,,,,,,,,,,y,,,,,,,,,,,,,,y,,,y,,,,,,,,y,,,,,,,,y,,,y,,,,,,,,y,,,,,,,,y,,,,,,,,,,,,,,,,,,,,y,,y,,,,,,y,,,,,,,,,y,,,,y,,,,,y,,,,,,,
3136,Pilot Travel Center #136,"3022 South 1st Street, Tucumcari, NM 88401",Tucumcari,NM,88401,35.1482,-103.725,2.899,3.299,3.699,3.259,fuel,USA,USD,MapUp,PilotJ,,,,,,,,,,,,,,,,,,,,,,,,,,,,,,,,,,,,,,,,,,,,,,,,,,,,,,,,,,,,,,,,,,,,,,,,,,,,,,,,,,,,,,,,,,,,,,,,,,,,,,,,,,,,,,,,,,,,,,,,,
3137,Pilot Travel Center #137,"395 E. Vista Drive, Weed, CA 96094",Weed,CA,96094,41.3990246,-122.37658,4.399,4.649,4.899,4.639,fuel,USA,USD,MapUp,PilotJ,,,,y,,y,,,,,,,,,,y,,,,,,,,,y,,,,y,,,,y,,,,,,,,y,,,y,,,,,y,,,y,,,,,,,,y,,,,,,,,y,,,,,,,,,,,,,,,,,,,,,,y,,,,,,y,,,,,,,,,y,,,,y,,,,,y,,,,,,,
330,Pilot Travel Center #30,"2640 North 600 West, Greenfield, IN 46140",Greenfield,IN,46140,39.8215028361883,-85.9162309716888,2.739,3.239,3.739,4.059,fuel,USA,USD,MapUp,PilotJ,,,,,,y,,,,,,,,,,y,,,,,,,,,,,,,y,y,,,y,,,,,,,,y,,,,,,,,y,,,y,,,,,,,,y,y,,,,,,,y,,,,,,,,,,,,,,,,,,,,,,y,,,,,,y,,,,,,,,,y,,,,y,,,,,,,,,,,,
331,Pilot Travel Center #31,"8150 Indianapolis Boulevard, Highland, IN 46322",Highland,IN,46322,41.567506,-87.472648,3.199,3.699,4.059,4.039,fuel,USA,USD,MapUp,PilotJ,,,,,,y,,,,,,,,,,y,,,,,,,,,,,,,y,,,,,,,,,,,,,,,,,,,,y,,,y,,,,,,,,y,y,,,,,,,y,,,,,,,,,,,,,,,,,,,,,,y,,,,,,y,,,,,,,,,y,,,,y,,,,,,,,,,,,
334,Pilot Travel Center #34,"4154 West US Highway 24, Remington, IN 47977",Remington,IN,47977,40.7663019,-87.1234491,3.259,3.759,4.259,3.899,fuel,USA,USD,MapUp,PilotJ,,,,y,,y,,,,,,,,,,y,,,,,,,,,,,,,y,y,,,y,,,,,,,,,,,,,,,,y,,,y,,,,,,,,y,,,,,,,,y,,,,,,,,,,,,,,,,,,,,,,y,,,,,,y,,,,,,,,,y,,,,,,,,,,,,,,,,
335,Pilot Travel Center #35,"6424 West Brick Road, South Bend, IN 46628",South Bend,IN,46628,41.736021,-86.336832,2.799,3.299,3.799,3.899,fuel,USA,USD,MapUp,PilotJ,,,,,,y,,,,,,,,,,y,,,,,,,,,,,,,y,y,,,y,,,,,,,,y,,,,,,,,y,,,y,,,,,,,,y,,,,,,,,y,,,,,,,,,,,,,,,,,,,,,,y,,,,,,y,,,,,,,,,y,,,,y,,,,,,,,,,,,
336,Pilot Travel Center #36,"4105 E US Hwy 30, Valparaiso, IN 46383",Valparaiso,IN,46383,41.448527,-87.010376,3.239,3.739,4.239,4.099,fuel,USA,USD,MapUp,PilotJ,,,,,,y,,,,,,,,,,y,,,,,,,,,,,,,y,,,,,,,,,,,,,,,,,,,,y,,,y,,,,,,,,y,y,,,,,,,y,,,,,,,,,,,,,,,,,,,,,,y,,,,,,y,,,,,,,,,y,,,,y,,,,,,,,,,,,
337,Pilot Travel Center #37,"2962 East 500 North, Whiteland, IN 46184",Whiteland,IN,46184,39.5511786337867,-86.0459880085983,2.959,3.449,3.939,3.999,fuel,USA,USD,MapUp,PilotJ,,,,,,y,,,,,,,,,,y,,,,,,,,,,,,,y,y,,,y,,,,,,,,y,,,,,,,,y,,,y,,,,,,,,y,y,,,,,,,y,,,,,,,,y,,,,,,,,,,,,,,y,,,,,,y,,,,,,,,,y,,,,y,,,,,y,,,,,,,
339,Pilot Travel Center #39,"6002 Monee-Manhattan Road, Monee, IL 60449",Monee,IL,60449,41.4275607,-87.7568136,3.099,3.499,3.949,3.599,fuel,USA,USD,MapUp,PilotJ,,,,,,y,,,,,,,,,,y,,,,,,,,,,,,,y,y,,,,,,,,,,,y,,,,,,,,y,,,y,,,,,,,,y,y,,,,,,,y,,,,,,,,,,,,,,,,,,,,,,y,,,,,,y,,,,,,,,,y,,,,y,,,,,y,,,,,,,
3380,Pilot Travel Center #380,"107 Seventh North Street, Liverpool, NY 13088",Liverpool,NY,13088,43.086718,-76.165752,3.039,3.539,4.039,4.199,fuel,USA,USD,MapUp,PilotJ,,,,,,y,,,,,,,,,,y,,,,,,,,,,,,,,y,,,y,,,,,,,,y,,,,,,,,y,,,y,,,,,,,,y,,,,,,,,y,,,,,,,,,,,,,,,,,,,,,,y,,,,,,y,,,,,,,,,y,,,,y,,,,,,,,,,,,
3381,Pilot Travel Center #381,"8701 Highway 395, Hesperia, CA 92344",Hesperia,CA,92344,34.4084996222148,-117.398551588954,3.999,4.299,4.599,4.999,fuel,USA,USD,MapUp,PilotJ,,,,,,y,,,,,,,,,,y,,,,,,,,,y,,,,,y,,,y,,,,,,,,y,,,,,,,,y,,,y,,,,,,,,y,,,,,,,,y,,,,,,,,,,,,,,,,,,,,,,y,,,,,,y,,,,,,,,,y,,,,y,,,,,y,,,,,,,
3141,Pilot Travel Center #141,"289 Bear River Drive, Evanston, WY 82930",Evanston,WY,82930,41.269122,-110.94139,2.959,3.279,3.559,3.619,fuel,USA,USD,MapUp,PilotJ,,,,,,y,,,,,,,,,,,,,,,,,,,,,,,y,y,,,y,,,,,,,,y,,,,,,,,y,,,y,,,,,,,,y,,,,,,,,y,,,,,,,,,,,,,,,,,,,,,,y,,,,,,y,,,,,,,,,y,,,,y,,,,,y,,,,,,,
3384,Pilot Travel Center #384,"2126 Ruffin Mill Road, Colonial Heights, VA 23834",Colonial Heights,VA,23834,37.3108667,-77.3915178,3.159,3.659,4.109,3.899,fuel,USA,USD,MapUp,PilotJ,,,,,,y,,,,,,,,,,y,,,,,,,,,,,,,y,,,,y,,,,,,,,,,,,,,,,y,,,y,,,,,,,,y,y,,,,,,,y,,,,,,,,,,,,,,,,,,,,,,y,,,,,,y,,,,,,,,,y,,,,y,,,,,y,,,,,,,
3385,Pilot Travel Center #385,"9890 SE Missouri 13, Collins, MO 64738",Collins,MO,64738,37.8743402592768,-93.6213025165329,2.899,3.319,3.589,3.399,fuel,USA,USD,MapUp,PilotJ,,,,,,y,,,,,,,,,,y,,,,,,,,,,,,,y,y,,,y,,,,,,,,y,,,,,,,,y,,,y,,,,,,,,y,,,,,,,,y,,,,,,,,,,,,,,,,,,,,,,y,,,,,,y,,,,,,,,,y,,,,y,,,,,y,,,,,,,
3386,Pilot Travel Center #386,"4220 Brooklake Road NE, Brooks, OR 97305",Brooks,OR,97305,45.0487165200713,-122.97493241468,3.299,3.739,4.229,3.739,fuel,USA,USD,MapUp,PilotJ,,,,,,y,,,,,,,,,,y,,,,,,,,,y,,,,,y,,,y,,,,,,,,y,,,,,,,,y,,,y,,,,,,,,y,y,,,,,,,y,,,,,,,,,,,,,,,,,,,,,,y,,,,,,y,,,,,,,,,y,,,,y,,,,,y,,,,,,,
3144,Pilot Travel Center #144,"2975 Gun Club Road, Augusta, GA 30907",Augusta,GA,30907,33.524163,-82.033391,2.999,3.499,3.899,3.959,fuel,USA,USD,MapUp,PilotJ,,,,,,y,,,,,,,,,,y,,,,,,,,,,,,,,y,,,y,,,,,,,,y,,,,,,,,y,,,y,,,,,,,,y,y,,,,,,,y,,,,,,,,,,,,,,,,,,,,,,y,,,,,,y,,,,,,,,,y,,,,y,,,,,y,,,,,,,
3387,Pilot Travel Center #387,"791 Tenth Street, Carlin, NV 89822",Carlin,NV,89822,40.7197077370178,-116.106113500663,3.199,3.699,3.949,3.499,fuel,USA,USD,MapUp,PilotJ,,,,,,y,,,,,,,,,,,,,,,,,,,,,,,y,y,,,,,,,,,,,,,,,,,,,y,,,y,,,,,,,,y,y,,,,,,,y,,,,,,,,,,,,,,,,,,,,,,y,,,,,,y,,,,,,,,,y,,,,y,,,,,,,,,,,,
3145,Pilot Travel Center #145,"5660 West Sunset Avenue, Springdale, AR 72762",Springdale,AR,72762,36.176497,-94.19317,2.849,3.259,3.599,3.699,fuel,USA,USD,MapUp,PilotJ,,,,y,,y,,,,,,,,,,y,,,,,,,,,,,,,y,y,,,y,,,,,,,,y,,,,,,,,y,,,y,,,,,,,,y,,,,,,,,y,,,,,,,,,,,,,,,,,,,,,,y,,,,,,y,,,,,,,,,y,,,,y,,,,,y,,,,,,,
3388,Pilot Travel Center #388,"1555 Tommy Webb Drive, Meridian, MS 39307",Meridian,MS,39307,32.3462016516737,-88.7282990404754,2.599,3.019,3.279,3.399,fuel,USA,USD,MapUp,PilotJ,,,,,,y,,,,,,,,,,,,,,,,,,,,,,,y,y,,,y,,,,,,,,y,,,,,,,,y,,,y,,,,,,,,y,y,,,,,,,y,,,,,,,,,,,,,,,,,,,,,,y,,,,,,y,,,,,,,,,y,,,,y,,,,,,,,,,,,
3146,Pilot Travel Center #146,"995 US Route 9, Castleton - On - Hudson, NY 12033",Castleton - On - Hudson,NY,12033,42.497613,-73.674693,3.299,3.799,4.299,4.259,fuel,USA,USD,MapUp,PilotJ,,,,y,,y,,,,,,,,,,y,,,,,,,,,,,,,,y,,,y,,,,,,,,y,,,,,,,,y,,,y,,,,,,,,y,,,,,,,,y,,,,,,,,,,,,,,,,,,,,,,y,,,,,,y,,,,,,,,,y,,,,y,,,,,,,,,,,,
3147,Pilot Travel Center #147,"1200 Wendover Boulevard, West Wendover, NV 89883",West Wendover,NV,89883,40.7394356,-114.0666244,3.059,3.449,3.669,3.899,fuel,USA,USD,MapUp,PilotJ,,,,,,y,,,,,,,,,,,,,,,,,,,,,,,y,y,,,,,,,,,,,,,,y,,,,,y,,,y,,,,,,,,y,y,,,,,,,y,,,,,,,,,,,,,,,,,,,,,,y,,,,,,y,,,,,,,,,y,,,,y,,,,,y,,,,,,,
340,Pilot Travel Center #40,"2031 West Ryan Road, Oak Creek, WI 53154",Oak Creek,WI,53154,42.871496,-87.94443,2.999,3.479,3.999,3.879,fuel,USA,USD,MapUp,PilotJ,,,,,,y,,,,,,,,,,y,,,,,,,,,,,,,y,y,,,y,,,,,,,,y,,,,,,,,y,,,y,,,,,,,,y,,,,,,,,y,,,,,,,,,,,,,,,,,,,,,,y,,,,,,y,,,,,,,,,y,,,,y,,,,,y,,,,,,,
341,Pilot Travel Center #41,"3060 Owingsville Road, Mount Sterling, KY 40353",Mount Sterling,KY,40353,38.0858434,-83.8991475,2.899,3.399,3.899,3.799,fuel,USA,USD,MapUp,PilotJ,,,,y,,y,,,,,,,,,,y,,,,,,,,,,,,,y,y,,,y,,,,,,,,y,,,,,,,,y,,,y,,,,,,,,y,,,,,,,,y,,,,,,,,,,,,,,,,,,,,,,y,,,,,,y,,,,,,,,,y,,,,y,,,,,y,,,,,,,
343,Pilot Travel Center #43,"3500 North Plainview Road, Walcott, IA 52773",Walcott,IA,52773,41.619597,-90.784545,2.899,3.199,3.899,3.939,fuel,USA,USD,MapUp,PilotJ,,,,,,y,,,,,,,,,,y,,,,,,,,,,,,,y,y,,,y,,,,,,,,y,,,,,,,,y,,,y,,,,,,,,y,,,,,,,,y,,,,,,,,,,,,,,,,,,,,,,y,,,,,,y,,,,,,,,,y,,,,y,,,,,y,,,,,,,
344,Pilot Travel Center #44,"1701 Ashley Road, Boonville, MO 65233",Boonville,MO,65233,38.9393505452,-92.7738526514511,2.859,3.289,3.569,3.699,fuel,USA,USD,MapUp,PilotJ,,,,y,,y,,,,,,,,,,y,,,,,,,,,,,,,y,y,,,y,,,,,,,,y,,,,,,,,y,,,y,,,,,,,,y,,,,,,,,y,,,,,,,,,,,,,y,,,,,,,y,,y,,,,,,y,,,,,,,,,y,,,,y,,,,,y,,,,,,,
346,Pilot Travel Center #46,"2929 Scottsville Road, Franklin, KY 42134",Franklin,KY,42134,36.716046,-86.525849,2.599,3.099,3.519,3.299,fuel,USA,USD,MapUp,PilotJ,,,,,,y,,,,,,,,,,y,,,,,,,,,,,,,y,y,,,y,,,,,,,,,,,,,,,,y,,,y,,,,,,,,y,,,,,,,,y,,,,,,,,,,,,,,,,,,,,,,y,,,,,,y,,,,,,,,,y,,,,y,,,,,,,,,,,,
347,Pilot Travel Center #47,"259 Cherry Blossom Way, Georgetown, KY 40324",Georgetown,KY,40324,38.2767272457763,-84.5601438551559,2.859,3.359,3.579,3.499,fuel,USA,USD,MapUp,PilotJ,,,,,,y,,,,,,,,,,y,,,,,,,,,,,,,y,y,,,y,,,,,,,,y,,,,,,,,y,,,y,,,,,,,,y,,,,,,,,y,,,,,,,,,,,,,,,,,,,,,,y,,,,,,y,,,,,,,,,y,,,,y,,,,,y,,,,,,,
348,Pilot Travel Center #48,"58 Glendale-Hodgenville Road, Glendale, KY 42740",Glendale,KY,42740,37.5955217015083,-85.8649136355819,2.699,3.179,3.699,3.659,fuel,USA,USD,MapUp,PilotJ,,,,,,y,,,,,,,,,,y,,,,,,,,,,,,,y,y,,,y,,,,,,,,y,,,,,,,,y,,,y,,,,,,,,y,,,,,,,,y,,,,,,,,,,,,,,,,,,,,,,y,,,,,,y,,,,,,,,,y,,,,y,,,,,y,,,,,,,
349,Pilot Travel Center #49,"8190 Pembroke-Oak Grove Road, Oak Grove, KY 42262",Oak Grove,KY,42262,36.678258,-87.404384,2.739,3.239,3.709,3.599,fuel,USA,USD,MapUp,PilotJ,,,,,,y,,,,,,,,,,y,,,,,,,,,,,,,y,y,,,y,,,,,,,,y,,,,,,,,y,,,y,,,,,,,,y,,,,,,,,y,,,,,,,,,,,,,,,,,,,,,,y,,,,,,y,,,,,,,,,y,,,,y,,,,,y,,,,,,,
3390,Pilot Travel Center #390,"2115 South Highway 395, Stanfield, OR 97875",Stanfield,OR,97875,45.7659700626596,-119.20567782936,3.259,3.669,4.149,3.659,fuel,USA,USD,MapUp,PilotJ,,,,,,y,,,,,,,,,,y,,,,,,,,,y,,,,y,y,,,y,,,,,,,,,,,y,,,,,y,,,y,,,,,,,,y,,,,,,,,y,,,,,,,,,,,,,,,,,,,,,,y,,,,,,y,,,,,,,,,y,,,,y,,,,,y,,,,,,,
3391,Pilot Travel Center #391,"1600 East Pine Street, Central Point, OR 97502",Central Point,OR,97502,42.3779610506934,-122.899115349073,3.359,3.859,4.099,3.759,fuel,USA,USD,MapUp,PilotJ,,,,,,y,,,,,,,,,,y,,,,,,,,,y,,,,y,y,,,y,,,,,,,,y,,,,,,,,y,,,y,,,,,,,,y,y,,,,,,,y,,,,,,,,,,,,,,,,,,,,,,y,,,,,,y,,,,,,,,,y,,,,y,,,,,y,,,,,,,
3392,Pilot Travel Center #392,"450 East Western Avenue, Sonora, KY 42776",Sonora,KY,42776,37.522476243329,-85.8827177043685,2.749,3.139,3.719,3.299,fuel,USA,USD,MapUp,PilotJ,,,,y,,y,,,,,,,,,,y,,,,,,,,,,,,,y,y,,,y,,,,,,,,y,,,,,,,,y,,,y,,,,,,,,y,,,,,,,,y,,,,,,,,y,,,,,,,,,,,,,,y,,,,,,y,,,,,,,,,y,,,,y,,,,,y,,,,,,,
3150,Pilot Travel Center #150,"11633 Greencastle Pike, Hagerstown, MD 21740",Hagerstown,MD,21740,39.6336277,-77.8071174,3.199,3.549,3.939,4.159,fuel,USA,USD,MapUp,PilotJ,,,,,,y,,,,,,,,,,y,,,,,,,,,,,,,y,y,,,y,,,,,,,,y,,,,,,,,y,,,y,,,,,,,,y,y,,,,,,,y,,,,,,,,,,,,,,,,,,,,,,y,,,,,,y,,,,,,,,,y,,,,y,,,,,,,,,,,,
3393,Pilot Travel Center #393,"3712 Crabtree Road, Waynesville, NC 28786",Waynesville,NC,28786,35.5722564,-82.9558443,2.899,3.309,3.759,3.969,fuel,USA,USD,MapUp,PilotJ,,,,,,y,,,,,,,,,,y,,,,,,,,,,,,,y,y,,,y,,,,,,,,,,,,,,,,y,,,y,,,,,,,,y,y,,,,,,,y,,,,,,,,,,,,,,,,,,,,,,y,,,,,,y,,,,,,,,,y,,,,y,,,,,,,,,,,,
3151,Pilot Travel Center #151,"2430 93rd Avenue SW, Tumwater, WA 98512",Tumwater,WA,98512,46.9534283,-122.9349005,3.659,3.959,4.259,4.559,fuel,USA,USD,MapUp,PilotJ,,,,,,y,,,,,,,,,,y,,,,,,,,,y,,,,y,y,,,y,,,,,,,,,,,,,,,,y,,,y,,,,,,,,y,,,,,,,,y,,,,,,,,,,,,,,,,,,,,,,y,,,,,,y,,,,,,,,,y,,,,y,,,,,y,,,,,,,
3394,Pilot Travel Center #394,"239 Route 17K, Newburgh, NY 12550",Newburgh,NY,12550,41.521248,-74.112935,3.039,3.539,4.039,4.299,fuel,USA,USD,MapUp,PilotJ,,,,,,y,,,,,,,,,,y,,,,,,,,,,,,,y,y,,,y,,,,,,,,y,,,,,,,,y,,,y,,,,,,,,y,y,,,,,,,y,,,,,,,,,,,,,,,,,,,,,,y,,,,,,y,,,,,,,,,y,,,,y,,,,,y,,,,,,,
3152,Pilot Travel Center #152,"14013 Memphis Blue Lick Road, Memphis, IN 47143",Memphis,IN,47143,38.492043,-85.773481,2.959,3.459,3.959,3.899,fuel,USA,USD,MapUp,PilotJ,,,,,,y,,,,,,,,,,y,,,,,,,,,,,,,y,y,,,y,,,,,,,,y,,,,,,,,y,,,y,,,,,,,,y,,,,,,,,y,,,,,,,,,,,,,,,,,,,,,,y,,,,,,y,,,,,,,,,y,,,,y,,,,,y,,,,,,,
3154,Pilot Travel Center #154,"14808 Warren Street, Lost Hills, CA 93249",Lost Hills,CA,93249,35.615131,-119.658782,4.099,4.399,4.699,4.799,fuel,USA,USD,MapUp,PilotJ,,,,,,y,,,,,,,,,,y,,,,,,,,,y,,,,y,,,,y,,,,,,,,y,,,,,,,,y,,,y,,,,,,,,y,y,,,,,,,y,,,,,,,,,,,,,,,,,,,,,,y,,,,,,y,,,,,,,,,y,,,,y,,,,,y,,,,,,,
3396,Pilot Travel Center #396,"3541 Lee Jackson Highway, Staunton, VA 24401",Staunton,VA,24401,38.0199365254408,-79.1413946009109,2.929,3.319,3.649,3.899,fuel,USA,USD,MapUp,PilotJ,,,,,,y,,,,,,,,,,y,,,,,,,,,,,,,y,y,,,y,,,,,,,,y,,,,,,,,y,,,y,,,,,,,,y,y,,,,,,,y,,,,,,,,,,,,,,,,,,,,,,y,,,,,,y,,,,,,,,,y,,,,y,,,,,y,,,,,,,
3398,Pilot Travel Center #398,"39 Victory Lane, Vienna, GA 31092",Vienna,GA,31092,32.0857095565335,-83.760155934142,2.959,3.459,3.959,3.499,fuel,USA,USD,MapUp,PilotJ,,,,,,y,,,,,,,,,,,,,,,,,,,,,,,y,y,,,,,,,,,,,,,,,,,,,y,,,y,,,,,,,,y,,,,,,,,y,,,,,,,,,,,,,,,,,,,,,,y,,,,,,y,,,,,,,,,y,,,,y,,,,,,,,,,,,
3156,Pilot Travel Center #156,"95 Free Henry Ford Road, Madisonville, KY 42431",Madisonville,KY,42431,37.255317,-87.448829,2.699,3.199,3.649,3.659,fuel,USA,USD,MapUp,PilotJ,,,,,,y,,,,,,,,,,y,,,,,,,,,,,,,y,,,,y,,,,,,,,y,,,,,,,,y,,,y,,,,,,,,y,,,,,,,,y,,,,,,,,,,,,,,,,,,,,,,y,,,,,,y,,,,,,,,,y,,,,y,,,,,y,,,,,,,
3157,Pilot Travel Center #157,"1200 South Hillcrest, Sulphur Springs, TX 75482",Sulphur Springs,TX,75482,33.1165005,-95.6342315,2.499,2.999,3.359,3.759,fuel,USA,USD,MapUp,PilotJ,,,,y,,y,,,,,,,,,,y,,,,,,,,,,,,,,y,,,y,,,,,,,,y,,,,,,,,y,,,y,,,,,,,,y,y,,,,,,,y,,,,,,,,,,,,,,,,,,,,,,y,,,,,,y,,,,,,,,,y,,,,y,,,,,,,,,,,,
3399,Pilot Travel Center #399,"150 Park Plaza Boulevard, Lebanon Junction, KY 40150",Lebanon Junction,KY,40150,37.8272189051883,-85.7236473372955,2.729,3.229,3.729,3.659,fuel,USA,USD,MapUp,PilotJ,,,,,,y,,,,,,,,,,y,,,,,,,,,,,,,y,y,,,y,,,,,,,,y,,,,,,,,y,,,y,,,,,,,,y,,,,,,,,y,,,,,,,,,,,,,,,,,,,,,,y,,,,,,y,,,,,,,,,y,,,,y,,,,,y,,,,,,,
3159,Pilot Travel Center #159,"6721 Emmaus Church Road, Providence Forge, VA 23140",Providence Forge,VA,23140,37.499802,-77.089187,2.939,3.439,3.829,3.959,fuel,USA,USD,MapUp,PilotJ,,,,,,y,,,,,,,,,,y,,,,,,,,,,,,,y,y,,,y,,,,,,,,,,,,,,,,y,,,y,,,,,,,,y,y,,,,,,,y,,,,,,,,,,,,,,,,,,,,,,y,,,,,,y,,,,,,,,,y,,,,y,,,,,,,,,,,,
350,Pilot Travel Center #50,"489 Pendleton Road, Sulphur, KY 40070",Sulphur,KY,40070,38.4575268643731,-85.2993779963645,2.899,3.399,3.899,3.759,fuel,USA,USD,MapUp,PilotJ,,,,,,y,,,,,,,,,,y,,,,,,,,,,,,,y,y,,,y,,,,,,,,y,,,,,,,,y,,,y,,,,,,,,y,,,,,,,,y,,,,,,,,,,,,,,,,,,,,,,y,,,,,,y,,,,,,,,,y,,,,y,,,,,y,,,,,,,
352,Pilot Travel Center #52,"535 Waldron Road, Lavergne, TN 37086",Lavergne,TN,37086,35.9978259899627,-86.5950927098564,2.649,3.149,3.529,2.239,fuel,USA,USD,MapUp,PilotJ,,,,,,y,,,,,,,,,,y,,,,,,,,,,,,,,y,,,,,,,,,,,y,,,,,,,,y,,,y,,,,,,,,y,,,,,,,,y,,,,,,,,,,,,,,,,,,,,,,y,,,,,,y,,,,,,,,,y,,,,y,,,,,,,,,,,,
353,Pilot Travel Center #53,"15559 Highway 13 South, Hurricane Mills, TN 37078",Hurricane Mills,TN,37078,35.882357,-87.801889,2.679,3.149,3.679,3.599,fuel,USA,USD,MapUp,PilotJ,,,,,,y,,,,,,,,,,y,,,,,,,,,,,,,y,y,,,y,,,,,,,,y,,,,,,,,y,,,y,,,,,,,,y,y,,,,,,,y,,,,,,,,,,,,,,,,,,,,y,,y,,,,,,y,,,,,,,,,y,,,,y,,,,,y,,,,,,,
356,Pilot Travel Center #56,"2825 Lane Street, Kannapolis, NC 28083",Kannapolis,NC,28083,35.4984556326601,-80.5609626355819,2.939,3.299,3.569,2.139,fuel,USA,USD,MapUp,PilotJ,,,,,,y,,,,,,,,,,y,,,,,,,,,,,,,y,y,,,y,,,,,,,,y,,,,,,,,y,,,y,,,,,,,,y,,,,,,,,y,,,,,,,,,,,,,,,,,,,,,,y,,,,,,y,,,,,,,,,y,,,,y,,,,,y,,,,,,,
357,Pilot Travel Center #57,"1342 Trollingwood Hawfields Road, Mebane, NC 27302",Mebane,NC,27302,36.066066,-79.309196,2.959,3.389,3.799,2.499,fuel,USA,USD,MapUp,PilotJ,,,,,,y,,,,,,,,,,y,,,,,,,,,,,,,y,y,,,y,,,,,,,,,,,,,,,,y,,,y,,,,,,,,y,,,,,,,,y,,,,,,,,,,,,,,,,,,,,,,y,,,,,,y,,,,,,,,,y,,,,y,,,,,y,,,,,,,
358,Pilot Travel Center #58,"2032 Highway 48, Pleasant Hill, NC 27866",Pleasant Hill,NC,27866,36.523299,-77.587281,2.959,3.459,3.949,3.599,fuel,USA,USD,MapUp,PilotJ,,,,,,y,,,,,,,,,,y,,,,,,,,,,,,,,,,,y,,,,,,,,,,,,,,,,y,,,y,,,,,,,,y,,,,,,,,y,,,,,,,,,,,,,,,,,,,,,,y,,,,,,y,,,,,,,,,y,,,,y,,,,,,,,,,,,
3163,Pilot Travel Center #163,"1124 East Motel Drive, Lordsburg, NM 88045",Lordsburg,NM,88045,32.3425833,-108.6810972,2.939,3.439,3.819,3.899,fuel,USA,USD,MapUp,PilotJ,,,,,,y,,,,,,,,,,y,,,,,,,,,,,,,,y,,,y,,,,,,,,y,,,,,,,,y,,,y,,,,,,,,y,,,,,,,,y,,,,,,,,,,,,,,,,,,,,,,y,,,,,,y,,,,,,,,,y,,,,y,,,,,y,,,,,,,
3164,Pilot Travel Center #164,"1101 Gateway Avenue, Mauston, WI 53948",Mauston,WI,53948,43.7968858,-90.0509081,2.999,3.499,3.999,3.559,fuel,USA,USD,MapUp,PilotJ,,,,y,,y,,,,,,,,,,y,,,,,,,,,,,,,y,y,,,y,,,,,,,,y,,,,,,,,y,,,y,,,,,,,,y,,,,,,,,y,,,,,,,,,,,,,,,,,,,,,,y,,,,,,y,,,,,,,,,y,,,,y,,,,,y,,,,,,,
3165,Pilot Travel Center #165,"2500 North 3Rd Street, Effingham, IL 62401",Effingham,IL,62401,39.149186,-88.530599,2.999,3.399,3.849,3.859,fuel,USA,USD,MapUp,PilotJ,,,,,,y,,,,,,,,,,y,,,,,,,,,,,,,y,y,,,y,,,,,,,,y,,,,,,,,y,,,y,,,,,,,,y,y,,,,,,,y,,,,,,,,,,,,,,,,,,,,,,y,,,,,,y,,,,,,,,,y,,,,y,,,,,y,,,,,,,
3167,Pilot Travel Center #167,"2424 East Austin Road, Nevada, MO 64772",Nevada,MO,64772,37.835265,-94.324785,2.659,3.069,3.399,3.399,fuel,USA,USD,MapUp,PilotJ,,,,,,y,,,,,,,,,,y,,,,,,,,,,,,,y,y,,,y,,,,,,,,y,,,,,,,,y,,,y,,,,,,,,y,,,,,,,,y,,,,,,,,,,,,,,,,,,,,,,y,,,,,,y,,,,,,,,,y,,,,y,,,,,,,,,,,,
3168,Pilot Travel Center #168,"30035 County Road 8, Dunnigan, CA 95937",Dunnigan,CA,95937,38.862003,-121.950277,4.099,4.349,4.599,4.799,fuel,USA,USD,MapUp,PilotJ,,,,,,y,,,,,,,,,,y,,,,,,,,,y,,,,y,,,,y,,,,,,,,,,,y,,,,,y,,,y,,,,,,,,y,y,,,,,,,y,,,,,,,,,,,,,,,,,,,,,,y,,,,,,y,,,,,,,,,y,,,,y,,,,,y,,,,,,,
360,Pilot Travel Center #60,"2064 Homestead Road, Bowman, SC 29018",Bowman,SC,29018,33.41699,-80.6663716,2.949,3.449,3.889,2.259,fuel,USA,USD,MapUp,PilotJ,,,,,,y,,,,,,,,,,y,,,,,,,,,,,,,,y,,,y,,,,,,,,y,,,,,,,,y,,,y,,,,,,,,y,y,,,,y,,,y,,,,,,,,,,,,,,,,,,,,,,y,,,,,,y,,,,,,,,,y,,,,y,,,,,y,,,,,,,
361,Pilot Travel Center #61,"12818 Highway 56 North, Clinton, SC 29325",Clinton,SC,29325,34.509127,-81.858031,2.899,3.369,3.829,3.399,fuel,USA,USD,MapUp,PilotJ,,,,,,y,,,,,,,,,,y,,,,,,,,,,,,,y,y,,,,,,,,,,,,,,,,,,,y,,,y,,,,,,,,y,,,,,,,,y,,,,,,,,,,,,,,,,,,,,,,y,,,,,,y,,,,,,,,,y,,,,y,,,,,,,,,,,,
362,Pilot Travel Center #62,"3006 North Williston Road, Florence, SC 29506",Florence,SC,29506,34.2664956725128,-79.7017628809509,2.859,3.359,3.859,3.639,fuel,USA,USD,MapUp,PilotJ,,,,,,y,,,,,,,,,,y,,,,,,,,,,,,,,y,,,y,,,,,,,,y,,,,,,,,y,,,y,,,,,,,,y,y,,,,,,,y,,,,,,,,,,,,,,,,,,,,,,y,,,,,,y,,,,,,,,,y,,,,y,,,,,y,,,,,,,
363,Pilot Travel Center #63,"110 Frontage Road, Piedmont, SC 29673",Piedmont,SC,29673,34.7106851,-82.4975897,2.799,3.229,3.509,3.699,fuel,USA,USD,MapUp,PilotJ,,,,,,y,,,,,,,,,,y,,,,,,,,,,,,,y,y,,,y,,,,,,,,y,,,,,,,,y,,,y,,,,,,,,y,y,,,,,,,y,,,,,,,,,,,,,,,,,,,,,,y,,,,,,y,,,,,,,,,y,,,,y,,,,,,,,,,,,
364,Pilot Travel Center #64,"1521 North Main Street, Summerville, SC 29483",Summerville,SC,29483,33.03876,-80.142235,2.889,3.389,3.769,3.439,fuel,USA,USD,MapUp,PilotJ,,,,,,y,,,,,,,,,,y,,,,,,,,,,,,,,y,,,,,,,,,,,,,,,,,,,y,,,y,,,,,,,,y,,,,,,,,y,,,,,,,,,,,,,,,,,,,,,,y,,,,,,y,,,,,,,,,y,,,,y,,,,,,,,,,,,
365,Pilot Travel Center #65,"4091 Jimmie Dyess Parkway, Augusta, GA 30909",Augusta,GA,30909,33.4800405,-82.1308862,2.899,3.399,3.899,3.959,fuel,USA,USD,MapUp,PilotJ,,,,,,y,,,,,,,,,,y,,,,,,,,,,,,,y,y,,,y,,,,,,,,,,,,,,,,y,,,y,,,,,,,,y,y,,,,,,,y,,,,,,,,,,,,,,,,,,,,,,y,,,,,,,,,,,,,,,y,,,,y,,,,,,,,,,,,
366,Pilot Travel Center #66,"5888 Highway 53, Braselton, GA 30517",Braselton,GA,30517,34.119723,-83.761654,2.999,3.449,3.799,3.649,fuel,USA,USD,MapUp,PilotJ,,,,y,,y,,,,,,,,,,y,,,,,,,,,,,,,,y,,,y,,,,,,,,y,,,,,,,,y,,,y,,,,,,,,y,y,,,,,,,y,,,,,,,,,,,,,,,,,,,,,,y,,,,,,y,,,,,,,,,y,,,,y,,,,,y,,,,,,,
367,Pilot Travel Center #67,"968 Cassville-White Road, Cartersville, GA 30120",Cartersville,GA,30120,34.27204,-84.807653,2.999,3.499,3.999,3.899,fuel,USA,USD,MapUp,PilotJ,,,,,,y,,,,,,,,,,y,,,,,,,,,,,,,y,y,,,y,,,,,,,,y,,,,,,,,y,,,y,,,,,,,,y,y,,,,,,,y,,,,,,,,y,,,,,,,,,,,,,,y,,,,,,y,,,,,,,,,y,,,,y,,,,,y,,,,,,,
368,Pilot Travel Center #68,"2185 US 441, Dublin, GA 31021",Dublin,GA,31021,32.490477,-82.934364,2.849,3.349,3.739,3.859,fuel,USA,USD,MapUp,PilotJ,,,,,,y,,,,,,,,,,y,,,,,,,,,,,,,y,y,,,,,,,,,,,y,,,,,,,,y,,,y,,,,,,,,y,y,,,,,,,y,,,,,,,,,,,,,,,,,,,,,,y,,,,,,y,,,,,,,,,y,,,,y,,,,,,,,,,,,
3171,Pilot Travel Center #171,"503 N. Oakwood Street, Oakwood, IL 61858",Oakwood,IL,61858,40.12375,-87.779499,3.169,3.569,4.019,3.699,fuel,USA,USD,MapUp,PilotJ,,,,,,y,,,,,,,,,,y,,,,,,,,,,,,,y,y,,,y,,,,,,,,,,,y,,,,,y,,,y,,,,,,,,y,,,,,,,,y,,,,,,,,,,,,,y,,,,,,,,,y,,,,,,y,,,,,,,,,y,,,,y,,,,,y,,,,,,,
3174,Pilot Travel Center #174,"500 State Highway 15 South, New Albany, MS 38652",New Albany,MS,38652,34.467802,-89.006085,2.559,3.029,3.409,3.859,fuel,USA,USD,MapUp,PilotJ,,,,,,y,,,,,,,,,,,,,,,,,,,,,,,y,y,,,y,,,,,,,,y,,,,,,,,y,,,y,,,,,,,,y,,,,,,,,y,,,,,,,,,,,,,,,,,,,,,,y,,,,,,y,,,,,,,,,y,,,,y,,,,,y,,,,,,,
3179,Pilot Travel Center #179,"16921 Halfway Blvd, Hagerstown, MD 21740",Hagerstown,MD,21740,39.629071,-77.783875,3.199,3.699,3.999,4.159,fuel,USA,USD,MapUp,PilotJ,,,,,,y,,,,,,,,,,y,,,,,,,,,,,,,y,y,,,y,,,,,,,,y,,,,,,,,y,,,y,,,,,,,,y,y,,,,,,,y,,,,,,,,,,,,,,,,,,,,,,y,,,,,,y,,,,,,,,,y,,,,y,,,,,y,,,,,,,
371,Pilot Travel Center #71,"7001 Highway 21, Port Wentworth, GA 31407",Port Wentworth,GA,31407,32.188259,-81.195549,2.899,3.399,3.779,3.759,fuel,USA,USD,MapUp,PilotJ,,,,,,y,,,,,,,,,,y,,,,,,,,,,,,,y,y,,,y,,,,,,,,y,,,,,,,,y,,,y,,,,,,,,y,y,,,,,,,y,,,,,,,,,,,,,,,,,,,,,,y,,,,,,y,,,,,,,,,y,,,,y,,,,,y,,,,,,,
372,Pilot Travel Center #72,"1504 Dean Forrest Road, Savannah, GA 31408",Savannah,GA,31408,32.072302,-81.199597,2.999,3.499,3.849,3.559,fuel,USA,USD,MapUp,PilotJ,,,,,,y,,,,,,,,,,y,,,,,,,,,,,,,,y,,,,,,,,,,,,,,,,,,,y,,,y,,,,,,,,,,,,,,,,y,,,,,,,,,,,,,,,,,,,,,,y,,,,,,y,,,,,,,,,y,,,,y,,,,,,,,,,,,
375,Pilot Travel Center #75,"6109 US 43 South, Satsuma, AL 36572",Satsuma,AL,36572,30.8727989,-88.0469468,2.659,3.159,3.659,3.699,fuel,USA,USD,MapUp,PilotJ,,,,,,y,,,,,,,,,,,,,,,,,,,,,,,y,y,,,y,,,,,,,,y,,,,,,,,y,,,y,,,,,,,,y,y,,,,,,,y,,,,,,,,,,,,,,,,,,,,,,y,,,,,,y,,,,,,,,,y,,,,y,,,,,y,,,,,,,
376,Pilot Travel Center #76,"4416 Skyland Boulevard East, Tuscaloosa, AL 35405",Tuscaloosa,AL,35405,33.172903,-87.478517,2.699,3.169,3.569,3.459,fuel,USA,USD,MapUp,PilotJ,,,,,,y,,,,,,,,,,,,,,,,,,,,,,,y,y,,,y,,,,,,,,y,,,,,,,,y,,,y,,,,,,,,y,y,,,,,,,y,,,,,,,,,,,,,,,,,,,,,,y,,,,,,y,,,,,,,,,y,,,,y,,,,,y,,,,,,,
377,Pilot Travel Center #77,"2520 South Gallatin Street, Jackson, MS 39204",Jackson,MS,39204,32.2731622538812,-90.1925806600494,2.799,3.259,3.649,3.599,fuel,USA,USD,MapUp,PilotJ,,,,,,y,,,,,,,,,,,,,,,,,,,,,,,,y,,,y,,,,,,,,y,,,,,,,,y,,,y,,,,,,,,y,y,,,,,,,y,,,,,,,,,,,,,,,,,,,,,,y,,,,,,y,,,,,,,,,y,,,,y,,,,,y,,,,,,,
379,Pilot Travel Center #79,"2601 South Range Avenue, Denham Springs, LA 70726",Denham Springs,LA,70726,30.4520297789885,-90.9570637067459,2.739,3.239,3.599,3.559,fuel,USA,USD,MapUp,PilotJ,,,,,,y,,,,,,,,,,y,,,,,,,,,,,,,y,y,,,y,,,,,,,,y,,,,,,,,y,,,y,,,,,,,,y,y,,,,,,,y,,,,,,,,,,,,,,,,,,,,,,y,,,,,,y,,,,,,,,,y,,,,y,,,,,y,,,,,,,
3180,Pilot Travel Center #180,"12500 W Interstate 40, Bellemont, AZ 86015",Bellemont,AZ,86015,35.2385962196196,-111.822046059736,2.989,3.399,3.799,3.999,fuel,USA,USD,MapUp,PilotJ,,,,y,,y,,,,,,,,,,y,,,,,,,,,,,,,y,y,,,y,,,,,,,,y,,,,,,,,y,,,y,,,,,,,,y,y,,,,,,,y,,,,,,,,,,,,,,,,,,,,,,y,,,,,,y,,,,,,,,,y,,,,y,,,,,y,,,,,,,
381,Pilot Travel Center #81,"2010 New Castle Road, Portersville, PA 16051",Portersville,PA,16051,40.9645785,-80.1399735,3.239,3.739,4.149,2.739,fuel,USA,USD,MapUp,PilotJ,,,,y,,y,,,,,,,,,,y,,,,,,,,,,,,,y,y,,,y,,,,,,,,y,,,,,,,,y,,,y,,,,,,,,y,,,,,,,,y,,,,,,,,,,,,,,,,,,,,,,y,,,,,,y,,,,,,,,,y,,,,y,,,,,y,,,,,,,
387,Pilot Travel Center #87,"1050 US 301 South, Baldwin, FL 32234",Baldwin,FL,32234,30.2839697,-81.983862,3.259,3.729,4.239,4.099,fuel,USA,USD,MapUp,PilotJ,,,,,,y,,,,,,,,,,y,,,,,,,,,,,,,y,y,,,,,,,,,,,,,,,,,,,y,,,y,,,,,,,,y,y,,,,,,,y,,,,,,,,,,,,,,,,,,,,,,y,,,,,,y,,,,,,,,,y,,,,y,,,,,,,,,,,,
388,Pilot Travel Center #88,"4455 King Street, Cocoa, FL 32926",Cocoa,FL,32926,28.3591776,-80.7925929,3.239,3.739,3.989,3.659,fuel,USA,USD,MapUp,PilotJ,,,,,,y,,,,,,,,,,y,,,,,,,,,,,,,y,y,,,,,,,,,,,,,,,,,,,,,,y,,,,,,,,y,,,,,,,,y,,,,,,,,,,,,,,,,,,,,,,y,,,,,,y,,,,,,,,,y,,,,y,,,,,,,,,,,,
389,Pilot Travel Center #89,"1526 51St Avenue East, Ellenton, FL 34222",Ellenton,FL,34222,27.528434,-82.512008,3.199,3.699,4.149,3.699,fuel,USA,USD,MapUp,PilotJ,,,,,,y,,,,,,,,,,y,,,,,,,,,,,,,y,y,,,,,,,,,,,,,,,,,,,,,,y,,,,,,,,,,,,,,,,y,,,,,,,,,,,,,,,,,,,,,,y,,,,,,y,,,,,,,,,y,,,,y,,,,,,,,,,,,
3190,Pilot Travel Center #190,"66 NJ-173 West, Hampton, NJ 08827",Hampton,NJ,8827,40.636962,-74.968461,2.939,3.439,3.939,4.199,fuel,USA,USD,MapUp,PilotJ,,,,,,y,,,,,,,,,,y,,,,,,,,,,,,,,,,,,,,,,,,,,,,,,,,,y,,,y,,,,,,,,y,y,,,,,,,y,,,,,,,,,,,,,,,,,,,,,,y,,,,,,,,,,,,,,,y,,,,y,,,,,y,,,,,,,
3192,Pilot Travel Center #192,"4431 Union Road, Tifton, GA 31794",Tifton,GA,31794,31.4283137,-83.5158937,2.999,3.489,3.879,4.039,fuel,USA,USD,MapUp,PilotJ,,,,y,,y,,,,,,,,,,y,,,,,,,,,,,,,,y,,,y,,,,,,,,y,,,,,,,,y,,,y,,,,,,,,y,y,,,,,,,y,,,,,,,,y,,,,,,,,,,,,,,y,,,,,,y,,,,,,,,,y,,,,y,,,,,y,,,,,,,
3195,Pilot Travel Center #195,"91485 Biggs Rufus Highway, Wasco, OR 97065",Wasco,OR,97065,45.66908,-120.835729,3.299,3.799,4.299,3.799,fuel,USA,USD,MapUp,PilotJ,,,,,,y,,,,,,,,,,y,,,,,,,,,y,,,,y,y,,,y,,,,,,,,,,,,,,,,y,,,y,,,,,,,,y,,,,,,,,y,,,,,,,,,,,,,,,,,,,,,,y,,,,,,y,,,,,,,,,y,,,,y,,,,,,,,,,,,
3196,Pilot Travel Center #196,"302 West Ray Fine Boulevard, Roland, OK 74954",Roland,OK,74954,35.4043542,-94.5216395,2.639,3.139,3.579,3.659,fuel,USA,USD,MapUp,PilotJ,,,,y,,y,,,,,,,,,,y,,,,,,,,,,,,,,y,,,y,,,,,,,,y,,,,,,,,y,,,y,,,,,,,,y,y,,,,,,,y,,,,,,,,,,,,,,,,,,,,,,y,,,,,,y,,,,,,,,,y,,,,y,,,,,y,,,,,,,
3198,Pilot Travel Center #198,"10619 9A Road, Plymouth, IN 46563",Plymouth,IN,46563,41.341979,-86.264277,2.999,3.499,3.999,4.099,fuel,USA,USD,MapUp,PilotJ,,,,,,y,,,,,,,,,,y,,,,,,,,,,,,,y,y,,,y,,,,,,,,y,,,,,,,,y,,,y,,,,,,,,y,,,,,,,,y,,,,,,,,,,,,,,,,,,,,,,y,,,,,,y,,,,,,,,,y,,,,y,,,,,y,,,,,,,
3199,Pilot Travel Center #199,"490 North Elm Street, Haughton, LA 71037",Haughton,LA,71037,32.544996,-93.516474,2.699,3.199,3.689,3.479,fuel,USA,USD,MapUp,PilotJ,,,,,,y,,,,,,,,,,y,,,,,,,,,,,,,y,y,,,y,,,,,,,,y,,,,,,,,y,,,y,,,,,,,,y,y,,,,,,,y,,,,,,,,,,,,,,,,,,,,,,y,,,,,,y,,,,,,,,,y,,,,y,,,,,y,,,,,,,
390,Pilot Travel Center #90,"7300 West Okeechobee Road, Fort Pierce, FL 34945",Fort Pierce,FL,34945,27.413892,-80.400146,3.259,3.759,4.249,3.849,fuel,USA,USD,MapUp,PilotJ,,,,,,y,,,,,,,,,,y,,,,,,,,,,,,,y,y,,,y,,,,,,,,y,,,,,,,,y,,,y,,,,,,,,y,y,,,,,,,y,,,,,,,,,,,,,,,,,,,,,,y,,,,,,y,,,,,,,,,y,,,,y,,,,,y,,,,,,,
391,Pilot Travel Center #91,"1625 County Road 210 West, Jacksonville, FL 32259",Jacksonville,FL,32259,30.065564,-81.493909,3.159,3.659,4.159,3.999,fuel,USA,USD,MapUp,PilotJ,,,,,,y,,,,,,,,,,y,,,,,,,,,,,,,y,y,,,y,,,,,,,,y,,,,,,,,y,,,y,,,,,,,,y,y,,,,,,,y,,,,,,,,,,,,,,,,,,,,,,y,,,,,,y,,,,,,,,,y,,,,y,,,,,y,,,,,,,
392,Pilot Travel Center #92,"4255 NW Highway 326, Ocala, FL 34482",Ocala,FL,34482,29.268327,-82.191583,3.259,3.759,4.259,3.699,fuel,USA,USD,MapUp,PilotJ,,,,,,y,,,,,,,,,,y,,,,,,,,,,,,,,,,,y,,,,,,,,,,,,,,,,y,,,y,,,,,,,,y,y,,,,,,,y,,,,,,,,,,,,,,,,,,,,,,y,,,,,,y,,,,,,,,,y,,,,y,,,,,,,,,,,,
394,Pilot Travel Center #94,"26505 Jones Loop Road, Punta Gorda, FL 33950",Punta Gorda,FL,33950,26.8941468,-82.0092852,3.169,3.669,3.949,4.159,fuel,USA,USD,MapUp,PilotJ,,,,,,y,,,,,,,,,,y,,,,,,,,,,,,,y,y,,,y,,,,,,,,y,,,,,,,,y,,,y,,,,,,,,y,y,,,,,,,y,,,,,,,,,,,,,,,,,,,,,,y,,,,,,y,,,,,,,,,y,,,,y,,,,,,,,,,,,
395,Pilot Travel Center #95,"493 East State Route 44, Wildwood, FL 34785",Wildwood,FL,34785,28.873645,-82.095207,3.099,3.599,4.099,3.589,fuel,USA,USD,MapUp,PilotJ,,,,,,y,,,,,,,,,,y,,,,,,,,,,,,,y,y,,,,,,,,,,,y,,,,,,,,y,,,y,,,,,,,,y,,,,,,,,y,,,,,,,,,,,,,,,,,,,,,,y,,,,,,y,,,,,,,,,y,,,,y,,,,,,,,,,,,
396,Pilot Travel Center #96,"3051 State Road 60, Okeechobee, FL 34972",Okeechobee,FL,34972,27.699069,-80.901502,3.289,3.789,4.199,3.959,fuel,USA,USD,MapUp,PilotJ,,,,y,,y,,,,,,,,,,y,,,,,,,,,,,,,,,,,y,,,,,,,,y,,,y,,,,,y,,,y,,,,,,,,y,,,,,,,,y,,,,,,,,,,,,,,,,,,,,,,y,,,,,,y,,,,,,,,,y,,,,y,,,,,y,,,,,,,
397,Pilot Travel Center #97,"175 Northwoods Blvd., Vandalia, OH 45377",Vandalia,OH,45377,39.9024827,-84.1927628,3.159,3.659,4.159,3.559,fuel,USA,USD,MapUp,PilotJ,,,,,,y,,,,,,,,,,y,,,,,,,,,,,,,y,y,,,y,,,,,,,,y,,,y,,,,,y,,,y,,,,,,,,y,y,,,,,,,y,,,,,,,,,,,,,y,,,,,,,,,y,,,,,,y,,,,,,,,,y,,,,y,,,,,y,,,,,,,
31403,Pilot Travel Center #1403,"6723 US-129, Jasper, FL 32052",Jasper,FL,32052,30.4461191431738,-82.9342645705331,,,,3.699,fuel,USA,USD,MapUp,PilotJ,,,,y,,y,,,,,,,,,,y,,,,,,,,,,,,,y,,,,,,,,,,,,,,,y,y,,,,,,,y,,,,,,,,y,,,,,,,,y,,,,,,,,,,,,,,,,,,,,,,,,,,,,,,,,,,,,,y,,,,y,,,,,,,,,,,,
31402,Pilot Travel Center #1402,"2091 Hwy 71, Marianna, FL 32448",Marianna,FL,32448,30.7169345607047,-85.186171363269,,,,3.659,fuel,USA,USD,MapUp,PilotJ,,,,,,y,,,,,,,,,,y,,,,,,,,,,,,,,,,,,,,,,,,,,,,,,,,,,,,y,,,,,,,,y,,,,,,,,y,,,,,,,,,,,,,,,,,,,,,,,,,,,,y,,,,,,,,,y,,,,y,,,,,,,,,,,,
31401,Pilot Travel Center #1401,"14170 South US HWY-441, Lake City, FL 32024",Lake City,FL,32024,29.9958200452677,-82.5984157699405,,,,3.699,fuel,USA,USD,MapUp,PilotJ,,,,,,y,,,,,,,,,,y,,,,,,,,,,,,,y,,,,,,,,,,,,,,,,y,,,,,,,y,,,,,,,,y,,,,,,,,y,,,,,,,,,,,,,,,,,,,,,,,,,,,,y,,,,,,,,,y,,,,y,,,,,,,,,,,,
31415,Pilot Travel Center #1415,"293 E County Road 470, Lake Panasoffkee, FL 33538",Lake Panasoffkee,FL,33538,28.7536796345543,-82.0990027616097,,,,3.599,fuel,USA,USD,MapUp,PilotJ,,,,,,,,,,,,,,,,,,,,,,,,,,,,,,,,,,,,,,,,,,,,,,,,,,,,,,,,,,,,,,,,,,,,,,,,,,,,,,,,,,,,,,,,,,,,,,,,,,,,,,,,,,,,,,,,,,,,,,,,,
31414,Pilot Travel Center #1414,"5151 N Fork Road, Elliston, VA 24087",Elliston,VA,24087,37.2327962802222,-80.2405220374343,,,,3.559,fuel,USA,USD,MapUp,PilotJ,,,,,,,,,,,,,,,,,,,,,,,,,,,,,,,,,,,,,,,,,,,,,,,,,,,,y,,,,,,,,,,,,,,,,y,,,,,,,,,,,,,,,,,,,,,,y,,,,,,,,,,,,,,,,,,,,,,,,,,,,,,,
31413,Pilot Travel Center #1413,"5150 State Park Road, Dublin, VA 24084",Dublin,VA,24084,37.0862975091085,-80.6498273077826,,,,3.559,fuel,USA,USD,MapUp,PilotJ,,,,,,,,,,,,,,,,,,,,,,,,,,,,,,,,,,,,,,,,,,,,,,,,,,,,,,,,,,,,,,,,,,,,,,,,,,,,,,,,,,,,,,,,,,,,,,,,,,,,,,,,,,,,,,,,,,,,,,,,,
31412,Pilot Travel Center #1412,"16452 W Russell Rd, Wadsworth, IL 60083",Wadsworth,IL,60083,42.487881561387,-87.9510439455709,,,,3.899,fuel,USA,USD,MapUp,PilotJ,,,,,,,,,,,,,,,,,,,,,,,,,,,,,,,,,,,,,,,,,,,,,,,,,,,,,,,,,,,,,,,,,,,,,,,,,,,,,,,,,,,,,,,,,,,,,,,,,,,,,,,,,,,,,,,,,,,,,,,,,
31411,Pilot Travel Center #1411,"1275 East Business Loop, Bowie, AZ 85605",Bowie,AZ,85605,32.3190169045957,-109.452304328697,,,,3.499,fuel,USA,USD,MapUp,PilotJ,,,,,,,,,,,,,,,,,,,,,,,,,,,,,,,,,,,,,,,,,,,,,,,,,,,,,,,,,,,,,,,,,,,,y,,,,,,,,,,,,,,,,,,,,,,,,,,,,,,,,,,,,,,,,,,,,,,,,,,,,,
31419,Pilot Travel Center #1419,"20204 I-35, Lytle, TX 78052",Lytle,TX,78052,29.220399049239,-98.7948152941379,,,,3.359,fuel,USA,USD,MapUp,PilotJ,,,,,,,,,,,,,,,,,,,,,,,,,,,,,,,,,,,,,,,,,,,,,,,,,,,,,,,,,,,,,,,,,,,,,,,,,,,,,,,,,,,,,,,,,,,,,,,,,,,,,,,,,,,,,,,,,,,,,,,,,
31417,Pilot Travel Center #1417,"12016 I-35, Lorena, TX 76655",Lorena,TX,76655,31.3951335,-97.2069101,,,,3.259,fuel,USA,USD,MapUp,PilotJ,,,,,,,,,,,,,,,,,,,,,,,,,,,,,,,,,,,,,,,,,,,,,,,,,,,,,,,,,,,,,,,,,,,,,,,,,,,,,,,,,,,,,,,,,,,,,,,,,,,,,,,,,,,,,,,,,,,,,,,,,
31416,Pilot Travel Center #1416,"4880 Mountain Creek Pkwy, Dallas, TX 75236",Dallas,TX,75236,32.6724479695181,-96.9682249705696,,,,3.259,fuel,USA,USD,MapUp,PilotJ,,,,,,,,,,,,,,,,,,,,,,,,,,,,,,,,,,,,,,,,,,,,,,,,,,,,,,,,,,,,,,,,,,,,,,,,,,,,,,,,,,,,,,,,,,,,,,,,,,,,,,,,,,,,,,,,,,,,,,,,,
31426,Pilot Travel Center #1426,"612 Northside Blvd, Nampa, ID 83687",Nampa,ID,83687,43.5986043049615,-116.572318274481,,,,3.479,fuel,USA,USD,MapUp,PilotJ,,,,,,,,,,,,,,,,,,,,,,,,,,,,,,,,,,,,,,,,,,,,,,,,,,,,,,,,,,,,,,,,,,,,,,,,,,,,,,,,,,,,,,,,,,,,,,,,,,,,,,,,,,,,,,,,,,,,,,,,,
31424,Pilot Travel Center #1424,"7051 McCracken Rd, Westley, CA 95387",Westley,CA,95387,37.5442934403418,-121.270491273925,,,,4.459,fuel,USA,USD,MapUp,PilotJ,,,,,,,,,,,,,,,,,,,,,,,,,,,,,,,,,,,,,,,,,,,,,,,,,,,,,,,,,,,,,,,,,,,,,,,,,,,,,,,,,,,,,,,,,,,,,,,,,,,,,,,,,,,,,,,,,,,,,,,,,
31422,Pilot Travel Center #1422,"820 Central Ave, Moriarty, NM 87035",Moriarty,NM,87035,35.0039451121722,-106.028932018083,,,,3.359,fuel,USA,USD,MapUp,PilotJ,,,,,,,,,,,,,,,,,,,,,,,,,,,,,,,,,,,,,,,,,,,,,,,,,,,,,,,,,,,,,,,,,,,,,,,,,,,,,,,,,,,,,,,,,,,,,,,,,,,,,,,,,,,,,,,,,,,,,,,,,
31429,Pilot Travel Center #1429,"2001 Highway 30 West, Fruitland, ID 83619",Fruitland,ID,83619,43.973959085762,-116.912828350446,,,,3.459,fuel,USA,USD,MapUp,PilotJ,,,,,,,,,,,,,,,,,,,,,,,,,,,,,,,,,,,,,,,,,,,,,,,,,,,,,,,,,,,,,,,,,,,,,,,,,,,,,,,,,,,,,,,,,,,,,,,,,,,,,,,,,,,,,,,,,,,,,,,,,
31428,Pilot Travel Center #1428,"122 West Simplot Blvd, Caldwell, ID 83605",Caldwell,ID,83605,43.6703471184461,-116.699834906537,,,,3.479,fuel,USA,USD,MapUp,PilotJ,,,,,,,,,,,,,,,,,,,,,,,,,,,,,,,,,,,,,,,,,,,,,,,,,,,,,,,,,,,,,,,,,,,,,,,,,,,,,,,,,,,,,,,,,,,,,,,,,,,,,,,,,,,,,,,,,,,,,,,,,
31427,Pilot Travel Center #1427,"1407 N Franklin Blvd, Nampa, ID 83687",Nampa,ID,83687,43.5968459871019,-116.553878688319,,,,3.479,fuel,USA,USD,MapUp,PilotJ,,,,,,,,,,,,,,,,,,,,,,,,,,,,,,,,,,,,,,,,,,,,,,,,,,,,,,,,,,,,,,,,,,,,,,,,,,,,,,,,,,,,,,,,,,,,,,,,,,,,,,,,,,,,,,,,,,,,,,,,,
31440,Pilot Travel Center #1440,"115 US-167, Bald Knob, AR 72010",Bald Knob,AR,72010,35.3216729709095,-91.5623242821743,,,,3.699,fuel,USA,USD,MapUp,PilotJ,,,,,,,,,,,,,,,,,,,,,,,,,,,,,,,,,,,,,,,,,,,,,,,,,,,,,,,,,,,,,,,,,,,,,,,,,,,,,,,,,,,,,,,,,,,,,,,,,,,,,,,,,,,,,,,,,,,,,,,,,
31436,Pilot Travel Center #1436,"3680 AL - 81, Tuskegee, AL 36083",Tuskegee,AL,36083,32.4715455884262,-85.690373984044,2.799,3.099,3.399,3.579,fuel,USA,USD,MapUp,PilotJ,,,,,,,,,,,,,,,,,,,,,,,,,,,,,,,,,y,,,,,,,,,,,,,,,,y,,,y,,,,,,,,,,,,,,,,y,,,,,,,,,,,,,,,,,,,,,,,,,,,,,,,,,,,,,,,,,,,,,,y,,,,,,,
31433,Pilot Travel Center #1433,"17405 S 40th Street, Chandler, AZ 85048",Chandler,AZ,85048,33.2887646587862,-111.996583854838,,,,3.899,fuel,USA,USD,MapUp,PilotJ,,,,,,,,,,,,,,,,,,,,,,,,,,,,,,,,,,,,,,,,,,,,,,,,,,,,,,,,,,,,,,,,,,,,,,,,,,,,,,,,,,,,,,,,,,,,,,,,,,,,,,,,,,,,,,,,,,,,,,,,,
31432,Pilot Travel Center #1432,"2129 Barr Pl, Brighton, CO 80603",Brighton,CO,80603,39.9556,-104.769,,,,3.239,fuel,USA,USD,MapUp,PilotJ,,,,,,,,,,,,,,,,,,,,,,,,,,,,,,,,,,,,,,,,,,,,,,,,,,,,,,,,,,,,,,,,,,,,,,,,,,,,,,,,,,,,,,,,,,,,,,,,,,,,,,,,,,,,,,,,,,,,,,,,,
31439,Pilot Travel Center #1439,"420 N Lobdell Hwy, Port Allen, LA 70767",Port Allen,LA,70767,30.4542492698821,-91.2465266705522,,,,3.599,fuel,USA,USD,MapUp,PilotJ,,,,,,,,,,,,,,,,,,,,,,,,,,,,,,,,,,,,,,,,,,,,,,,,,,,,,,,,,,,,,,,,,,,,,,,,,,,,,,,,,,,,,,,,,,,,,,,,,,,,,,,,,,,,,,,,,,,,,,,,,
31206,Pilot Travel Center #1206,"700 E. Hwy 302, Kermit, TX 79745",Kermit,TX,79745,31.8532524866078,-103.067767208643,3.299,3.799,4.179,3.599,fuel,USA,USD,MapUp,PilotJ,,,,,,y,,,,,,,,,,y,,,,,,,,,,,,,,,,,,,,,,,,,,,,,,,,,y,,,y,,,,,,,,y,,,,,,,,y,,,,,,,,,,,,,y,,,,,,,,,y,,,,,,y,,,,,,,,,y,,,,,,,,,y,,,,,,,
31205,Pilot Travel Center #1205,"4840 E. I-20, Monahans, TX 79756",Monahans,TX,79756,31.6142387,-102.8112635,2.689,3.189,3.589,3.599,fuel,USA,USD,MapUp,PilotJ,,,,,,y,,,,,,,,,,y,,,,,,,,,,,,,,,,,y,,,,,,,,,,,,,,,,y,,,y,,,,,,,,y,,,,,,,,y,,,,,,,,,,,,,,,,,,,,,,y,,,,,,y,,,,,,,,,y,,,,,,,,,y,,,,,,,
31203,Pilot Travel Center #1203,"10580 Old Highway 80 West, Meridian, MS 39307",Meridian,MS,39307,32.343302668867,-88.79818492527,2.599,2.989,3.269,3.299,fuel,USA,USD,MapUp,PilotJ,,,,,,,,,,,,,,,,,,,,,,,,,,,,,,,,,,,,,,,,,,,,,,,,,y,,,y,,,,,,,,y,,,,,,,,y,,,,,,,,,,,,,,,,,,,,,,y,,,,,,y,,,,,,,,,y,,,,,,,,,y,,,,,,,
31441,Pilot Travel Center #1441,"12971 Northgate Blvd, North Edwards, CA 93523",North Edwards,CA,93523,35.0122382145731,-117.88277778523,,,,4.459,fuel,USA,USD,MapUp,PilotJ,,,,,,,,,,,,,,,,,,,,,,,,,,,,,,,,,,,,,,,,,,,,,,,,,,,,,,,,,,,,,,,,,,,,,,,,,,,,,,,,,,,,,,,,,,,,,,,,,,,,,,,,,,,,,,,,,,,,,,,,,
31209,Pilot Travel Center #1209,"2810 Rankin Highway 349, Midland, TX 79706",Midland,TX,79706,31.9685155,-102.0731036,2.899,3.319,3.639,3.699,fuel,USA,USD,MapUp,PilotJ,,,,,,y,,,,,,,,,,y,,,,,,,,,,,,,,,,,,,,,,,,,,,,,,,,,,,,y,,,,,,,,y,,,,,,,,y,,,,,,,,,,,,,,,,,,,,,,y,,,,,,y,,,,,,,,,y,,,,y,,,,,y,,,,,,,
31208,Pilot Travel Center #1208,"3075 Gila Ridge Road, Yuma, AZ 85365",Yuma,AZ,85365,32.6849725860549,-114.580942347292,2.939,3.339,3.739,3.899,fuel,USA,USD,MapUp,PilotJ,,,,,,,,,,,,,,,,,,,,,,,,,,,,,,,,,y,,,,,,,,,,,,,,,,y,,,y,,,,,,,,y,,,,,,,,y,,,,,,,,,,,,,y,,,,,,,,,y,,,,,,,,,,,,,,,,,,,,,,,,y,,,,,,,
31207,Pilot Travel Center #1207,"101 South Loop 464 Rd, Monahans, TX 79756",Monahans,TX,79756,31.5874173036461,-102.917423090213,2.689,3.189,3.549,3.599,fuel,USA,USD,MapUp,PilotJ,,,,,,y,,,,,,,,,,y,,,,,,,,,,,,,,,,,,,,,,,,,,,,,,,,,,,,y,,,,,,,,y,,,,,,,,y,,,,,,,,,,,,,,,,,,,,,,y,,,,,,,,,,,,,,,y,,,,y,,,,,,,,,,,,
4253,TA West Greenwich,"849 Victory Hwy WestWest Greenwich, RI, 02817",West Greenwich,Rhode Island,2817,41.6081,-71.6638,2.999,3.399,3.949,3.699,fuel,USA,USD,MapUp,TA-Petro,,,,,,,,,,,,,,y,,,,,y,,,,,,,,,,,,3,,,,,,,6,y,,,,,,,,,,,y,,,,,y,y,,,1,180,,,,,,y,,,,,y,,,,,,y,,,y,,,,,,y,y,,Popeyes,6,,,,,y,,,,,BP,y,,,y,,,y,,,y,,,,,y,y,y,,y,y,
4238,Petro Columbia,"2154 S. Beltline Blvd.Columbia, SC, 29201",Columbia,South Carolina,29201,33.9533,-80.9896,2.599,2.999,3.549,3.739,fuel,USA,USD,MapUp,TA-Petro,,,,,,,,,,,,,,y,,,,,y,,y,,,,,,,y,,,3,,,,,,,8,y,,y,,,,,,,,,y,,,,,y,y,,,1,134,,,,,,y,,,,,,,,,,,y,,,y,,Quaker Steak & Lube,,,,y,y,,Starbucks,10,,,,,y,,,,,BP,y,,,y,,,y,,,y,,,,,y,y,y,,y,y,
4393,Petro Florence,"3001 TV Rd.Florence, SC, 29501",Florence,South Carolina,29501,34.2665,-79.7321,2.759,3.159,3.719,3.669,fuel,USA,USD,MapUp,TA-Petro,y,,,,,,y,,,,,,,y,,,,,y,,,,,,,,,y,,,2,,,,,,,12,y,,y,,,,,,,,,y,,,,,y,y,,,1,210,,,,,,y,,,,,,,,,,Blue Beacon Truck Wash,y,,,y,,Iron Skillet,,,,y,y,,,14,,,,,y,,,,y,Amoco,y,,,y,,,y,,,y,,,,,y,y,y,,y,y,
4262,TA Columbia North,"99 Plumbers RoadColumbia, SC, 29203",Columbia,South Carolina,29203,34.0747,-80.9971,3.099,3.499,4.049,3.749,fuel,USA,USD,MapUp,TA-Petro,,,,,,,,,,,,,,y,,,,,y,,y,,,,,,,y,,,1,,,,,,,4,y,,,,,,,,,,,y,,,,,y,,,,1,78,,,,,,y,,,,,y,,,,,,,,,y,,,,,,y,y,,"Dunkin', Taco Bell",7,,,,,y,,,,,Amoco,,,,y,,,y,,,y,,,,,y,y,y,,y,y,y
4477,TA Cowpens,"175 Truck Stop RdCowpens, SC, 29330",Cowpens,South Carolina,29330,35.046879,-81.812281,2.999,3.399,3.949,3.699,fuel,USA,USD,MapUp,TA-Petro,,,,,,,y,,,,,,,y,,,,,y,,,,,,,,,,,,2,,,,,,,6,y,,,,,,,,,,,,,,,,y,y,,,1,80,,,,,,y,,,,,,,,,,,,,,y,,,,y,,y,y,,Sbarro,8,,,,,y,,1,,,Amoco,y,,,y,,,y,,,y,,,,,y,y,y,,y,,y
4465,TA Express Fair Play,"272 Herring RdFair Play, SC, 29643",Fair Play,South Carolina,29643,34.50464,-82.96549,2.999,3.399,3.949,3.699,fuel,USA,USD,MapUp,TA-Petro,,,,,,,,,,,,,,y,,,,,y,,,,,,,,,,,,,,,,,,,5,y,,,,,,,,,,,,,,,,y,y,,,1,130,,,,,,y,,,,,,,,,,,y,,,y,,Cheryl’s Potato Boat,,,,y,y,,,7,,,,,y,,,,,Amoco,y,,,y,,,y,,,y,,,,,y,y,y,,y,y,
4195,TA Florence,"2301 W. Lucas StreetFlorence, SC, 29501",Florence,South Carolina,29501,34.2364,-79.8065,2.899,3.299,3.849,3.669,fuel,USA,USD,MapUp,TA-Petro,,,,,,,,,,,,,,,,,,,,,,,,,,,,y,,,2,,,,,,,9,y,,,,,,,,,,,y,,,,,,y,,,1,77,,,,,,,,,,,y,,,,,,,,,,,,,,,,,,Popeyes,5,,,,,,,,,,BP,,,,,,,,,,,,,,,,,,,,,
4179,TA Manning,"3014 Paxville HighwayManning, SC, 29102",Manning,South Carolina,29102,33.7046,-80.242,2.739,3.139,3.689,3.399,fuel,USA,USD,MapUp,TA-Petro,,,,,,,,,,,,,,y,,,,,y,,,,,,,y,,y,,,2,,,,,,,8,y,,,,,,,,,,,y,,,,,y,y,,,1,84,,,,,,y,,,,,y,,,,,,y,,,y,,,,,,y,y,,"Popeyes, Taco Bell Express",8,,y,,,y,,,,,BP,,,,y,,,y,,,y,,,,,y,y,y,,y,y,
425,TA Spartanburg,"1402 East Main St.Duncan, SC, 29334-9647",Duncan,South Carolina,29334-9647,34.914,-82.11,2.969,3.369,3.919,3.659,fuel,USA,USD,MapUp,TA-Petro,,,,,,,,,,,,,,y,,,,,y,,,,,,,y,,y,,,3,,,,,,,8,y,,y,,,,,,,,,y,,,,,y,y,,,1,187,,,,,,y,,,,,y,,,,,,y,,,y,,Country Pride,,,,y,y,,,11,,,,,y,,,,,BP,,,,y,,,y,,,y,,,,,y,y,y,,y,y,y
4326,Petro N. Little Rock,"3205 Valentine RoadNorth Little Rock, AR, 72117",North Little Rock,Arkansas,72117,34.781,-92.1298,2.799,3.259,3.819,3.599,fuel,USA,USD,MapUp,TA-Petro,,,,,,,,,,,,,,y,,,,,y,,,,,,,,,y,,,6,,,,,,,10,y,,y,,,,,,,,,y,,,,,y,y,,,1,250,,,,,,y,,,,,y,,,,,,y,,,y,,Iron Skillet,,,,y,y,,,14,,y,,,y,,,,y,Shell,y,,,y,,,y,,,y,,,,,y,y,y,,y,y,
4311,Petro W. Memphis,"3900 Petro RoadWest Memphis, AR, 72301",West Memphis,Arkansas,72301,35.1544,-90.136,2.649,3.049,3.599,3.749,fuel,USA,USD,MapUp,TA-Petro,,,,,,,,,,,,,,y,,,,,y,,,,,,,,,y,,,4,,,,,,,12,y,,y,,,,,,,,,y,,,,,y,y,,,1,280,,,,,y,y,,,,,y,,,,,,y,,,y,,IHOP,,,,y,y,,,17,,y,,,y,,,,y,Amoco,y,,,y,,,y,,,y,,,,,y,y,y,,y,y,
4954,TA Atkins,"100 Fish Lake RoadAtkins, AR, 72823",Atkins,Arkansas,72823,35.22162,-92.82594,,,,3.659,fuel,USA,USD,MapUp,TA-Petro,,,,,,,,,,,,,,,,,,,,,,,,,,,,y,,,4,,,,,,,6,y,,,,,,,,,,,y,,,,,,y,,,1,100,,,,,,,,,,,,,,,,,y,,,,,,,,,,,,"Charleys Philly Steaks, Sbarro",6,,,,,y,,1,,,Gulf,y,,,,,,,,,,,,,,,,,,,,
433,TA Earle,"408 Highway 149 NorthEarle, AR, 72331",Earle,Arkansas,72331,35.1364,-90.488,2.879,3.279,3.829,3.749,fuel,USA,USD,MapUp,TA-Petro,,,,,,,y,,,,,,,y,,,,,y,,,,,,,,,y,,,4,,,,,,,8,y,,y,,,,,,,,,y,,,,,y,y,,,1,137,,,,,,y,,,,,y,,,,,,y,,,y,,,,,,y,y,,"Burger King, Pizza Hut Express, Taco Bell",9,,,,,y,,,,,BP,y,,,y,,,y,,,y,,,,,y,y,y,,y,y,
4448,TA Express Jonesboro,"3021 DR MLK JR DRJonesboro, AR, 72401",Jonesboro,Arkansas,72401,35.80805,-90.62719,,,,3.579,fuel,USA,USD,MapUp,TA-Petro,,,,,,,,,,,,,,,,,,,,,,,,,,,,y,,,5,,,,,,,7,y,,,,,,,,,,,y,,,,,,y,,,1,90,,,,,,,,,,,,,,,,,,,,,,,,,,,,,KFC,7,,,,,,,1,,,Phillips,y,,,,,,,,,,,,,,,,,,,,
4224,TA Prescott,"1806 Hwy 371 WestPrescott, AR, 71857",Prescott,Arkansas,71857,33.8112,-93.427,2.799,3.199,3.749,3.699,fuel,USA,USD,MapUp,TA-Petro,y,,,,,,y,,,,,,,y,,,,,y,,,,,,,,,y,,,4,,,,,,,10,y,,y,,,,,,,,,y,,,,,y,y,,,1,292,,,,,,y,,,,,y,,,,,,y,,,y,,,,,,y,y,,"Subway, Taco Bell",11,,y,,,y,,,,,Shell,y,,,y,,,y,,,y,,,,,y,y,y,,y,y,
4216,TA Baltimore,"5501 O\'Donnell StreetBaltimore, MD, 21224",Baltimore,Maryland,21224,39.2775,-76.5488,,,,5.379,fuel,USA,USD,MapUp,TA-Petro,,,,,,,,,,,,,,y,,,,,y,,,,,,,,,y,,,4,,,,,y,,8,y,,,,,,,,,,,y,,,,,y,y,,,1,181,,,,,y,y,,,,,y,,,,,,y,,,y,,,,,,y,y,,,11,,,,,y,,,,,,,,,y,,,y,,,y,,,,,y,y,y,,y,y,y
4151,TA Baltimore South,"7401 Assateague DriveJessup, MD, 20794",Jessup,Maryland,20794,39.1667,-76.7828,3.299,3.899,4.299,5.059,fuel,USA,USD,MapUp,TA-Petro,,,,,,,,,,,,,,y,,,,,y,,,,,,,,,y,,,6,,,,,y,,9,y,,,,,,,,,,,y,,,,,y,y,,,1,436,,,,,y,y,,,,,y,,,,,,y,,,y,,Country Pride,,,,y,y,,,19,,,,,y,,,,y,BP,,,,y,,,y,,,y,,,,,y,y,y,,y,y,y
419,TA Elkton,"1400 Elkton RoadElkton, MD, 21921",Elkton,Maryland,21921,39.6436,-75.7974,3.099,3.599,3.999,5.539,fuel,USA,USD,MapUp,TA-Petro,,,,,,,,,,,,,,y,,,,,y,,,,,,,,,y,,,2,,,,,,,10,y,,y,,,,,,,,,y,,,,,y,y,,,1,151,,,,,y,y,,,,,y,,,,,,y,,,y,,,,,,y,y,,,10,,y,,,y,,,,,BP,,,,y,,,y,,,y,,,,,y,y,y,,y,y,y
4323,Petro Ocala,"7401 West Hwy 318Reddick, FL, 32686",Reddick,Florida,32686,29.409,-82.2462,3.259,3.659,4.219,3.639,fuel,USA,USD,MapUp,TA-Petro,y,,,,,,y,,,,,,,y,,,,,y,,,,,,,y,,y,,,2,,,,,,,12,y,,y,,,,,,,,,y,,,,,y,y,,,1,270,,,,,,y,,,,,y,,,,,,y,,,y,,Iron Skillet,,,,y,y,,Wendy's,14,,y,,,y,,,,y,BP,y,,,y,,,y,,,y,,,,,y,y,y,,y,y,
4247,TA Baldwin,"1024 US 301 SouthBaldwin, FL, 32234",Baldwin,Florida,32234,30.2855,-81.9841,3.259,3.659,4.219,4.129,fuel,USA,USD,MapUp,TA-Petro,,,,,,,y,,,,,,,y,,,,,y,,,,,,,y,,y,,,2,,,,,,,6,y,,,,,,,,,,,y,,,,,y,y,,,1,90,,,,,,y,,,,,y,,,,,,y,,,y,,,,,,y,y,,Arby's,6,,,,,y,,,,,Amoco,y,,,y,,,y,,,y,,,,,y,y,y,,y,y,
4158,TA Express Tampa,"11706 Tampa Gateway Blvd.Seffner, FL, 33584",Seffner,Florida,33584,28.0099,-82.301,3.259,3.659,4.219,3.799,fuel,USA,USD,MapUp,TA-Petro,y,,,,,,y,,,,,,,y,,,,,y,,,,,,,y,,y,,,2,,,,,,,6,y,,y,,,,,,,,,y,,,,,y,y,,,1,81,,,,,y,y,,,,,y,,,,,,y,,,y,,,,,,y,y,,"Arby's, Popeyes",7,,,,,y,,,,,BP,y,,,y,,,y,,,y,,,,,y,y,y,,y,y,y
4248,TA Jacksonville South,"1650 C.R. 210 WestJacksonville, FL, 32259-2011",Jacksonville,Florida,32259-2011,30.0661,-81.4961,3.159,3.659,4.219,4.049,fuel,USA,USD,MapUp,TA-Petro,,,,,,,y,,,,,,,y,,,,,y,,,,,,,,,,,,2,,,,,,,7,y,,,,,,,,,,,y,,,,,y,y,,,1,87,,,,,,y,,,,,y,,,,,,y,,,y,,,,,,y,y,,"Popeyes, Subway",6,,y,,,y,,,,,Amoco,y,,,y,,,y,,,y,,,,,y,y,y,,y,y,y
4288,TA Lake City,"14197 South US HWY 441Lake City, FL, 32024",Lake City,Florida,32024,29.99558,-82.59672,,,,3.699,fuel,USA,USD,MapUp,TA-Petro,,,,,,,,,,,,,,y,,,,,y,,,,,,,,,y,,,,,,,,,,9,y,,,,,,,,,,,y,,,,,y,,,,1,270,,,,,,y,,,,,,,,,,,y,,,y,,Global Bar & Grill,,,,y,y,,Brick Oven Pizza,13,,,,,y,,,,y,Sunoco,,,,y,,,y,,,y,,,,,y,y,y,,y,y,
4178,TA Marianna,"2112 Highway 71 SouthMarianna, FL, 32448",Marianna,Florida,32448,30.7187,-85.1837,2.929,3.329,3.879,3.789,fuel,USA,USD,MapUp,TA-Petro,,,,,,,y,,,,,,,y,,,,,y,,,,,,,y,,y,,,2,,,,,,,8,y,,y,,,,,,,,,y,,,,,y,y,,,1,123,,,,,,y,,,,,y,,,,,,,,,y,,,,,,y,y,,"Popeyes, Taco Bell & Pizza Hut Express",9,,,,,y,,,,,BP,y,,,y,,,y,,,y,,,,,y,y,y,,y,y,
4197,TA Vero Beach,"8909 20th StreetVero Beach, FL, 32966",Vero Beach,Florida,32966,27.6381,-80.511,3.259,3.659,4.219,3.799,fuel,USA,USD,MapUp,TA-Petro,,,,,,,y,,,,,,,y,,,,,y,,,,,,,,,y,,,3,,,,,,,8,y,,y,,,,,,,,,y,,,,,y,y,,,1,162,,,,,,y,,,,,y,,,,,,y,,,y,,Country Pride,,,,y,y,,"Popeyes, Subway",9,,y,,,y,,,,,BP,y,,,y,,,y,,,y,,,,,y,y,y,,y,y,y
453,TA Wildwood,"556 St. Rt. 44Wildwood, FL, 34785",Wildwood,Florida,34785,28.875,-82.0939,3.099,3.499,4.049,3.559,fuel,USA,USD,MapUp,TA-Petro,,,,,y,,y,,,,,,,y,,,,,y,,,,,,,y,,y,,,2,,,,,,,10,y,,,,,,,,,,,y,,,,,y,y,,,1,170,,,,,,y,,,,,y,y,,,,,y,,,y,,,,,,y,y,,"Pizza Hut Express, Popeyes, Subway",10,,,,,y,,,,,BP,y,,,y,,,y,,,y,,,,,y,y,y,,y,y,
4320,Petro Girard,"1 Petro PlaceGirard, OH, 44420",Girard,Ohio,44420,41.1408,-80.7172,3.149,3.549,4.099,3.669,fuel,USA,USD,MapUp,TA-Petro,,,,,y,,y,,,,,,,y,,,,,y,,,,,,,,,y,,,6,,,,,,,14,y,,y,,,,,,,,,y,,,,,y,y,,,1,323,,,,,,y,,,,,y,,,,,,y,y,,y,,Iron Skillet,,,,y,y,,,14,,y,,,y,,,,y,BP,y,,,y,,,y,,,y,,,,,y,y,y,,y,y,
4388,Petro Napoleon,"900 American RoadNapoleon, OH, 43545",Napoleon,Ohio,43545,41.4178,-84.1045,,,,3.779,fuel,USA,USD,MapUp,TA-Petro,y,,,,,,y,,,,,,,y,,,,,y,,,,,,,,,y,,,2,,,,,,,8,y,,,,,,,,,,,y,,,,,y,y,,,1,107,,,,,,y,,,,,,,,,,,y,,,y,,The American Road Diner,,,,y,y,,Broaster Chicken,7,,,,,,,,,,Petro,y,,,y,,,y,,,y,,,,,y,y,y,,y,y,
4357,Petro New Paris,"9787 US Route 40 WestNew Paris, OH, 45347",New Paris,Ohio,45347,39.8346,-84.8111,2.999,3.399,3.949,3.699,fuel,USA,USD,MapUp,TA-Petro,,,,,,,y,,,,,,,y,,,,,y,,,,,y,,y,,y,,,4,,,,,,,12,y,,y,,,,,,,,,y,,,,,y,y,,,1,197,,,,,y,y,,,,,y,,,,,Blue Beacon Truck Wash,y,,,y,,Iron Skillet,,,,y,y,,,13,,y,,,y,,,,,BP,y,,,y,,,y,,,y,,,,,y,y,y,,y,y,
4325,Petro North Baltimore,"12906 Deshler Rd.North Baltimore, OH, 45872",North Baltimore,Ohio,45872,41.1738,-83.6475,2.489,2.939,3.589,3.519,fuel,USA,USD,MapUp,TA-Petro,,,,,,,y,,,,,,,y,,,,,y,,,,,,,y,,y,,,3,,,,,,,14,y,,y,,,,,,,,,y,,,,y,y,y,,,1,250,,,,,,y,,,,,y,,,,,,y,,,y,,IHOP,,,,y,y,,Taco Bell & Pizza Hut Express,10,y,y,,,y,,,,y,BP,y,,,y,,,y,,,y,,,,,y,y,y,,y,y,
4317,Petro Perrysburg,"26416 Baker Rd.Perrysburg, OH, 43551",Perrysburg,Ohio,43551,41.5355,-83.4664,2.939,3.389,4.039,3.799,fuel,USA,USD,MapUp,TA-Petro,,,,,,,y,,,,,,,y,,,,,y,,,,,,,y,,y,,,3,,,,,,,12,y,,y,,,,,,,,,y,,,,,y,y,,,1,375,,,,,,y,,,,,y,,,,,Blue Beacon Truck Wash,y,,,y,,Fork and Compass,,,,y,y,,,14,,y,,,y,,,,y,BP,y,,,y,,,y,,,y,,,,,y,y,y,,y,y,
411,TA Dayton,"6762 US Rte 127Eaton, OH, 45320-0030",Eaton,Ohio,45320-0030,39.84,-84.6282,2.959,3.419,4.059,3.659,fuel,USA,USD,MapUp,TA-Petro,,,,,,,,,,,,,,y,,,,,y,,,,,,,y,,y,,,3,,,,,,,8,y,,y,,,,,,,,,y,,,,,y,y,,,1,198,,,,,,y,,,,,y,,,,,,y,,,y,,,,,,y,y,,Burger King,9,,,,,y,,,,,BP,,,,y,,,y,,,y,,,,,y,y,y,,y,y,
439,TA Hebron,"10679 Lancaster Road, SEHebron, OH, 43025-0520",Hebron,Ohio,43025-0520,39.9389,-82.5349,2.899,3.349,3.999,3.669,fuel,USA,USD,MapUp,TA-Petro,,,,,,,,,,,,,,y,,,,,y,,,,,,,y,,y,,,3,,,,,,,9,y,,y,,,,,,,,,y,,,,,y,y,,,1,130,,,,,,y,,,,,y,,,,,,y,,,y,,Bob Evans,,,,y,y,,"Popeyes, Sbarro",10,,,,,y,,,,,BP,,,,y,,,y,,,y,,,,,y,y,y,,y,y,
4139,TA Jeffersonville,"12403 US Rt 35 NWJeffersonville, OH, 43128-0068",Jeffersonville,Ohio,43128-0068,39.6166,-83.6038,3.199,3.649,4.299,3.639,fuel,USA,USD,MapUp,TA-Petro,,,,,,,,,,,,,,y,,,,,y,,,,,,,,,,,,2,,,,,,,10,y,,y,,,,,,,,,y,,,,,y,y,,,1,144,,,,,,y,,,,,y,,,,,,y,,,y,,IHOP,,,,y,y,,"Pizza Hut Express, Popeyes",7,,,,,y,,,,,BP,,,,y,,,y,,,y,,,,,y,y,y,,y,y,
429,TA Kingsville,"5551 St Rt 193Kingsville, OH, 44048",Kingsville,Ohio,44048,41.8765,-80.6671,3.199,3.649,4.299,4.049,fuel,USA,USD,MapUp,TA-Petro,,,,,,,,,,,,,,y,,,,,y,,,,,,,,,y,,,3,,,,,,,10,y,,,,,,,,,,,y,,,,,y,y,,,1,158,,,,,,y,,,,,y,,,,,,y,,,y,,,,,,y,y,,Burger King,9,,,,,y,,,,,BP,,,,y,,,y,,,y,,,,,y,y,y,,y,y,y
415,TA Lodi,"8834 Lake RoadSeville, OH, 44273-0125",Seville,Ohio,44273-0125,41.0322,-81.9078,3.159,3.619,4.259,3.939,fuel,USA,USD,MapUp,TA-Petro,,,,,,,,,,,,,,y,,,,,y,,,,,y,,y,,y,,,3,,,,,,,9,y,,y,,,,,,,,,y,,,,,y,y,,,1,237,,,,,,y,,,,,y,,,,,,,,,y,,IHOP,,,,y,y,,"Burger King, Popeyes, Starbucks",10,,,,,y,,2,,,BP,,,,y,,,y,,,y,,,,,y,y,y,,y,y,
424,TA London,"940 US RT 42 NELondon, OH, 43140-0560",London,Ohio,43140-0560,39.9538,-83.3796,3.099,3.549,4.199,3.659,fuel,USA,USD,MapUp,TA-Petro,,,,,,,,,,,,,,y,,,,,y,,,,,,,y,,y,,,3,,,,,,,8,y,,y,,,,,,,,,y,,,,,y,y,,,1,138,,,,,,y,,,,,y,,,,,,,,,y,,,,,,y,y,,Popeyes,10,,,,,y,,,,,BP,,,,y,,,y,,,y,,,,,y,y,y,,y,y,
495,TA North Canton,"4450 Portage St. NWCanton, OH, 44720",Canton,Ohio,44720,40.8788,-81.4295,,,,3.769,fuel,USA,USD,MapUp,TA-Petro,,,,,,,,,,,,,,y,,,,,y,,,,,,,,,y,,,2,,,,,,,6,y,,y,,,,,,,,,y,,,,,y,y,,,1,85,,,,,,y,,,,,y,,,,,,y,,,y,,,,,,y,y,,,4,,,,,,,,,,,,,,y,,,y,,,y,,,,,y,y,y,,y,y,y
487,TA Toledo,"3483 Libbey RoadPerrysburg, OH, 43551-9750",Perrysburg,Ohio,43551-9750,41.5215,-83.4624,2.889,3.339,3.989,3.779,fuel,USA,USD,MapUp,TA-Petro,,,,,,,,,,,,,,y,,,,,y,,,,,,,y,,y,,,2,,,,,,,10,y,,y,,,,,,,,,y,,,,,y,y,,,1,177,,,,,y,y,,,,,y,,,,,,y,,,y,,,,,,y,y,,Taco Bell,12,,y,,,y,,,,,BP,,,,y,,,y,,,y,,,,,y,y,y,,y,y,y
482,TA Wapakoneta,"1775 Bellefontaine St.Wapakoneta, OH, 45895",Wapakoneta,Ohio,45895,40.5582,-84.1656,3.099,3.599,4.099,3.559,fuel,USA,USD,MapUp,TA-Petro,,,,,,,,,,,,,,y,,,,,y,,,,,,,,,y,,,2,,,,,,,8,y,,,,,,,,,,,y,,,,,y,y,,,1,145,,,,,,y,,,,,,,,,,,y,,,y,,Hub Room,,,,y,y,,California Burrito Company,7,,,,,y,,1,,,TA,y,,,y,,,y,,,y,,,,,y,y,y,,y,y,
458,TA Youngstown,"5400 Seventy Six DriveYoungstown, OH, 44515",Youngstown,Ohio,44515,41.1225,-80.7653,,,,3.669,fuel,USA,USD,MapUp,TA-Petro,,,,,,,,,,,,,,y,,,,,y,,,,,,,,,y,,,2,,,,,,,10,y,,y,,,,,,,,,y,,,,,y,y,,,1,145,,,,,,y,,,,,y,,,,,,y,,,y,,,,,,y,y,,The Kitchen,9,,,,,y,,,,,,,,,y,,,y,,,y,,,,,y,y,y,,y,y,y
4149,TA Hurricane,"4195 State Route 34Hurricane, WV, 25526-9772",Hurricane,West Virginia,25526-9772,38.4543,-81.935,2.999,3.399,3.949,3.849,fuel,USA,USD,MapUp,TA-Petro,,,,,,,,,,,,,,y,,,,,y,,,,,,,y,,y,,,3,,,,,,,9,y,,,,,,,,,,,y,,,,,y,y,,,1,76,,,,,,y,,,,,y,,,,,,y,,,y,,,,,,y,y,,,7,,,,,y,,,,,Amoco,,,,y,,,y,,,y,,,,,y,y,y,,y,y,
4974,TA Mineral Wells,"470 Frontage RoadMineral Wells, WV, 26150",Mineral Wells,West Virginia,26150,39.19482,-81.52601,,,,3.589,fuel,USA,USD,MapUp,TA-Petro,,,,,,,y,,,,,,,,,,,,,,,,,,,,,y,,,2,,,,,,,5,y,,,,,,,,,,,y,,,,,,y,,,1,104,,,,,,,,,,,y,,,,,,,,,,,IHOP,,,,,,,,6,,,,,y,,1,,,Amoco,y,,y,,,,,,,,,,,,,,,,,,
432,TA Wheeling,"270 W. Alexander RoadValley Grove, WV, 26060-8025",Valley Grove,West Virginia,26060-8025,40.0694,-80.5677,,,,3.699,fuel,USA,USD,MapUp,TA-Petro,,,y,,,,,,,,,,,y,,,,,y,,,,,,,y,,y,,,2,,,,,,,8,y,,,,,,,,,,,y,,,y,,y,y,,,1,168,,,,,,y,,,,,y,,,,,,y,,,y,,Country Pride,,,,y,y,,,12,,y,,,y,,,,,,,,,y,,,y,,,y,,,,,y,y,y,,y,y,
4167,TA Boise,"4115 Broadway AveBoise, ID, 83705",Boise,Idaho,83705,43.5656,-116.1994,3.199,3.619,4.169,3.499,fuel,USA,USD,MapUp,TA-Petro,,,,,,,,,,,,,,y,,,,,y,,,,,,,,,y,,,2,,,,,,,7,y,,y,,,,,,,,,y,,,,,y,y,,,1,171,,,,,,y,,,,,y,,,,,,y,,,y,,Country Pride,,,,y,y,,"Subway, Taco Bell",12,,,,,y,,,,,Shell,,,,y,,,y,,,y,,,,,y,y,y,,y,y,
4395,Petro Kenly,"923 Johnston Pkwy.Kenly, NC, 27542",Kenly,North Carolina,27542,35.582,-78.1457,,,,3.959,fuel,USA,USD,MapUp,TA-Petro,y,,,,,,y,,,,,,,y,,,,,y,,,,,,,,,y,,,4,,,,,,,12,y,,,,,,,,,,,y,,,,,y,y,,,1,333,,,,,,y,,,,,,,,,,,y,,,y,,Iron Skillet,,,,y,y,,"Caribou Coffee, Dairy Queen, Pizza Hut Express, Subway, Taco Bell, Wendy's",11,,y,,,y,,,,,BP,y,,,y,,,y,,,y,,,,,y,y,y,,y,y,
4329,Petro Mebane,"500 Buckhorn RoadMebane, NC, 27302",Mebane,North Carolina,27302,36.0772,-79.2251,2.999,3.349,3.899,4.049,fuel,USA,USD,MapUp,TA-Petro,,,,,,,y,,,,,,,y,,,,,y,,,,,,,,,y,,,2,,,,,,,12,y,,y,,,,,,,,,y,,,,y,y,y,,,1,285,,,,,,y,,,,,y,,,,,,y,,,y,,IHOP,,,,y,y,,Dunkin',19,,y,,,y,,,,y,Marathon,y,,,y,,,y,,,y,,,,,y,y,y,,y,y,y
4221,TA Candler,"153 Wiggins RoadCandler, NC, 28715",Candler,North Carolina,28715,35.5432,-82.754,2.799,3.199,3.749,3.999,fuel,USA,USD,MapUp,TA-Petro,,,,,,,,,,,,,,y,,,,,y,,,,,,,,,y,,,2,,,,,,,8,y,,y,,,,,,,,,y,,,,,y,y,,,1,106,,,,,,y,,,,,y,,,,,,y,,,y,,Country Pride,,,,y,y,,,8,,,,,y,,,,,Amoco,,,,y,,,y,,,y,,,,,y,y,y,,y,y,y
42,TA Greensboro,"1101 NC Highway 61Whitsett, NC, 27377-0218",Whitsett,North Carolina,27377-0218,36.0635,-79.5636,2.969,3.369,3.919,4.049,fuel,USA,USD,MapUp,TA-Petro,,,,,,,,,,,,,,y,,,,,y,,,,,,,y,,y,,,2,,,,,,,12,y,,y,,,,,,,,,y,,,,,y,y,,,1,173,,,,,,y,,,,,y,,,,,,y,,,y,,,,,,y,y,,"Burger King, Popeyes",13,,,,,y,,,,,BP,,,,y,,,y,,,y,,,,,y,y,y,,y,y,y
4251,TA Mocksville,"1670 US Hwy 601 NMocksville, NC, 27028",Mocksville,North Carolina,27028,35.925,-80.5917,2.899,3.299,3.849,3.959,fuel,USA,USD,MapUp,TA-Petro,,,,,,,,,,,,,,y,,,,,y,,,,,,,,,y,,,3,,,,,,,8,y,,y,,,,,,,,,y,,,,,y,y,,,1,130,,,,,,y,,,,,y,,,,,,y,,,y,,,,,,y,y,,Popeyes,7,,,,,y,,,,,Amoco,y,,,y,,,y,,,y,,,,,y,y,y,,y,y,y
489,TA Ann Arbor,"200 Baker RoadDexter, MI, 48130",Dexter,Michigan,48130,42.2963,-83.8764,3.099,3.549,4.199,3.799,fuel,USA,USD,MapUp,TA-Petro,,,,,,,,,,,,,,y,,,,,y,,,,,,,,,y,,,2,,,,,,,9,y,,,,,,,,,,,y,,,,,y,y,,,1,203,,,,,,y,,,,,y,,,,,,y,,,y,,,,,,y,y,,Popeyes,8,,,,,y,,,,,BP,,,,y,,,y,,,y,,,,,y,y,y,,y,y,y
4242,TA Battle Creek,"15874 Eleven Mile Rd.Battle Creek, MI, 49014",Battle Creek,Michigan,49014,42.3029,-85.0811,3.099,3.549,4.199,3.899,fuel,USA,USD,MapUp,TA-Petro,,,,,,,y,,,,,,,y,,,,,y,,y,,,,,,,y,,,3,,,,,,,9,,,y,,,,,,,,,y,,,,,y,y,,,1,157,,,,,,y,,,,,y,,,,,,y,,,y,,Country Pride,,,,y,y,,,6,,,,,y,,,,,BP,,,,y,,,y,,,y,,,,,y,y,y,,y,y,
469,TA Monroe,"1255 N Dixie HwyMonroe, MI, 48162",Monroe,Michigan,48162,41.9267,-83.3632,3.099,3.549,4.199,3.499,fuel,USA,USD,MapUp,TA-Petro,,,,,,,,,,,,,,y,,,,,y,,,,,,,,,,,,4,,,,,,,8,y,,y,,,,,,,,,y,,,,,y,y,,,1,156,,,,,,y,,,,,y,,,,,,y,,,y,,,,,,y,y,,"Fazoli's, Popeyes, Tim Horton's",10,,,,,y,,,,,BP,,,,y,,,y,,,y,,,,,y,y,y,,y,y,
4198,TA Saginaw,"6364 Dixie HwyBridgeport, MI, 48722-9566",Bridgeport,Michigan,48722-9566,43.3517,-83.869,3.099,3.549,4.199,3.459,fuel,USA,USD,MapUp,TA-Petro,y,,,,,,,,,,,,,y,,,,,y,,,,,,,,,y,,,2,,,,,,,7,y,,y,,,,,,,,,y,,,,,y,y,,,1,70,,,,,,y,,,,,y,,,,,,y,,,y,,Country Pride,,,,y,y,,,4,,,,,y,,,,,Amoco,,,,y,,,y,,,y,,,,,y,y,y,,y,y,
4116,TA Sawyer,"6100 Sawyer RoadSawyer, MI, 49125",Sawyer,Michigan,49125,41.8845,-86.6001,2.999,3.449,4.099,3.849,fuel,USA,USD,MapUp,TA-Petro,,,,,,,,,,,,,,y,,,,,y,,,,,,,,,y,,,2,,,,,,,10,y,,,,,,,,,,,y,,,,,y,y,,,1,155,,,,,,y,,,,,y,,,,,,y,,,y,,,,,,y,y,,"Burger King, Pizza Hut, Popeyes, Taco Bell Express",9,,,,,y,,,,,BP,,,,y,,,y,,,y,,,,,y,y,y,,y,y,
4243,TA Tekonsha,"15587 M-60Tekonsha, MI, 49092",Tekonsha,Michigan,49092,42.1065,-84.9897,3.099,3.549,4.199,3.779,fuel,USA,USD,MapUp,TA-Petro,,,,,,,y,,,,,,,y,,,,,y,,y,,,,,,,y,,,2,,,,,,,5,y,,,,,,,,,,,y,,,,,y,y,,,1,85,,,,,,y,,,,,y,,,,,,y,,,y,,,,,,y,y,,,6,,,,,,,,,,Amoco,,,,y,,,y,,,y,,,,,y,y,y,,y,y,y
4968,Petro Henderson,"1700 Railroad Pass Casino RoadHenderson, NV, 89002",Henderson,Nevada,89002,35.9670745402108,-114.915674406747,,,,3.889,fuel,USA,USD,MapUp,TA-Petro,,,y,,,,y,,,,,,,,,,,,,,,,,,,,,,,,4,,,,,,,8,y,,,,,,,,,,,y,,,,,,y,,,,100,,,,,,,,,,,,,,,,Truck Wash,,,,,,,,,,,,,"Dunkin', Sonic",5,,,,,y,,1,,,76,y,,,,,,,,,,,,,,,,,,,,
4331,Petro North Las Vegas,"6595 North Hollywood BlvdNorth Las Vegas, NV, 89115",North Las Vegas,Nevada,89115,36.2797,-115.0261,3.899,4.299,4.749,3.949,fuel,USA,USD,MapUp,TA-Petro,y,,y,,,,y,,,,,,,y,,,,,y,,y,,,,,y,,y,,,5,,,,,,,12,y,,y,,,,,,,,,y,,,,,y,y,,,1,207,,,,,,y,,,,,y,,,,,,y,,,y,,Iron Skillet,,,,y,y,,Dunkin',16,,y,,,y,,,,,Sinclair,y,,,y,,,y,,,y,,,,,y,y,y,,y,y,
4338,Petro Sparks,"1950 East Greg St.Sparks, NV, 89431",Sparks,Nevada,89431,39.5233,-119.7087,3.619,4.069,4.569,3.799,fuel,USA,USD,MapUp,TA-Petro,,,y,,,,y,,,,,,,y,,,,,y,,,,,y,,y,,y,,,2,,,,,,,10,y,,y,,,,,,,,,y,,,,,y,y,,,1,400,,,,,y,y,,,,,y,,,,,,y,,,y,,Iron Skillet,,,,y,y,,,14,,y,,,y,,,,y,Mobil,y,y,,y,,,y,,,y,,,,,y,y,y,,y,y,
4392,Petro Wells,"1440 6th StreetWells, NV, 89835",Wells,Nevada,89835,41.101,-114.9561,3.259,3.659,4.119,3.939,fuel,USA,USD,MapUp,TA-Petro,y,,y,,,,,,,,,,,y,,,,,y,,,,,,,,,y,,,2,,,,,,,6,y,,y,,,,,,,,,y,,,,,y,,,,1,250,,,,,,y,,,,,,,,,,,y,,,y,,Iron Skillet,,,,y,y,,Dunkin',5,,,,,y,,,,,Sinclair,y,,,y,,,y,,,y,,,,,y,y,y,,y,y,
4969,TA Express Henderson,"1550 Railroad Pass Casino RoadHenderson, NV, 89002",Henderson,Nevada,89002,35.9714738262293,-114.910506528296,,,,3.889,fuel,USA,USD,MapUp,TA-Petro,y,,,,,,y,,,,,,,,,,,,,,y,,,,,,,,,,4,,,,,,,7,,,,,,,,,,,,y,,,,,,y,,,1,200,,,,,,,,,,,,,,,,,,,,,,,,,,,,,Capriotti's,5,,,,,,,1,,,76,y,,,,,,,,,,,,,,,,,,,,
4108,TA Las Vegas,"8050 Dean Martin DriveLas Vegas, NV, 89139",Las Vegas,Nevada,89139,36.0433,-115.1873,3.899,4.299,4.749,3.949,fuel,USA,USD,MapUp,TA-Petro,,,y,,,,,,,,,,,y,,,,,y,,y,,,,,,,y,,,4,,,,,,,10,y,,,,,,,,,,,y,,,,,y,y,,,1,144,,,,,,y,,,,,y,,,,,,,,,y,,,,,,y,y,,"Burger King, Taco Time",13,,,,,y,,,,,Sinclair,,,,y,,,y,,,y,,,,,y,y,y,,y,y,
4181,TA Mill City,"6000 E. Frontage RoadMill City, NV, 89418",Mill City,Nevada,89418,40.6932,-118.056,3.239,3.689,4.189,3.639,fuel,USA,USD,MapUp,TA-Petro,,,y,,,,,,,,,,,y,,,,,y,,,,,,,y,,y,,,2,,,,,,,10,y,,,,,,,,,,,y,,,,,y,y,,,1,152,,,,,,y,,,,,y,,,,,,y,,,y,,,,,,y,y,,Taco Bell Express,10,,,,,y,,,,,Mobil,,,,y,,,y,,,y,,,,,y,y,y,,y,y,
4172,TA Sparks,"200 North McCarrenSparks, NV, 89431-5419",Sparks,Nevada,89431-5419,39.5351,-119.7361,3.859,4.319,4.819,3.799,fuel,USA,USD,MapUp,TA-Petro,y,,y,,,,,,,,,,,y,,,,,y,,,,,,,,,y,,,2,,,,,,,8,y,,y,,,,,,,,,y,,,,,y,y,,,1,200,,,,,,y,,,,,y,,,,,,,,,y,,Fuddruckers,,,,y,y,,,10,,y,,,y,,,,,Mobil,,,,y,,,y,,,y,,,,,y,y,y,,y,y,
4349,Petro Kingston Springs,"162 Luyben Hills RoadKingston Springs, TN, 37082",Kingston Springs,Tennessee,37082,36.0824,-87.0955,2.799,3.199,3.749,3.649,fuel,USA,USD,MapUp,TA-Petro,,,,,,,y,,,,,,,y,,,,,y,,,,,,,,,y,,,2,,,,,,,8,y,,y,,,,,,,,,y,,,,,y,y,,,1,68,,,,,,y,,,,,y,,,,,,y,,,y,,Iron Skillet,,,,y,y,,,6,,y,,,y,,,,,BP,y,,,y,,,y,,,y,,,,,y,y,y,,y,y,y
4312,Petro Knoxville,"722 Watt RoadKnoxville, TN, 37934",Knoxville,Tennessee,37934,35.875,-84.2361,2.759,3.159,3.719,3.539,fuel,USA,USD,MapUp,TA-Petro,y,,,,,,y,,,,,,,y,,,,,y,,,,,,,y,,y,,,4,,,,,,,12,y,,y,,,,,,,,,y,,,,,y,y,,,1,250,,,,,y,y,,,,,y,,,,,,y,,,y,,Iron Skillet,,,,y,y,,,13,,y,,,y,,,,,BP,y,,,y,,,y,,,y,,,,,y,y,y,,y,y,y
4117,TA Antioch,"13011 Old Hickory Blvd.Antioch, TN, 37013",Antioch,Tennessee,37013,36.015,-86.6184,2.649,3.049,3.599,3.799,fuel,USA,USD,MapUp,TA-Petro,,,,,,,,,,,,,,y,,,,,y,,,,,,,y,,y,,,2,,,,,,,7,y,,,,,,,,,,,y,,,,,y,y,,,1,122,,,,,,y,,,,,y,,,,,,y,,,y,,,,,,y,y,,"Burger King, Popeyes",10,,,,,y,,,,,BP,,,,y,,,y,,,y,,,,,y,y,y,,y,y,
4255,TA Caryville,"305 Howard Baker HwyPioneer, TN, 37847",Pioneer,Tennessee,37847,36.3771,-84.2463,2.759,3.159,3.719,3.449,fuel,USA,USD,MapUp,TA-Petro,,,,,,,y,,,,,,,y,,,,,y,,,,,,,,,y,,,2,,,,,,,6,y,,,,,,,,,,,y,,,,,y,y,,,1,80,,,,,,y,,,,,y,,,,,,,,,y,,,,,,y,y,,Popeyes,8,,,,,y,,,,,BP,y,,,y,,,y,,,y,,,,,y,y,y,,y,y,
4201,TA Davy Crockett Travel Center,"195 Van Hill RoadGreeneville, TN, 37745",Greeneville,Tennessee,37745,36.3254,-82.8354,,,,3.769,fuel,USA,USD,MapUp,TA-Petro,,,,,,,,,,,,,,y,,,,,y,,,,,,,,,y,,,0,,,,,,,8,y,,,,,,,,,,,y,,,,,y,y,,,1,210,,,,,y,y,,,,,,,,,,,y,,,y,,IHOP,,,,y,y,,Papa John's Pizza,10,,y,y,,y,,,,y,BP,,,,y,,,y,,,y,,,,,y,y,y,,y,y,
4245,TA Denmark,"155 Hwy. 138, Providence Rd.Denmark, TN, 38391-9998",Denmark,Tennessee,38391-9998,35.5955,-89.0557,2.879,3.279,3.829,3.539,fuel,USA,USD,MapUp,TA-Petro,,,,,,,,,,,,,,y,,,,,y,,,,,,,y,,,,,2,,,,,,,7,y,,,,,,,,,,,y,,,,,y,y,,,1,92,,,,,,y,,,,,,,,,,,y,,,y,,Country Pride,,,,y,y,,Subway,8,,,,,y,,,,,Amoco,,,,y,,,y,,,y,,,,,y,y,y,,y,y,
4287,TA Express Cookeville,"1750 Salem RoadCookeville, TN, 38506",Cookeville,Tennessee,38506,36.1305,-85.4796,,,,3.599,fuel,USA,USD,MapUp,TA-Petro,,,,,,,y,,,,,,,,,,,,,,,,,,,,,y,,,2,,,,,,,6,y,,,,,,,,,,,y,,,,,,y,,,1,59,,,,,,,,,,,,,,,,,y,,,,,,,,,,,,"El Tapatio Fresh Mex, Hardee's, Sbarro",6,,,,,y,,1,,,TA,y,,,,,,,,,,,,,,,,,,,,
4157,TA Franklin,"4400 Peytonsville RoadFranklin, TN, 37064",Franklin,Tennessee,37064,35.8603,-86.8299,3.199,3.689,4.239,3.939,fuel,USA,USD,MapUp,TA-Petro,,,,,,,,,,,,,,y,,,,,y,,,,,,,y,,y,,,2,,,,,,,7,y,,,,,,,,,,,y,,,,,y,y,,,1,74,,,,,,y,,,,,y,,,,,,,,,y,,,,,,y,y,,,6,,y,,,y,,,,,BP,,,,y,,,y,,,y,,,,,y,y,y,,y,y,
4269,TA Knoxville West,"615 Watt RoadKnoxville, TN, 37922-1112",Knoxville,Tennessee,37922-1112,35.8731,-84.2379,2.759,3.159,3.719,3.539,fuel,USA,USD,MapUp,TA-Petro,,,,,,,,,,,,,,y,,,,,y,,,,,,,y,,y,,,0,,,,,,,8,,,,,,,,,,,,y,,,,,y,y,,,1,176,,,,,y,y,,,,,,,,,,,y,,,y,,,,,,y,y,,"Burger King, Pizza Hut Express, Popeyes, Subway",12,,y,,,y,,,,,Amoco,,,,y,,,y,,,y,,,,,y,y,y,,y,y,y
4211,TA Greenland,"108 Ocean RoadGreenland, NH, 03840",Greenland,New Hampshire,3840,43.0431,-70.8182,2.999,3.399,3.949,3.779,fuel,USA,USD,MapUp,TA-Petro,,,,,,,,,,,,,,,,,,,,,,,,,,y,,y,,,2,,,,,,,8,y,,y,,,,,,,,,y,,,,,,y,,,1,72,,,,,,,,,,,y,,,,,,y,,,,,Country Pride,,,,,,,,7,,,,,y,,,,,BP,,,,,,,,,,,,,,,,,,,,,y
4309,Petro Corning,"2151 South AvenueCorning, CA, 96021",Corning,California,96021,39.9059,-122.1967,3.999,4.449,4.949,4.619,fuel,USA,USD,MapUp,TA-Petro,,,,,,,y,,,,,,,y,,,,,y,,,,,,,,,y,,,,,,,,,,12,y,,y,,,,,,,,,y,,,,,y,y,,,1,120,,,,,,y,,,,,y,,,,,,y,,,y,,Iron Skillet,,,,y,y,,,14,,y,,,y,,,,,Mobil,y,,,y,,,y,,,y,,,,,y,y,y,,y,y,
426,Petro Ontario,"4325 E. Guasti Rd.Ontario, CA, 91761-7807",Ontario,California,91761-7807,34.0647,-117.5566,,,,4.929,fuel,USA,USD,MapUp,TA-Petro,,,,,y,,y,,,,,,,y,,,,,y,,,,,y,,y,,y,,,8,,,,,,,16,y,,y,,,,,,,,,y,,,,,y,y,,,1,559,,,,,,y,,,,,y,,,,,,y,,,y,,Iron Skillet,,,,y,y,,"Burger King, Popeyes",30,,y,,,y,,,,,,y,,,y,,,y,,,y,,,,,y,y,y,,y,y,y
4346,Petro Santa Nella,"28991 West GonzagaSanta Nella, CA, 95322",Santa Nella,California,95322,37.0547,-121.0155,3.999,4.299,4.749,5.039,fuel,USA,USD,MapUp,TA-Petro,,,,,,,y,,,,,,,,,,,,,,,,,,,,,y,,,2,,,,,,,12,y,,y,,,,,,,,,y,,,,,,y,,,1,124,,,,,,,,,,,y,,,,,,y,y,,,,,,,,,,,Burger King,7,,y,,,y,,,,,Petro,y,,,,,,,,,,,,,,,,,,,,
4327,Petro Wheeler Ridge,"5821 Dennis McCarthy Dr.Lebec, CA, 93243",Lebec,California,93243,34.9861,-118.9481,4.599,4.999,5.449,4.769,fuel,USA,USD,MapUp,TA-Petro,,,,,,,y,,,,,,,y,,,,,y,,,,,,,y,,y,,,2,,,,,,,12,y,,y,,,,,,,,,y,,,,,y,y,,,1,415,,,,,,y,,,,,y,,,,,,,,,y,,IHOP,,,,y,y,,"Arby's, Baskin Robbins, Subway, Wendy's",19,,y,,,y,,,,y,76,y,,,y,,,y,,,y,,,,,y,y,y,,y,y,
4227,TA Barstow,"2930 Lenwood RoadBarstow, CA, 92311",Barstow,California,92311,34.8537,-117.0888,4.099,4.499,4.949,5.049,fuel,USA,USD,MapUp,TA-Petro,,,,,,,y,,,,,,,y,,,,,y,,,,,y,,y,,y,,,2,,,,,,,16,y,,y,,,,,,,,,y,,,,,y,y,,,1,303,,,,,,y,,,,,y,,,,,,y,,,y,,Black Bear Diner,,,,y,y,,Subway,17,,,,,y,,,,y,76,y,,,y,,,y,,,y,,,,,y,y,y,,y,y,
4160,TA Buttonwillow,"27769 Lagoon DriveButtonwillow, CA, 93206-0004",Buttonwillow,California,93206-0004,35.401,-119.3961,3.799,4.249,4.749,4.749,fuel,USA,USD,MapUp,TA-Petro,y,,,,,,y,,,,,,,y,,,,,y,,y,,,,,,,y,,,2,,,,,,,8,y,,y,,,,,,,,,y,,,,,y,y,,,1,170,,,,,,y,,,,,y,,,,,,,,,y,,,,,,y,y,,"Popeyes, Taco Bell",8,,,,,y,,,,,Mobil,y,,,y,,,y,,,y,,,,,y,y,y,,y,y,
441,TA Coachella,"46155 Dillon RoadCoachella, CA, 92236",Coachella,California,92236,33.7139,-116.1756,3.759,4.159,4.719,4.839,fuel,USA,USD,MapUp,TA-Petro,,,,,,,y,,,,,,,y,,,,,y,,y,,,,,,,y,,,2,,,,,,,12,y,,y,,,,,,,,,y,,,,,y,y,,,1,205,,,,,,y,,,,,y,,,,,,,,,y,,,,,,y,y,,"Arby's, Hot Stuff Pizza, Popeyes, Taco Bell",15,,,,,y,,,,,Shell,y,,,y,,,y,,,y,,,,,y,y,y,,y,y,
4430,TA Express Olancha,"20 Gills Station RoadOlancha, CA, 93549",Olancha,California,93549,36.04583,-117.94723,,,,5.099,fuel,USA,USD,MapUp,TA-Petro,,,,,,,y,,,,,,,,,,,,,,,,,,,,,,,,3,,,,,,,5,y,,,,,,,,,,,y,,,,,,y,,,1,60,,,,,,,,,,,,,,,,,,,,,,,,,,,,,"Chester Fried Chicken, Subway",3,,,,,y,,1,,,Chevron,,,,,,,,,,,,,,,,,,,,,
4170,TA Livingston,"435 Winton ParkwayLivingston, CA, 95334",Livingston,California,95334,37.3876,-120.7382,4.199,4.599,5.149,4.999,fuel,USA,USD,MapUp,TA-Petro,,,,,,,y,,,,,,,y,,,,,y,,,,,,,,,y,,,1,,,,,,,6,y,,y,,,,,,,,,y,,,,,y,y,,,1,102,,,,,,y,,,,,y,,,,,,,,,y,,,,,,y,y,,"Burger King, Popeyes",7,,,,,y,,,,,Shell,y,,,y,,,y,,,y,,,,,y,y,y,,y,y,y
4919,TA Madera,"32603 Avenue 7Madera, CA, 93637",Madera,California,93637,36.85236,-119.9518,,,,4.999,fuel,USA,USD,MapUp,TA-Petro,,,,,,,,,,,,,,,,,,,,,y,,,,,,,y,,,8,,,,,,,6,y,,,,,,,,,,,y,,,,,,y,,,1,78,,,,,,,,,,,,,,,,,,,,,,,,,,,,,"Cinnabon, Fatburger, Indian Currey NAAN Stop, KFC, Pizza Hut Express, Yogurtland",5,,,,,y,,1,,,Shell,y,,,,,,,,,,,,,,,,,,,,
4162,TA Ontario,"4265 East Guasti RoadOntario, CA, 91761-1571",Ontario,California,91761-1571,34.0649,-117.5599,4.359,4.759,5.319,4.899,fuel,USA,USD,MapUp,TA-Petro,,,,,,,y,,,,,,,y,,,,,y,,,,,y,,y,,y,,,3,,,,,,,8,y,,y,,,,,,,,,y,,,,,y,y,,,1,549,,,,,,y,,,,,y,,,,,,y,,,y,,Country Pride,,,,y,y,,"Pizza Hut Express, Taco Bell",17,,,,,y,,,,y,Shell,y,,,y,,,y,,,y,,,,,y,y,y,,y,y,y
457,TA Redding,"19483 Knighton RoadRedding, CA, 96002",Redding,California,96002,40.5048,-122.3349,3.699,4.099,4.649,4.699,fuel,USA,USD,MapUp,TA-Petro,,,,,,,y,,,,,,,y,,,,,y,,,,,,,y,,y,,,2,,,,,,,10,y,,y,,,,,,,,,y,,,,,y,y,,,1,196,,,,,,y,,,,,y,,,,,,y,,,y,,,,,,y,y,,"Pizza Hut Express, Popeyes",7,,,,,y,,,,,Arco,y,,,y,,,y,,,y,,,,,y,y,y,,y,y,
4163,TA Santa Nella,"12310 South Highway 33Santa Nella, CA, 95322-9735",Santa Nella,California,95322-9735,37.1101,-121.0147,4.299,4.699,5.249,4.999,fuel,USA,USD,MapUp,TA-Petro,y,,,,,,y,,,,,,,y,,,,,y,,,,,,,y,,y,,,4,,,,,,,8,y,,y,,,,,,,,,y,,,,,y,y,,,1,216,,,,,,y,,,,,y,,,,,,y,,,y,,IHOP,,,,y,y,,Popeyes,12,,,,,y,,,,,Shell,y,,,y,,,y,,,y,,,,,y,y,y,,y,y,y
4239,TA Wheeler Ridge,"5552 South Wheeler Ridge RoadArvin, CA, 93203",Arvin,California,93203,34.992,-118.9412,4.599,4.999,5.549,4.769,fuel,USA,USD,MapUp,TA-Petro,,,,,,,y,,,,,,,y,,,,,y,,,,,,,,,y,,,2,,,,,,,8,y,,,,,,,,,,,y,,,,,y,y,,,1,306,,,,,,y,,,,,y,,,,,Blue Beacon Truck Wash,y,,,y,,Black Bear Diner,,,,y,y,,"Burger King, Pizza Hut Express, Popeyes, Subway, Taco Bell",10,,,,,y,,,,,Shell,y,,,y,,,y,,,y,,,,,y,y,y,,y,y,
4398,Petro Albert Lea,"820 Happy Trails LaneAlbert Lea, MN, 56007",Albert Lea,Minnesota,56007,43.6571,-93.3174,,,,4.049,fuel,USA,USD,MapUp,TA-Petro,y,,,,,,y,,,,,,,y,,,,,y,,,,,,,y,,y,,,2,,,,,,,10,y,,,,,,,,,,,y,,,,,y,y,,,1,305,,,,,,y,y,,,,,,,,,Trailer Wash Out,y,y,,y,,Skol Tavern,,,,y,y,,"Caribou Coffee, Mcdonald's, Sbarro, Taco Bell",10,,y,,,y,,,,,Petro,y,,,y,,,y,,,y,,,,,y,y,y,,y,y,
4389,Petro Clearwater,"950 State Highway 24Clearwater, MN, 55320",Clearwater,Minnesota,55320,45.4126,-94.0549,,,,3.449,fuel,USA,USD,MapUp,TA-Petro,,,,,,,y,,,,,,,,,,,,,,,,,,,,,y,,,2,,,,,,,8,y,,,,,,,,,,,y,,,,,,y,,,1,150,,,,,,,,,,,,,,,,,y,,,,,Nelson Brothers,,,,,,,,7,,,,,y,,,,,Holiday,y,,,,,,,,,,,,,,,,,,,,
4977,TA Express Mankato,"3010 Adams St.Mankato, MN, 56001",Mankato,Minnesota,56001,44.16971,-93.92541,,,,3.969,fuel,USA,USD,MapUp,TA-Petro,,,,,,,y,,,,,,,,,,,,,,,,,,,,,y,,,,,,,,,,,y,,,,,,,,,,,y,,,y,,,y,,,1,75,,,,,,,,,,,,,,,,,,,,,,,,,,,,,,4,y,,,,,,,,,Phillips,y,,,,,,,,,,,,,,,,,,,,
4190,TA Rogers,"13400 Rogers DriveRogers, MN, 55374-0238",Rogers,Minnesota,55374-0238,45.1969,-93.5492,3.089,3.489,4.039,3.639,fuel,USA,USD,MapUp,TA-Petro,,,,,,,,,,,,,,y,,,,,y,,,,,,,y,,y,,,2,,,,,,,8,y,,,,,,,,,,,y,,,,,y,y,,,1,80,,,,,,y,,,,,y,,,,,,y,,,y,,,,,,y,y,,,8,,,,,y,,,,,Amoco,,,,y,,,y,,,y,,,,,y,y,y,,y,y,y
4171,TA Express New Haven,"3 East Industrial RoadBranford, CT, 06405-6508",Branford,Connecticut,06405-6508,41.2968,-72.7595,3.099,3.699,3.899,5.659,fuel,USA,USD,MapUp,TA-Petro,,,,,,,y,,,,,,,y,,,,,y,,,,,,,,,,,,2,,,,,,,6,y,,y,,,,,,,,,y,,,,,y,y,,,1,75,,,,,,y,,,,,y,,,,,,y,,,y,,,,,,y,y,,"Pizza Hut Express, Popeyes, Starbucks",7,,,,,y,,,,,BP,y,,,y,,,y,,,y,,,,,y,y,y,,y,y,y
4154,TA Southington,"1875 Meriden-Waterbury TurnpikeMilldale, CT, 06467",Milldale,Connecticut,6467,41.5647,-72.9102,3.099,3.699,4.199,5.659,fuel,USA,USD,MapUp,TA-Petro,,,,,,,y,,,,,,,y,,,,,y,,,,,,,,,y,,,3,,,,,,,8,y,,y,,,,,,,,,y,,,,,y,y,,,1,145,,,,,,y,,,,,y,,,,,,,,,y,,,,,,y,y,,"Popeyes, Taco Bell",10,,,,,y,,,,,BP,y,,,y,,,y,,,y,,,,,y,y,y,,y,y,y
422,TA Willington,"327 Ruby RoadWillington, CT, 06279",Willington,Connecticut,6279,41.9177,-72.2615,3.159,3.799,4.159,5.679,fuel,USA,USD,MapUp,TA-Petro,y,,,,,,y,,,,,,,y,,,,,y,,,,,,,,,y,,,4,,,,,y,,8,y,,y,,,,,,,,,y,,,,,y,y,,,1,240,,,,,,y,,,,,y,,,,,,y,,,y,,Country Pride,,,,y,y,,"Burger King, Dunkin'",10,,,,,y,,,,,BP,y,,,y,,,y,,,y,,,,,y,y,y,,y,y,
4361,Petro Fargo,"4510 19th Ave S.W.Fargo, ND, 58103",Fargo,North Dakota,58103,46.8503,-96.8632,,,,3.549,fuel,USA,USD,MapUp,TA-Petro,y,,,,,,y,,,,,,,y,,,,,y,,,,,,,,,y,,,4,,,,,,,16,y,,,,,,,,,,,y,,,,,y,y,,,,195,,,,,,y,,,,,,,,,,,y,,,y,,Dolly Down,,,,y,y,,"Charleys Philly Steaks, Cinnabon, Papa John's Pizza, Popeyes",13,,y,,,y,,,,,Petro,y,,,y,,,y,,,y,,,,,y,y,y,,y,y,
4259,TA Express Alexander,"14256 US-85Alexander, ND, 58831",Alexander,North Dakota,58831,47.8053,-103.6452,2.999,3.449,3.949,3.349,fuel,USA,USD,MapUp,TA-Petro,,,,,,,,,,,,,,,,,,,,,y,,,,,,,y,,,0,,,,,,,6,y,,,,,,,,,,,y,,,,,,,,,1,55,,,,,,,,,,,,,,,,,y,,,,,,,,,,,,,6,,y,,,,,,,,Exxon,y,,,,,,,,,,,,,,,,,,,,
4948,TA Express Grand Forks,"1212 North 47th StreetGrand Forks, ND, 58203",Grand Forks,North Dakota,58203,47.9322,-97.09564,,,,3.699,fuel,USA,USD,MapUp,TA-Petro,,,,,,,y,,,,,,,,,,,,,,,,,,,,,,,,4,,,,,,,8,y,,,,,,,,,,,y,,,,,,,,,1,65,,,,,,,,,,,,,,,,,y,,,,,,,,,,,,"Charleys Philly Steaks, Sbarro",8,,,,,,,1,,,Sunoco,y,,,,,,,,,,,,,,,,,,,,
4272,TA Express Steele,"620 Mitchell Avenue NorthSteele, ND, 58482",Steele,North Dakota,58482,46.8618,-99.9157,,,,3.289,fuel,USA,USD,MapUp,TA-Petro,,,,,,,,,,,,,,,,,,,,,,,,,,,,y,,,,,,,,y,,8,y,,,,,,,,,,,y,,,,,,y,,,,75,,,,,,,,,,,,,,,,,y,,,,,,,,,,,,"Caribou Coffee, Pizza Hut Express, Subway",3,,,,,,,,,,Shell,,,,,,,,,,,,,,,,,,,,,
4949,TA Express Williston,"13553 64th StreetWilliston, ND, 58801",Williston,North Dakota,58801,48.34334,-103.61586,,,,3.339,fuel,USA,USD,MapUp,TA-Petro,,,,,,,y,,,,,,,,,,,,,,,,,,,,,,,,2,,,,,,,7,y,,,,,,,,,,,y,,,,,,,,,1,70,,,,,,,,,,,,,,,,,y,,,,,,,,,,,,"Cinnabon, Subway",5,,,,,,,1,,,Sunoco,y,,,,,,,,,,,,,,,,,,,,
4362,Petro York,"4700 S. Lincoln Ave.York, NE, 68467",York,Nebraska,68467,40.8182,-97.5989,2.799,3.199,3.649,3.539,fuel,USA,USD,MapUp,TA-Petro,y,,,,,,y,,,,,,,y,,,,,y,,,,,,,y,,y,,,2,,,,,,,10,y,,,,,,,,,,,y,,,,,y,y,,,1,250,,,,,,y,,,,,y,,,,,Blue Beacon Truck Wash,y,,,y,,Iron Skillet,,,,y,y,,,16,,y,,,,,,,,Phillips,y,,,y,,,y,,,y,,,,,y,y,y,,y,y,
4193,TA Grand Island,"8033 West Holling Rd.Alda, NE, 68810-0167",Alda,Nebraska,68810-0167,40.7998,-98.496,2.729,3.229,3.779,3.399,fuel,USA,USD,MapUp,TA-Petro,,,,,,,,,,,,,,y,,,,,y,,,,,,,,,y,,,2,,,,,,,6,y,,y,,,,,,,,,y,,,,,y,y,,,1,82,,,,,,y,,,,,y,,,,,,y,,,y,,Country Pride,,,,y,y,,,7,,,,,y,,,,,Shell,,,,y,,,y,,,y,,,,,y,y,y,,y,y,
490,TA Ogallala,"103 Prospector DriveOgallala, NE, 69153-3198",Ogallala,Nebraska,69153-3198,41.1138,-101.7116,2.799,3.199,3.649,3.949,fuel,USA,USD,MapUp,TA-Petro,,,,,,,,,,,,,,y,,,,,y,,,,,,,y,,y,,,2,,,,,,,8,y,,y,,,,,,,,,y,,,,,y,y,,,1,94,,,,,,y,,,,,y,,,,,,y,,,y,,Country Pride,,,,y,y,,,9,,y,,,y,,,,,Sinclair,,,,y,,,y,,,y,,,,,y,y,y,,y,y,
4319,Petro Bucksville,"22526 Highway 216McCalla, AL, 35111",McCalla,Alabama,35111,33.2796,-87.0919,2.639,2.989,3.539,3.569,fuel,USA,USD,MapUp,TA-Petro,y,,,,,,y,,,,,,,y,,,,,y,,,,,,,y,,y,,,2,,,,,,,12,y,,y,,,,,,,,,y,,,,,y,y,,,1,255,,,,,,y,,,,,y,,,,,,,,,y,,Iron Skillet,,,,y,y,,Popeyes,14,,y,,,,,,,,Marathon,y,,,y,,,y,,,y,,,,,y,y,y,,y,y,y
4485,Petro Dodge City,"426 Alabama Highway 69 SHanceville, AL, 35077",Hanceville,Alabama,35077,34.05078,-86.87234,2.759,3.159,3.719,3.859,fuel,USA,USD,MapUp,TA-Petro,,,,,,,y,,,,,,,y,,,,,y,,,,,,,,,y,,,5,,,,,,,10,y,,y,,,,,,,,,y,,,,,y,y,,,1,322,,,,,,y,,,,,,,,,,,y,,,y,,,,,,y,y,,"Baskin Robbins, Burger King, Dunkin', Papa John's Pizza, Popeyes",10,y,,,,y,,,,,BP,y,,,y,,,y,,,y,,,,,y,y,y,,y,y,
4352,Petro Gadsden,"1724 West Grand AvenueGadsden, AL, 35904",Gadsden,Alabama,35904,33.9956,-86.0827,2.799,3.199,3.749,3.999,fuel,USA,USD,MapUp,TA-Petro,y,,,,,,y,,,,,,,y,,,,,y,,,,,,,y,,y,,,2,,,,,,,11,y,,,,,,,,,,,y,,,,,y,y,,,1,162,,,,,,y,,,,,y,,,,,,y,,,y,,,,,,y,y,,"Hunt Brothers Pizza, Popeyes, Starbucks",9,,,,,y,,,,,BP,y,,,y,,,y,,,y,,,,,y,y,y,,y,y,
4348,Petro Shorter,"428 Main StShorter, AL, 36075",Shorter,Alabama,36075,32.4056,-85.9556,2.799,3.199,3.749,3.579,fuel,USA,USD,MapUp,TA-Petro,,,,,,,y,,,,,,,,,,,,,,,,,,,,,y,,,3,,,,,,,4,y,,y,,,,,,,,,y,,,,,,y,,,1,50,,,,,,,,,,,y,,,,,,y,,,,,,,,,,,,Charleys Philly Steaks,6,,y,,,y,,,,,Shell,y,,,,,,,,,,,,,,,,,,,,
4947,TA Express Birmingham,"901 Bankhead HwyBirmingham, AL, 35204",Birmingham,Alabama,35204,33.52936,-86.85116,,,,3.709,fuel,USA,USD,MapUp,TA-Petro,,,,,,,y,,,,,,,,,,,,,,,,,,,,,y,,,3,,,,,,,9,y,,,,,,,,,,,y,,,,,,,,,1,85,,,,,,,,,,,,,,,,,y,,,,,,,,,,,,,7,,,,,y,,1,,,Sunoco,y,,,,,,,,,,,,,,,,,,,,
4260,TA Lincoln,"75246 Alabama 77Lincoln, AL, 35096",Lincoln,Alabama,35096,33.5865,-86.1248,2.749,3.339,3.889,3.489,fuel,USA,USD,MapUp,TA-Petro,,,,,,,y,,,,,,,y,,,,,y,,,,,,,,,y,,,2,,,,,,,7,y,,,,,,,,,,,y,,,,,y,y,,,1,45,,,,,,y,,,,,y,,,,,,y,,,y,,,,,,y,y,,Popeyes,4,,,,,,,,,,Shell,,,,y,,,y,,,y,,,,,y,y,y,,y,y,
454,TA Mobile,"9201 Grand BayGrand Bay, AL, 36541",Grand Bay,Alabama,36541,30.4985,-88.3336,2.599,2.999,3.549,3.799,fuel,USA,USD,MapUp,TA-Petro,,,,,,,y,,,,,,,y,,,,,y,,,,,,,,,y,,,2,,,,,,,6,y,,,,,,,,,,,y,,,,,y,y,,,1,89,,,,,,y,,,,,y,,,,,,y,,,y,,,,,,y,y,,"Dunkin', Popeyes",8,,y,,,y,,,,,BP,y,,,y,,,y,,,y,,,,,y,y,y,,y,y,y
4425,TA Montgomery,"980 West South BlvdMontgomery, AL, 36105",Montgomery,Alabama,36105,32.32746,-86.33221,2.859,3.259,3.819,3.799,fuel,USA,USD,MapUp,TA-Petro,,,,,,,y,,,,,,,y,,,,,y,,,,,,,,,,,,1,,,,,,,8,y,,,,,,,,,,,y,,,,,y,y,,,1,125,,,,,,y,,,,,,,,,,,y,,,y,,,,,,y,y,,,10,,,,,y,,1,,,Amoco,y,,,y,,,y,,,y,,,,,y,y,y,,y,y,
416,TA Tuscaloosa,"3501 Buttermilk RoadTuscaloosa, AL, 35453-9364",Tuscaloosa,Alabama,35453-9364,33.1759,-87.4462,2.699,3.099,3.649,3.329,fuel,USA,USD,MapUp,TA-Petro,y,,,,,,y,,,,,,,y,,,,,y,,,,,,,,,y,,,2,,,,,,,10,y,,y,,,,,,,,,y,,,,,y,y,,,1,151,,,,,,y,,,,,y,,,,,,y,,,y,,,,y,,y,y,,"Popeyes, Taco Bell",12,,,,,y,,,,,BP,y,,,y,,,y,,,y,,,,,y,y,y,,y,y,
4354,Petro Joplin,"4240 Highway 43Joplin, MO, 64803",Joplin,Missouri,64803,37.0072,-94.5523,,,,3.539,fuel,USA,USD,MapUp,TA-Petro,,,,,,,y,,,,,,,y,,,,,y,,,,,,,y,,y,,,0,,,,,y,,12,y,,,,,,,,,,,y,,,,,y,y,,,1,475,,,,,,y,,,,,,,,,,,y,,,y,,Iron Skillet,,,,y,y,,"Caribou Coffee, Dairy Queen, Taco Bell & Pizza Hut Express",18,,y,,,,,,,y,Phillips,y,,,y,,,y,,,y,,,,,y,y,y,,y,y,
4318,Petro Kingdom City,"3304 Gold RoadKingdom City, MO, 65262",Kingdom City,Missouri,65262,38.9405,-91.9399,3.019,3.419,3.969,3.399,fuel,USA,USD,MapUp,TA-Petro,,,,,,,y,,,,,,,y,,,,,y,,,,,y,,y,,y,,,2,,,,,,,12,y,,y,,,,,,,,,y,,,,,y,y,,,1,235,,,,,,y,,,,,y,,,,,,y,,,y,,Iron Skillet,,,,y,y,,,15,,y,,,y,,,,,BP,y,,,y,,,y,,,y,,,,,y,y,y,,y,y,
4460,Petro Oak Grove,"301 SW First StreetOak Grove, MO, 64075",Oak Grove,Missouri,64075,39.015,-94.131,2.899,3.299,3.849,3.599,fuel,USA,USD,MapUp,TA-Petro,y,,,,,,y,,,,,,,y,,,,,y,,,,,,,y,,y,,,,,,,,,,8,y,,,,,,,,,,,y,,,,,y,y,,,1,305,,,,,y,y,,,,,,,,,,,,,,y,,,,,,y,y,,Wendy's,12,,y,,,y,,,,,BP,y,,,y,,,y,,,y,,,,,y,y,y,,y,y,
418,TA Concordia,"102 N W 4th StreetConcordia, MO, 64020-0745",Concordia,Missouri,64020-0745,38.9941,-93.5678,2.899,3.299,3.849,3.649,fuel,USA,USD,MapUp,TA-Petro,,,,,,,,,,,,,,y,,,,,y,,,,,,,y,,y,,,2,,,,,,,10,y,,y,,,,,,,,,y,,,,,y,y,,,1,146,,,,,,y,,,,,y,,,,,,y,,,y,,,,,,y,y,,Subway,12,,y,,,y,,,,,Amoco,,,,y,,,y,,,y,,,,,y,y,y,,y,y,
4461,TA Cuba,"5922 MO - 19Cuba, MO, 65453",Cuba,Missouri,65453,38.07385,-91.40694,2.899,3.299,3.849,3.599,fuel,USA,USD,MapUp,TA-Petro,y,,,,,,y,,,,,,,y,,,,,y,,,,,,,,,,,,,,,,,,,20,y,,y,,,,,,,,,,,,,,y,y,,,1,412,,,,,,y,,,,,y,,,,,,y,,,y,,IHOP,,,,y,y,,,16,,,,,,,,,y,Amoco,y,,,y,,,y,,,y,,,,,y,y,y,,y,y,
472,TA Express Mt. Vernon,"1000 E. Mt. Vernon Blvd.Mt.Vernon, MO, 65712",Mt.Vernon,Missouri,65712,37.0948,-93.8065,,,,3.479,fuel,USA,USD,MapUp,TA-Petro,,,,,,,,,,,,,,,,,,,,,,,,,,y,,y,,,2,,,,,,,12,y,,,,,,,,,,,y,,,,,,y,,,,150,,,,,,,,,,,,,,,,,y,,,,,,,,,,,,Subway,,,y,,,y,,,,,Conoco,,,,,,,,,,,,,,,,,,,,,
4450,TA Express Norwood,"741 State Hwy ENorwood, MO, 65717",Norwood,Missouri,65717,37.1169071,-92.4200916,,,,3.459,fuel,USA,USD,MapUp,TA-Petro,,,,,,,,,,,,,,,,,,,,,,,,,,,,y,,,,,,,,,,6,y,,,,,,,,,,,y,,,,,,y,,,1,52,,,,,,,,,,,,,,,,,,,,,,Ozark Café,,,,,,,Sbarro,6,,,,,y,,,,,Gulf,y,,,,,,,,,,,,,,,,,,,,
4175,TA Foristell,"3265 N. Service Road EastForistell, MO, 63348-0069",Foristell,Missouri,63348-0069,38.8171,-90.9495,2.919,3.319,3.869,3.299,fuel,USA,USD,MapUp,TA-Petro,,,,,,,,,,,,,,y,,,,,y,,,,,,,,,,,,2,,,,,,,8,y,,y,,,,,,,,,y,,,,,y,y,,,1,95,,,,,,y,,,,,y,,,,,,y,,,y,,,,,,y,y,,"Popeyes, Taco Bell & Pizza Hut Express",8,,y,,,y,,,,,BP,,,,y,,,y,,,y,,,,,y,y,y,,y,y,y
451,TA Matthews,"854 State Hwy 80Matthews, MO, 63867",Matthews,Missouri,63867,36.7582,-89.5346,2.519,2.919,3.469,3.459,fuel,USA,USD,MapUp,TA-Petro,,,,,,,,,,,,,,y,,,,,y,,,,,y,,,,y,,,2,,,,,,,8,y,,y,,,,,,,,,y,,,,,y,y,,,1,114,,,,,,y,,,,,y,,,,,,y,,,y,,,,,,y,y,,"Popeyes, Taco Bell Express",6,,,,,y,,,,,Amoco,,,,y,,,y,,,y,,,,,y,y,y,,y,y,
4924,TA Mt. Vernon,"1501 East Mt. Vernon BlvdMt Vernon, MO, 65712",Mt Vernon,Missouri,65712,37.0905923,-93.8012484,,,,3.469,fuel,USA,USD,MapUp,TA-Petro,y,,,,,,y,,,,,,,y,,,,,y,,y,,,,,,,y,,,8,,,,,,,9,y,,y,,,,,,,,,y,,,y,,y,y,,,1,225,,,,,,y,,,,,,,,,,,y,,,y,,,,,,,y,,"Subway, Wendy's",6,,y,,,y,,1,,,Phillips,y,,,y,,,y,,,y,,,,,y,y,y,,y,y,
452,TA Oak Grove,"100 North BroadwayOak Grove, MO, 64075",Oak Grove,Missouri,64075,39.0176,-94.1302,2.899,3.299,3.849,3.649,fuel,USA,USD,MapUp,TA-Petro,,,,,,,,,,,,,,y,,,,,y,,,,,,,y,,y,,,2,,,,,,,10,y,,y,,,,,,,,,y,,,,,y,y,,,1,118,,,,,,y,,,,,y,,,,,,y,,,y,,IHOP,,,,y,y,,Popeyes,9,,,,,y,,,,,Amoco,,,,y,,,y,,,y,,,,,y,y,y,,y,y,y
4137,TA Strafford,"225 E. EvergreenStrafford, MO, 65757-0069",Strafford,Missouri,65757-0069,37.2745,-93.1152,,,,3.469,fuel,USA,USD,MapUp,TA-Petro,,,,,,,,,,,,,,y,,,,,y,,,,,,,y,,y,,,4,,,,,,,8,y,,,,,,,,,,,y,,,,,y,y,,,1,130,,,,,,y,,,,,,,,,,,y,,,y,,88 Diner,,,,y,y,,"Subway, Taco Bell",8,,y,,,y,,,,y,Phillips,,,,y,,,y,,,y,,,,,y,y,y,,y,y,
4403,Petro Portage,"North 5800 Kinney Rd.Portage, WI, 53901",Portage,Wisconsin,53901,43.4864,-89.498,2.789,3.189,3.739,3.899,fuel,USA,USD,MapUp,TA-Petro,,,,,,,y,,,,,,,y,,,,,y,,,,,,,y,,y,,,3,,,,,,,12,y,,y,,,,,,,,,y,,,,,y,y,,,1,300,,,,,,y,,,,,,,,,,,y,,,y,,Iron Skillet,,,,y,y,,Subway,14,,y,,,y,,,,,BP,y,,,y,,,y,,,y,,,,,y,y,y,,y,y,
4368,Petro Racine,"717 South Sylvania AveSturtevant, WI, 53177",Sturtevant,Wisconsin,53177,42.7251,-87.9561,,,,3.879,fuel,USA,USD,MapUp,TA-Petro,,,,,,,y,,,,,,,y,,,,,y,,,,,,,,,y,,,2,,,,,,,7,y,,,,,,,,,,,y,,,,,y,y,,,1,158,,,,,,y,,,,,,y,,,,,y,,,y,,Blue Badger Bar and Grill,,,,y,y,,"Dunkin - Order Ahead, Krispy Krunchy Chicken, O&H Danish Bakery, Taco Bell - Order Ahead",13,,,,,y,,,,,Mobil,y,,,y,,,y,,,y,,,,,y,y,y,,y,y,y
4982,TA Express New Lisbon,"1700 E Bridge StreetNew Lisbon, WI, 53950",New Lisbon,Wisconsin,53950,43.88579,-90.14664,,,,3.409,fuel,USA,USD,MapUp,TA-Petro,,,,,,,y,,,,,,,,,,,,,,,,,,,,,,,,1,,,,,,,6,y,,,,,,,,,,,y,,,,,,y,,,,50,,,,,,,,,,,,,,,,,,,,,,,,,,,,,,4,,,,,,,1,,,Phillips,y,,,,,,,,,,,,,,,,,,,,
4431,TA Express Osseo,"12613 Gunderson RoadOsseo, WI, 54758",Osseo,Wisconsin,54758,44.57829,-91.19926,,,,3.589,fuel,USA,USD,MapUp,TA-Petro,,,,,,,,,,,,,,,,,,,,,,,,,,,,,,,,,,,,,,8,y,,,,,,,,,,,y,,,,,,y,,,1,50,,,,,,,,,,,,,,,,,y,,,,,Family Restaurant,,,,,,,Hunt Brothers Pizza,6,,,,,y,,,,,BP,,,,,,,,,,,,,,,,,,,,,
4192,TA Hudson,"713 Hwy 12Hudson, WI, 54016-0630",Hudson,Wisconsin,54016-0630,44.9655,-92.6785,2.859,3.259,3.819,3.719,fuel,USA,USD,MapUp,TA-Petro,,,,,,,,,,,,,,y,,,,,y,,,,,,,y,,y,,,2,,,,,,,6,y,,,,,,,,,,,y,,,,,y,y,,,1,86,,,,,,y,,,,,y,,,,,,y,,,y,,,,,,y,y,,,8,,,,,y,,,,,Amoco,,,,y,,,y,,,y,,,,,y,y,y,,y,y,
471,TA Janesville,"3222 Hwy. 14 EastJanesville, WI, 53546-8218",Janesville,Wisconsin,53546-8218,42.7143,-88.9793,,,,3.399,fuel,USA,USD,MapUp,TA-Petro,,,,,,,,,,,,,,y,,,,,y,,,,,,,,,y,,,1,,,,,,,8,y,,,,,,,,,,,y,,,,,y,y,,,1,125,,,,,,y,,,,,y,,,,,,y,,,y,,,,,,y,y,,"Chester Fried Chicken, Cinnabon, Hunt Brothers Pizza, Wendy's",4,,y,,,y,,,,,Mobil,,,,y,,,y,,,y,,,,,y,y,y,,y,y,
450,TA Madison,"5901 Highway 51DeForest, WI, 53532",DeForest,Wisconsin,53532,43.1745,-89.3255,2.999,3.399,3.949,3.929,fuel,USA,USD,MapUp,TA-Petro,,,,,,,,,,,,,,y,,,,,y,,,,,,,y,,y,,,2,,,,,,,8,y,,,,,,,,,,,y,,,,,y,y,,,1,118,,,,,,y,,,,,y,,,,,,y,,,y,,,,,,y,y,,Popeyes,9,,,,,y,,,,,BP,,,,y,,,y,,,y,,,,,y,y,y,,y,y,
4322,Petro Atlanta,"3181 Donald Lee Hollowell Pkwy.Atlanta, GA, 30318",Atlanta,Georgia,30318,33.7865,-84.4905,3.159,3.559,4.119,4.019,fuel,USA,USD,MapUp,TA-Petro,,,y,,,,y,,,,,,,y,,,,,y,,,,,,,y,,,,,5,,,,,,,16,y,,y,,,,,,,,,y,,,y,,y,y,,,1,411,,,,,y,y,,,,,y,,,,,,y,,,y,,Iron Skillet,,,,y,y,,Burger King,14,,,,,y,,,,y,Amoco,y,,,y,,,y,,,y,,,,,y,y,y,,y,y,y
4377,Petro Carnesville,"10200 Old Federal Rd.Carnesville, GA, 30521",Carnesville,Georgia,30521,34.3481,-83.3199,2.739,3.139,3.689,3.569,fuel,USA,USD,MapUp,TA-Petro,y,,y,,y,,y,,,,,,,y,,,,,y,,,,,,,y,,y,,,2,,,,,,,12,,,y,,,,,,,,,y,,,y,,y,y,,,1,221,,,,,,y,,,,,,,,,,Blue Beacon Truck Wash,y,,,y,,Iron Skillet,,,,y,y,,,18,,,,,y,,,,,BP,y,,,y,,,y,,,y,,,,,y,y,y,,y,y,
4344,Petro Kingsland,"1105 East King AvenueKingsland, GA, 31548",Kingsland,Georgia,31548,30.7942,-81.6662,2.779,3.179,3.729,3.899,fuel,USA,USD,MapUp,TA-Petro,y,,y,,,,y,,,,,,,y,,,,,y,,,,,,,y,,y,,,2,,,,,,,9,y,,y,,,,,,,,,y,,,y,,y,y,,,1,136,,,,,,y,,,,,y,,,,,,y,,,y,,,,,,y,y,,Popeyes,5,,y,,,y,,,,,Amoco,y,,,y,,,y,,,y,,,,,y,y,y,,y,y,y
4268,TA Atlanta South,"122 Truckstop WayJackson, GA, 30233-0967",Jackson,Georgia,30233-0967,33.2065,-84.0585,2.899,3.249,3.799,3.899,fuel,USA,USD,MapUp,TA-Petro,,,y,,,,y,,,,,,,y,,,,,y,,,,,,,,,y,,,2,,,,,,,8,y,,,,,,,,,,,y,,,y,,y,y,,,1,108,,,,,,y,,,,,y,,,,,,y,,,y,,IHOP,,,,y,y,,Subway,8,,y,,,y,,,,,Marathon,y,,,y,,,y,,,y,,,,,y,y,y,,y,y,
4258,TA Brunswick,"185 Dungeness DriveBrunswick, GA, 31523",Brunswick,Georgia,31523,31.1381,-81.5799,2.899,3.299,3.849,3.799,fuel,USA,USD,MapUp,TA-Petro,,,y,,,,y,,,,,,,y,,,,,y,,,,,,,,,y,,,2,,,,,,,8,y,,y,,,,,,,,,y,,,y,,y,y,,,1,107,,,,,,y,,,,,y,,,,,,y,,,y,,,,,,y,y,,"Burger King, Starbucks, Subway",9,,,,,y,,,,,BP,y,,,y,,,y,,,y,,,,,y,y,y,,y,y,y
4146,TA Cartersville,"981 Cassville-White RoadCartersville, GA, 30121",Cartersville,Georgia,30121,34.2739,-84.8075,2.999,3.399,3.949,3.949,fuel,USA,USD,MapUp,TA-Petro,,,y,,,,y,,,,,,,y,,,,,y,,,,,,,y,,y,,,4,,,,,,,8,y,,y,,,,,,,,,y,,,y,,y,y,,,1,212,,,,,y,y,,,,,y,,,,,,y,,,y,,IHOP,,,,y,y,,"Burger King, Popeyes, Taco Bell & Pizza Hut Express",10,,,,,y,,,,,BP,y,,,y,,,y,,,y,,,,,y,y,y,,y,y,
4156,TA Commerce,"30732 Hwy 441 SouthCommerce, GA, 30529",Commerce,Georgia,30529,34.2528,-83.4632,2.979,3.379,3.929,3.649,fuel,USA,USD,MapUp,TA-Petro,,,y,,,,y,,,,,,,y,,,,,y,,,,,,,y,,y,,,2,,,,,,,8,y,,y,,,,,,,,,y,,,y,,y,y,,,1,89,,,,,,y,,,,,y,,,,,,y,,,y,,Fuddruckers,,,,y,y,,,14,,,,,y,,,,,Amoco,y,,,y,,,y,,,y,,,,,y,y,y,,y,y,
4418,TA Express Statesboro,"2930 Highway 301 SouthRegister, GA, 30452",Register,Georgia,30452,32.3030701,-81.872155,2.869,3.269,3.819,3.859,fuel,USA,USD,MapUp,TA-Petro,,,,,,,y,,,,,,,y,,,,,y,,,,,,,,,y,,,,,,,,,,8,y,,,,,,,,,,,,,,,,y,y,,,1,125,,,,,,y,,,,,y,,,,,,y,,,y,,,,,,y,y,,Burger King,4,,,,,y,,1,,,Amoco,y,,,y,,,y,,,y,,,,,y,y,y,,y,y,
4435,TA Express Thomson,"2447 Cobbham Rd N.E.Thomson, GA, 30824",Thomson,Georgia,30824,33.5132117,-82.4453471,,,,3.899,fuel,USA,USD,MapUp,TA-Petro,y,,,,,,,,,,,,,,,,,,,,,,,,,,,y,,,3,,,,,,,8,y,,y,,,,,,,,,y,,,,,,,,,1,82,,,,,,,,,,,,,,,,,,,,,,,,,,,,,,6,,,,,y,,1,,,,y,,,,,,,,,,,,,,,,,,,,
4283,TA Express West Point,"300 Kia BlvdWest Point, GA, 31833",West Point,Georgia,31833,32.93035,-85.11613,,,,3.899,fuel,USA,USD,MapUp,TA-Petro,,,,,,,,,,,,,,,,,,,,,y,,,,,,,,,,,,,,,,,6,,,y,,,,,,,,,y,,,,,,,,,1,23,,,,,,,,,,,,,,,,,y,,,,,,,,,,,,Champs Chicken,4,,,,,y,,,,,76,,,,,,,,,,,,,,,,,,,,,
4249,TA Lake Park,"6901 Bellville RoadLake Park, GA, 31636-0430",Lake Park,Georgia,31636-0430,30.644,-83.1876,2.999,3.399,3.949,3.659,fuel,USA,USD,MapUp,TA-Petro,,,y,,,,y,,,,,,,y,,,,,y,,,,,,,,,y,,,2,,,,,,,7,y,,,,,,,,,,,y,,,y,,y,y,,,1,75,,,,,,y,,,,,y,,,,,,y,,,y,,,,,,y,y,,"Arby's, Popeyes",6,,,,,y,,,,,BP,y,,,y,,,y,,,y,,,,,y,y,y,,y,y,
445,TA Madison,"2021 Eatonton RoadMadison, GA, 30650",Madison,Georgia,30650,33.5524,-83.4748,2.899,3.299,3.849,4.119,fuel,USA,USD,MapUp,TA-Petro,,,y,,,,y,,,,,,,y,,,,,y,,,,,,,,,,,,2,,,,,,,7,y,,,,,,,,,,,y,,,y,,y,y,,,1,149,,,,,,y,,,,,y,,,,,,,,,y,,,,,,y,y,,Popeyes,7,,y,,,y,,,,,BP,y,,,y,,,y,,,y,,,,,y,y,y,,y,y,
4177,TA Savannah,"4401 Hwy. 17Richmond Hill, GA, 31324-0280",Richmond Hill,Georgia,31324-0280,31.9252,-81.3327,2.899,3.299,3.849,3.739,fuel,USA,USD,MapUp,TA-Petro,,,,,,,y,,,,,,,y,,,,,y,,,,,,,y,,,,,4,,,,,,,9,y,,y,,,,,,,,,y,,,y,,y,y,,,1,222,,,,,,y,,,,,y,,,,,,y,,,y,,Fuddruckers,,,,y,y,,Popeyes,8,,y,,,y,,,,,BP,y,,,y,,,y,,,y,,,,,y,y,y,,y,y,
4345,Petro Angola,"7265 North Baker RoadFremont, IN, 46737",Fremont,Indiana,46737,41.7483,-84.9932,2.999,3.399,3.949,4.099,fuel,USA,USD,MapUp,TA-Petro,,,,,,,y,,,,,,y,,,,,,,,,,,,,y,,y,,,2,,,,,,,10,y,,y,,,,,,,,,y,,,,y,,y,,,1,200,,,,,,,,,,,y,,,,,,y,,,,,Iron Skillet,,,,,,,,6,,y,,,y,,,,,BP,y,,,,,,,,,,,,,,,,,,,,
4376,Petro Brazil,"1035 W. State Road 42Brazil, IN, 47834",Brazil,Indiana,47834,39.4455,-87.127,2.959,3.359,3.919,4.049,fuel,USA,USD,MapUp,TA-Petro,,,,,,,y,,,,,,,y,,,,,y,,,,,,,,,y,,,2,,,,,,,8,y,,y,,,,,,,,,y,,,,,y,y,,,1,102,,,,,,y,,,,,,,,,,,y,,,y,,Iron Skillet,,,,y,y,,,8,,,,,y,,,,,Amoco,y,,,y,,,y,,,y,,,,,y,y,y,,y,y,
4369,Petro Gary,"3001 Grant StreetGary, IN, 46408",Gary,Indiana,46408,41.5638,-87.3557,2.899,3.299,3.849,4.089,fuel,USA,USD,MapUp,TA-Petro,,,,,,,y,,,,,,,y,,,,,y,,,,,,,y,,y,,,5,,,,,,,15,y,,y,,,,,,,,,y,,,,,y,y,,,1,405,,,,,,y,,,,,y,,,,,,y,,,y,,Iron Skillet,,,,y,y,,Taco Bell & Pizza Hut Express,15,,y,,,y,,,,,BP,y,,,y,,,y,,,y,,,,,y,y,y,,y,y,y
4380,Petro Gaston,"14000 West State Road 28Gaston, IN, 47342",Gaston,Indiana,47342,40.2772,-85.5526,2.839,3.239,3.789,3.979,fuel,USA,USD,MapUp,TA-Petro,,,,,,,y,,,,,,,y,,,,,y,,,,,,,,,y,,,2,,,,,,,8,y,,,,,,,,,,,y,,,,,y,y,,,1,150,,,,,,y,,,,,,,,,,,y,,,y,,Iron Skillet,,,,y,y,,,7,,y,,,,,,,,BP,y,,,y,,,y,,,y,,,,,y,y,y,,y,y,
4379,Petro Greensburg,"1409 South County Rd. 850 EastGreensburg, IN, 47240",Greensburg,Indiana,47240,39.3188,-85.326,2.899,3.299,3.849,4.059,fuel,USA,USD,MapUp,TA-Petro,,,,,,,y,,,,,,,y,,,,,y,,,,,,,,,y,,,2,,,,,,,7,y,,,,,,,,,,,y,,,,,y,y,,,1,90,,,,,,y,,,,,,,,,,,y,,,y,,Iron Skillet,,,,y,y,,,8,,y,,,y,,,,,BP,y,,,y,,,y,,,y,,,,,y,y,y,,y,y,
4382,Petro Remington,"4230 West Highway 24Remington, IN, 47977",Remington,Indiana,47977,40.767,-87.1261,3.259,3.659,4.219,3.949,fuel,USA,USD,MapUp,TA-Petro,,,,,,,y,,,,,,,y,,,,,y,,,,,,,,,,,,2,,,,,,,8,y,,y,,,,,,,,,y,,,,,y,y,,,1,150,,,,,,y,,,,,y,,,,,,y,,,y,,Iron Skillet,,,,y,y,,,8,,,,,y,,,,,BP,y,,,y,,,y,,,y,,,,,y,y,y,,y,y,
4257,TA Clayton,"10346 S. State Road 39Clayton, IN, 46118-9184",Clayton,Indiana,46118-9184,39.6113,-86.4807,2.899,3.349,3.999,3.939,fuel,USA,USD,MapUp,TA-Petro,,,,,,,,,,,,,,y,,,,,y,,,,,,,,,y,,,2,,,,,,,8,y,,,,,,,,,,,y,,,,,y,y,,,1,100,,,,,,y,,,,,y,,,,,,y,,,y,,Country Pride,,,,y,y,,,6,,,,,y,,,,,BP,,,,y,,,y,,,y,,,,,y,y,y,,y,y,y
4241,TA DeMotte,"11166 West State Road 10DeMotte, IN, 46310",DeMotte,Indiana,46310,41.1456,-87.2597,3.159,3.619,4.259,3.729,fuel,USA,USD,MapUp,TA-Petro,,,,,,,y,,,,,,y,y,,,,,y,,,,,,,,,y,,,2,,,,,,,7,y,,y,,,,,,,,,y,,,,,y,y,,,1,133,,,,,,y,,,,,y,,,,,,y,,,y,,,,,,y,y,,,6,,,,,y,,,,,BP,,,,y,,,y,,,y,,,,,y,y,y,,y,y,
410,TA Gary,"2510 Burr St.Gary, IN, 46406",Gary,Indiana,46406,41.573,-87.4045,3.259,3.719,4.359,4.089,fuel,USA,USD,MapUp,TA-Petro,,,,,,,,,,,,,,y,,,,,y,,,,,y,,,,y,,,4,,,,,,,16,y,,y,,,,,,,,,y,,,,,y,y,,,1,318,,,,,y,y,,,,,y,,,,,,y,,,y,,,,,,y,y,,"Pizza Hut Express, Taco Bell",14,,y,,,y,,,,y,BP,,,,y,,,y,,,y,,,,,y,y,y,,y,y,y
4219,TA Lake Station,"1201 Ripley StreetLake Station, IN, 46405",Lake Station,Indiana,46405,41.5906,-87.2393,3.259,3.719,4.359,4.089,fuel,USA,USD,MapUp,TA-Petro,,,,,,,,,,,,,,y,,,,,y,,,,,,,,,y,,,2,,,,,,,15,y,,y,,,,,,,,,y,,,,,y,y,,,1,252,,,,,,y,,,,,y,,,,,,y,,,y,,,,,,y,y,,Popeyes,12,,,,,y,,,,,BP,,,,y,,,y,,,y,,,,,y,y,y,,y,y,y
4220,TA Porter,"1600 West US Hwy 20Porter, IN, 46304",Porter,Indiana,46304,41.6125,-87.0985,3.259,3.719,4.359,4.089,fuel,USA,USD,MapUp,TA-Petro,,,,,,,,,,,,,y,y,,,,,y,,,,,,,,,y,,,2,,,,,,,12,y,,y,,,,,,,,,y,,,,,y,y,,,1,212,,,,,,y,,,,,y,,,,,,y,,,y,,,,,,y,y,,"Popeyes, Taco Bell & Pizza Hut Express",9,,y,,,y,,,,,BP,,,,y,,,y,,,y,,,,,y,y,y,,y,y,
465,TA Seymour,"2636 E. Tipton St.Seymour, IN, 47274-3593",Seymour,Indiana,47274-3593,38.9576,-85.8366,2.769,3.219,3.869,3.899,fuel,USA,USD,MapUp,TA-Petro,,,,,,,,,,,,,,y,,,,,y,,,,,,,,,y,,,2,,,,,,,9,y,,y,,,,,,,,,y,,,,,y,y,,,1,184,,,,,,y,,,,,y,,,,,,y,,,y,,,,,,y,y,,"Charleys Philly Steaks, The Kitchen",9,,y,,,y,,1,,,BP,,,,y,,,y,,,y,,,,,y,y,y,,y,y,
4173,TA Whitestown,"5930 Whitestown PkwyWhitestown, IN, 46075-9801",Whitestown,Indiana,46075-9801,39.9478,-86.357,2.829,3.279,3.929,4.029,fuel,USA,USD,MapUp,TA-Petro,,,,,,,,,,,,,y,y,,,,,y,,,,,,,y,,,,,2,,,,,,,7,y,,y,,,,,,,,,y,,,,,y,y,,,1,169,,,,,,y,,,,,y,,,,,,y,,,y,,,,,,y,y,,Popeyes,9,,,,,y,,,,,BP,,,,y,,,y,,,y,,,,,y,y,y,,y,y,
4273,TA Express Hot Springs,"27638 US 385Hot Springs, SD, 57747",Hot Springs,South Dakota,57747,43.3986,-103.3958,,,,3.249,fuel,USA,USD,MapUp,TA-Petro,,,,,,,,,,,,,,,,,,,,,,,,,,,,y,,,,,,,,,,4,y,,,,,,,,,,,y,,,,,,,,,1,75,,,,,,,,,,,,,,,,,y,,,,,,,,,,,,"Caribou Coffee, Cinnabon, Subway",2,,,,,,,,,,Sinclair,y,,,,,,,,,,,,,,,,,,,,
4274,TA Express Summit,"45789 US Hwy 12Summit, SD, 57266",Summit,South Dakota,57266,45.3112,-97.04626,,,,3.299,fuel,USA,USD,MapUp,TA-Petro,,,y,,,,,,,,,,,y,,,,,y,,y,,,,,,,y,,,,,,,,,,10,y,,y,,,,,,,,,y,,,,,y,y,,,1,80,,,,,,y,,,,,,,,,,,y,,,y,,,,,,y,y,,"Caribou Coffee, Pizza Hut Express, Subway",4,,,,,y,,,,,Cenex,y,,,y,,,y,,,y,,,,,y,y,y,,y,y,
4275,TA Express Vermillion,"47051 SD Hwy 50Burbank, SD, 57010",Burbank,South Dakota,57010,42.785,-96.797,,,,3.219,fuel,USA,USD,MapUp,TA-Petro,,,y,,,,,,,,,,,,,,,,,,,,,,,,,y,,,0,,,,,,,8,y,,y,,,,,,,,,y,,,,,,,,,1,128,,,,,,,,,,,,,,,,,,,,,,,,,,,,,"Caribou Coffee, Cinnabon, Pizza Hut Express, Subway",5,,,,,,,,,,BP,,,,,,,,,,,,,,,,,,,,,
4314,Petro Bordentown,"402 Rising Sun Square RoadBordentown, NJ, 08505",Bordentown,New Jersey,8505,40.1234,-74.7131,3.129,3.529,4.079,4.219,fuel,USA,USD,MapUp,TA-Petro,,,,,y,,y,,,,,,,y,,,,,y,,,,,,,y,,y,,,6,,,,,,,12,y,,y,,,,,,,,,y,,,,,y,y,,,1,490,,,,,,y,,,,,y,y,,,,Blue Beacon Truck Wash,,,,y,,Iron Skillet,,,,y,y,,Arby's,20,,y,,,y,,,,,Amoco,y,,,y,,,y,,,y,,,,,y,y,y,,y,y,
448,TA Bloomsbury,"975 State Route 173Bloomsbury, NJ, 08804",Bloomsbury,New Jersey,8804,40.6594,-75.075,2.959,3.419,3.919,4.249,fuel,USA,USD,MapUp,TA-Petro,,,,,,,,,,,,,,y,,,,,y,,,,,,,,,y,,,3,,,,,,,9,y,,y,,,,,,,,,y,,,,,y,y,,,1,122,,,,,,y,,,,,y,,,,,,y,,,y,,Country Pride,,,,y,y,,Burger King,7,,,,,y,,,,,Exxon,,,,y,,,y,,,y,,,,,y,y,y,,y,y,
46,TA Columbia,"2 Simpson RoadColumbia, NJ, 07832-0305",Columbia,New Jersey,07832-0305,40.9317,-75.0969,2.999,3.449,3.949,4.159,fuel,USA,USD,MapUp,TA-Petro,,,,,,,,,,,,,,y,,,,,y,,,,,,,,,y,,,2,,,,,,,8,y,,y,,,,,,,,,y,,,,,y,y,,,1,172,,,,,,y,,,,,y,,,,,,y,,,y,,Country Pride,,,,y,y,,"Pizza Hut Express, Taco Bell Express",7,,,,,y,,,,,Exxon,,,,y,,,y,,,y,,,,,y,y,y,,y,y,y
4218,TA Paulsboro,"171 Berkley RoadPaulsboro, NJ, 08066",Paulsboro,New Jersey,8066,39.819,-75.2385,2.999,3.399,3.949,4.199,fuel,USA,USD,MapUp,TA-Petro,,,,,,,,,,,,,,y,,,,,y,,,,,,,,,y,,,2,,,,,,,12,y,,y,,,,,,,,,y,,,,,y,y,,,1,175,,,,,,y,,,,,y,,,,,,y,,,y,,,,,,y,y,,,8,,y,,,y,,,,,Amoco,,,,y,,,y,,,y,,,,,y,y,y,,y,y,y
4399,Petro Johnson\'s Corner,"2842 SE Frontage RoadJohnstown, CO, 80534",Johnstown,Colorado,80534,40.363,-104.984,2.999,3.399,3.849,3.579,fuel,USA,USD,MapUp,TA-Petro,,,,,,,,,,,,,,,,,,,,,,,,,,,,y,,,2,,,,,,,6,y,,,,,,,,,,,y,,,,,,y,,,1,110,,,,,,,,,,,,,,,,,y,,,,,Johnson's Corner,,,,,,,,6,,y,,,y,,,,,Sinclair,y,,,,,,,,,,,,,,,,,,,,
4148,TA Commerce City,"5101 Quebec StreetCommerce City, CO, 80022",Commerce City,Colorado,80022,39.7901,-104.9043,3.389,3.689,4.139,3.459,fuel,USA,USD,MapUp,TA-Petro,,,,,,,y,,,,,,,y,,,,,y,,,,,y,,y,,y,,,2,,,,,,,8,y,,y,,,,,,,,,y,,,,,y,y,,,1,224,,,,,,y,,,,,y,,,,,,y,,,y,,,,,,y,y,,"Burger King, Pizza Hut Express, Popeyes",10,,,,,y,,,,,TA,y,,,y,,,y,,,y,,,,,y,y,y,,y,y,y
4648,TA Express Brush,"1041 N. Colorado AvenueBrush, CO, 80723",Brush,Colorado,80723,40.2665,-103.621,3.059,3.419,3.959,3.859,fuel,USA,USD,MapUp,TA-Petro,,,,,,,,,,,,,,,,,,,,,,,,,,,,,,,1,,,,,,,4,,,,,,,,,,,,y,,,,,,,,,,15,,,,,,,,,,,y,,,,,,,,,,,,,,,,,,,,,,,,,,,,,Conoco,,,,,,,,,,,,,,,,,,,,,
4979,TA Express Grand Junction,"2222 Hightway 6Grand Junction, CO, 81505",Grand Junction,Colorado,81505,39.109,-108.64079,,,,3.689,fuel,USA,USD,MapUp,TA-Petro,,,,,,,,,,,,,,,,,,,,,,,,,,,,y,,,1,,,,,,,6,y,,,,,,,,,,,y,,,,,,y,,,,68,,,,,,,,,,,,,,,,,,,,,,,,,,,,,,3,,,,,y,,,,,Conoco,y,,,,,,,,,,,,,,,,,,,,
4929,TA Express Lamar,"708 N. Main StreetLamar, CO, 81052",Lamar,Colorado,81052,38.09699,-102.61914,,,,3.479,fuel,USA,USD,MapUp,TA-Petro,,,,,,,,,,,,,,,,,,,,,,,,,,,,,,,1,,,,,,,5,,,,,,,,,,,,y,,,,,,,,,1,37,,,,,,,,,,,,,,,,,y,,,,,,,,,,,,"Charleys Philly Steaks, Dunkin', KFC",3,,,,,y,,3,,,76,y,,,,,,,,,,,,,,,,,,,,
4649,TA Express Walsenburg,"455 US-85Walsenburg, CO, 81089",Walsenburg,Colorado,81089,37.6537,-104.7938,2.899,3.299,3.749,3.299,fuel,USA,USD,MapUp,TA-Petro,,,,,,,,,,,,,,,,,,,,,,,,,,,,,,,1,,,,,,,4,y,,,,,,,,,,,y,,,,,,y,,,,35,,,,,,,,,,,y,,,,,,,,,,,,,,,,,,A&W All American Food,3,,,,,,,,,,Phillips,,,,,,,,,,,,,,,,,,,,,
4228,TA Limon,"2200 Ninth StreetLimon, CO, 80828",Limon,Colorado,80828,39.271,-103.7067,2.759,3.159,3.619,3.559,fuel,USA,USD,MapUp,TA-Petro,,,,,,,y,,,,,,,y,,,,,y,,,,,,,,,y,,,3,,,,,,,8,y,,y,,,,,,,,,y,,,,,y,y,,,1,104,,,,,,y,,,,,y,,,,,,y,,,y,,Country Pride,,,,y,y,,Subway,8,,,,,y,,,,,Phillips,y,,,y,,,y,,,y,,,,,y,y,y,,y,y,
4174,TA Wheat Ridge,"12151 West 44th AvenueWheat Ridge, CO, 80033-2448",Wheat Ridge,Colorado,80033-2448,39.7793,-105.1349,2.999,3.299,3.749,3.489,fuel,USA,USD,MapUp,TA-Petro,,,,,y,,y,,,,,,,y,,,,,y,,,,,,,,,y,,,2,,,,,,,8,y,,y,,,,,,,,,y,,,,,y,y,,,1,116,,,,,,y,,,,,y,y,,,,,y,,,y,,,,,,y,y,,The Kitchen,7,,,,,y,,,,,TA,y,,,y,,,y,,,y,,,,,y,y,y,,y,y,y
4254,TA Brooklyn,"4124 V18 Rd.Brooklyn, IA, 52211",Brooklyn,Iowa,52211,41.6978,-92.4459,2.999,3.399,3.949,3.899,fuel,USA,USD,MapUp,TA-Petro,,,,,,,,,,,,,,y,,,,,y,,,,,,,,,y,,,4,,,,,,,7,y,,,,,,,,,,,y,,,,,y,y,,,1,70,,,,,,y,,,,,y,,,,,,y,,,y,,Country Pride,,,,y,y,,Hunt Brothers Pizza,5,,,,,y,,,,,BP,,,,y,,,y,,,y,,,,,y,y,y,,y,y,
466,TA Council Bluffs,"3210 South Seven StreetCouncil Bluffs, IA, 51501",Council Bluffs,Iowa,51501,41.2287,-95.8536,2.999,3.399,3.949,3.829,fuel,USA,USD,MapUp,TA-Petro,,,,,,,,,,,,,,y,,,,,y,,,,,,,,,y,,,2,,,,,,,8,y,,y,,,,,,,,,y,,,,,y,y,,,1,78,,,,,,y,,,,,y,,,,,,y,,,y,,,,,,y,y,,,8,,y,,,y,,,,,Shell,,,,y,,,y,,,y,,,,,y,y,y,,y,y,y
4941,TA Express Holstein,"2010 Indorf AvenueHolstein, IA, 51025",Holstein,Iowa,51025,42.4740798579902,-95.5441132080078,,,,3.779,fuel,USA,USD,MapUp,TA-Petro,,,,,,,,,,,,,,,,,,,,,y,,,,,,,,,,3,,,,,,,7,y,,,,,,,,,,,y,,,,,,,,,1,62,,,,,,,,,,,,,,,,,,,,,,,,,,,,,"Dunkin', Hardee's",2,,,,,,,1,,,Gulf,y,,,,,,,,,,,,,,,,,,,,
477,TA Walcott,"755 W. Iowa 80 RoadWalcott, IA, 52773",Walcott,Iowa,52773,41.6179,-90.7815,,,,3.969,fuel,USA,USD,MapUp,TA-Petro,,y,,,y,,,,,,,,,y,,,,,y,,,,,,,y,,y,,,5,,,,,,,15,y,,,,,,,,,,,y,,,,,y,y,,,1,900,,,,,,y,,,,,,,,,,Truckomat Truck Wash,y,,,y,,Iowa 80 Kitchen,,,,y,y,,"Blimpie, Caribou Coffee, Chester Fried Chicken, Dairy Queen, Einstein Bagels, Orange Julius, Pizza Hut Express, Taco Bell, Wendy's - Open 24 hours",24,y,y,,,y,,,,y,BP,,,,y,,,y,,,y,,,,,y,y,y,,y,y,
4336,Petro Carlisle,"1201 Harrisburg Ave, Route 11Carlisle, PA, 17013",Carlisle,Pennsylvania,17013,40.2319,-77.1418,,,,4.499,fuel,USA,USD,MapUp,TA-Petro,,,y,,,,y,,,,,,,y,,,,,y,,,,,y,,y,,y,,,4,,,,,,,12,y,,y,,,,,,,,,y,,,y,y,y,y,,,1,380,,,,,y,y,,,,,y,,,,,,y,,,y,,Iron Skillet,,,,y,y,,,20,,y,,,,,,,y,,y,,,y,,,y,,,y,,,,,y,y,y,,y,y,
4378,Petro Scranton,"98 Grove St.DuPont, PA, 18641",DuPont,Pennsylvania,18641,41.3302,-75.7417,3.299,3.759,4.219,4.459,fuel,USA,USD,MapUp,TA-Petro,y,,,,y,,y,,,,,,,y,,,,,y,,,,,,,y,,,,,6,,,,,,,10,y,,y,,,,,,,,,y,,,,,y,y,,,1,428,,,,,,y,,,,,,,,,,,y,,,y,,Iron Skillet/Metro Deli,,,,y,y,,Metro Deli,22,,,,,y,,,,y,Shell,y,,,y,,,y,,,y,,,,,y,y,y,,y,y,
467,TA Barkeyville,"5644 St. Rt. 8Harrisville, PA, 16038-9641",Harrisville,Pennsylvania,16038-9641,41.1992,-79.9758,3.199,3.599,4.149,4.119,fuel,USA,USD,MapUp,TA-Petro,,,y,,,,,,,,,,,y,,,,,y,,,,,,,,,y,,,2,,,,,,,8,y,,,,,,,,,,,y,,,y,,y,y,,,1,112,,,,,,y,,,,,y,,,,,,y,,,y,,Country Pride,,,,y,y,,,9,,,,,y,,,,,BP,,,,y,,,y,,,y,,,,,y,y,y,,y,y,
4212,TA Bloomsburg,"6 Buckhorn RoadBloomsburg, PA, 17815",Bloomsburg,Pennsylvania,17815,41.0143,-76.4928,3.359,3.759,4.319,4.359,fuel,USA,USD,MapUp,TA-Petro,,,y,,y,,,,,,,,,y,,,,,y,,,,,,,,,y,,,2,,,,,,,11,y,,y,,,,,,,,,y,,,y,,y,y,,,1,190,,,,,,y,,,,,y,,,,,,y,,,y,,Country Pride,,,,y,y,,Subway,13,,,,,y,,,,,Shell,,,,y,,,y,,,y,,,,,y,y,y,,y,y,
4476,TA Breezewood,"16563 Lincoln HwyBreezewood, PA, 15533",Breezewood,Pennsylvania,15533,40.00035503,-78.23407728,3.499,3.949,4.449,4.559,fuel,USA,USD,MapUp,TA-Petro,y,,,,,,,,,,,,,y,,,,,y,,,,y,,,y,,y,,,3,,,,,y,,9,y,,y,,,,,,,,,y,,,,,y,y,,,1,200,,,,,,y,,,,,,,,,,,y,,,y,,,,,,y,y,,"Arby's, Baskin Robbins, Dunkin', Gateway Homestyle Express, Papi's Pizza, Wings And Subs",15,,,y,,y,,,,,Exxon,y,,,y,,,y,,,y,,,,,y,y,y,,y,y,
43,TA Brookville,"245 Allegheny Blvd.Brookville, PA, 15825-8211",Brookville,Pennsylvania,15825-8211,41.1729,-79.0992,3.299,3.699,4.249,4.159,fuel,USA,USD,MapUp,TA-Petro,y,,y,,,,,,,,,,,y,,,,,y,,,,,,,,,y,,,5,,,,,,,8,y,,y,,,,,,,,,y,,,y,,y,y,,,1,221,,,,,y,y,,,,,y,,,,,,y,,y,y,,,,,,y,y,,Taco Bell,8,,y,,,y,,,,y,BP,,,,y,,,y,,,y,,,,,y,y,y,,y,y,
4962,TA Express Hazleton,"492 Can Do ExpresswayHazleton, PA, 18202",Hazleton,Pennsylvania,18202,40.93879,-76.03577,,,,4.349,fuel,USA,USD,MapUp,TA-Petro,,,,,,,,,,,,,,,,,,,,,,,,,,,,,,,2,,,,,,,5,y,,,,,,,,,,,y,,,,,,y,,,1,50,,,,,,,,,,,,,,,,,,,,,,,,,,,,,Subway,2,,,,,,,1,,,Conoco,y,,,,,,,,,,,,,,,,,,,,
4963,TA Express Pine Grove,"482 Suedberg RoadPine Grove, PA, 17963",Pine Grove,Pennsylvania,17963,40.53385,-76.43174,,,,3.969,fuel,USA,USD,MapUp,TA-Petro,,,,,,,y,,,,,,,,,,,,,,,,,,,,,y,,,2,,,,,,,6,y,,,,,,,,,,,y,,,,,,y,,,1,237,,,,,,,,,,,,,,,,,,,,,,,,,,,,,Cinnabon,4,,,,,,,1,,,Conoco,y,,,,,,,,,,,,,,,,,,,,
4437,TA Express Ronks,"2622 Lincoln Hwy EastRonks, PA, 45826",Ronks,Pennsylvania,45826,40.0197,-76.1818,,,,4.199,fuel,USA,USD,MapUp,TA-Petro,,,,,,,,,,,,,,,,,,,,,,,,,,,,y,,,,,,,,,,6,y,,y,,,,,,,,,,,,,,,,,,1,30,,,,,,,,,,,,,,,,,y,,,,,,,,,,,,"Champs Chicken, Subway",2,,,,,,,,,y,Sunoco,,,,,,,,,,,,,,,,,,,,,
4213,TA Greencastle,"10835 John Wayne DriveGreencastle, PA, 17225",Greencastle,Pennsylvania,17225,39.7846,-77.7126,3.379,3.779,4.329,4.159,fuel,USA,USD,MapUp,TA-Petro,,,y,,,,,,,,,,,y,,,,,y,,y,,,,,,,y,,,4,,,,,,,12,y,,y,,,,,,,,,y,,,y,,y,y,,,1,190,,,,,,y,,,,,y,,,,,,y,,,y,,Country Pride,,,,y,y,,,14,,y,,,y,,,,,BP,,,,y,,,y,,,y,,,,,y,y,y,,y,y,
4215,TA Harborcreek,"4050 Depot RoadErie, PA, 16510",Erie,Pennsylvania,16510,42.1409,-79.9246,3.499,3.899,4.449,4.459,fuel,USA,USD,MapUp,TA-Petro,y,,,,,,,,,,,,,y,,,,,y,,,,,,,y,,y,,,4,,,,,,,10,y,,y,,,,,,,,,y,,,,,y,y,,,1,266,,,,,,y,,,,,y,,,,,Blue Beacon Truck Wash,y,,,y,,IHOP,,,,y,y,,"Pizza Hut Express, Subway",11,,,,,y,,,,,BP,,,,y,,,y,,,y,,,,,y,y,y,,y,y,
412,TA Harrisburg,"7848 Linglestown RoadHarrisburg, PA, 17112-0535",Harrisburg,Pennsylvania,17112-0535,40.355,-76.7241,,,,4.399,fuel,USA,USD,MapUp,TA-Petro,,,y,,,,,,,,,,,y,,,,,y,,,,,,,y,,y,,,4,,,,,,,9,y,,y,,,,,,,,,y,,,y,,y,y,,,1,178,,,,,,y,,,,,y,,,,,,y,,,y,,Country Pride,,,,y,y,,,13,,y,,,y,,,,,,,,,y,,,y,,,y,,,,,y,y,y,,y,y,
468,TA Lamar,"5600 Nittany Valley DriveLamar, PA, 16848-0278",Lamar,Pennsylvania,16848-0278,41.0275,-77.521,3.299,3.699,4.249,4.249,fuel,USA,USD,MapUp,TA-Petro,,,y,,,,,,,,,,y,y,,,,,y,,,,,,,,,y,,,2,,,,,,,9,y,,y,,,,,,,,,y,,,y,,y,y,,,1,168,,,,,,y,,,,,y,,,,,,y,,,y,,Country Pride,,,,y,y,,,11,,y,,,y,,,,,BP,,,,y,,,y,,,y,,,,,y,y,y,,y,y,
4214,TA Milesburg,"875 N. Eagle Valley Rd.Milesburg, PA, 16853",Milesburg,Pennsylvania,16853,40.9589,-77.763,3.299,3.699,4.249,4.399,fuel,USA,USD,MapUp,TA-Petro,,,y,,,,,,,,,,,y,,,,,y,,y,,,,,,,y,,,2,,,,,,,8,y,,y,,,,,,,,,y,,,y,,y,y,,,1,122,,,,,,y,,,,,y,,,,,,y,,,y,,Country Pride,,,,y,y,,Subway,4,,y,,,y,,,,,Amoco,,,,y,,,y,,,y,,,,,y,y,y,,y,y,
4306,Petro Eloy,"5235 N. Sunland Gin Rd.Casa Grande, AZ, 85131",Casa Grande,Arizona,85131,32.8124,-111.6702,2.699,3.099,3.649,3.949,fuel,USA,USD,MapUp,TA-Petro,,,,,,,y,,,,,,,y,,,,,y,,,,,,,y,,y,,,5,,,,,,,11,y,,y,,,,,,,,,y,,,,,y,y,,,1,175,,,,,,y,,,,,y,,,,,Blue Beacon Truck Wash,y,,,y,,Black Bear Diner,,,,y,y,,,10,,,,,y,,,,y,Shell,y,,,y,,,y,,,y,,,,,y,y,y,,y,y,
4315,Petro Kingman,"970 South Blake Ranch RoadKingman, AZ, 86401",Kingman,Arizona,86401,35.1779,-113.7887,2.959,3.259,3.719,4.199,fuel,USA,USD,MapUp,TA-Petro,,,,,,,y,,,,,,,y,,,,,y,,,,,y,,y,,y,,,2,,,,,,,12,y,,y,,,,,,,,,y,,,,,y,y,,,1,280,,,,,,y,,,,,y,,,,,,y,,,y,,Iron Skillet,,,,y,y,,Dunkin',17,,,,,y,,,,,Petro,y,,,y,,,y,,,y,,,,,y,y,y,,y,y,
47,TA Eloy,"2949 North Toltec RoadEloy, AZ, 85131",Eloy,Arizona,85131,32.7737,-111.6175,2.599,2.899,2.599,3.899,fuel,USA,USD,MapUp,TA-Petro,y,,,,,,y,,,,,,,y,,,,,y,,,,,,,y,,y,,,3,,,,,,,12,y,,y,,,,,,,,,y,,,,,y,y,,,1,234,,,,,,y,,,,,y,,,,,,,,,y,,,,,,y,y,,"A&W All American Food, Sbarro, Taco Bell",11,,,,,y,,,,y,TA,y,,,y,,,y,,,y,,,,,y,y,y,,y,y,
4459,TA Express Littlefield,"3225 E Rincon RoadLittlefield, AZ, 86432",Littlefield,Arizona,86432,36.89331,-113.93172,,,,3.939,fuel,USA,USD,MapUp,TA-Petro,,,,,,,,,,,,,,,,,,,,,,,,,,,,y,,,3,,,,,,,9,y,,,,,,,,,,,y,,,,,,y,,,1,210,,,,,,,,,,,,,,,,,y,,,,,,,,,,,,"Del Taco, KFC, Sbarro",9,,,,,y,,1,,,Sunoco,,,,,,,,,,,,,,,,,,,,,
4292,TA Express White Hills,"19210 US Hwy 93White Hills, AZ, 86445",White Hills,Arizona,86445,35.684,-114.4672,,,,4.079,fuel,USA,USD,MapUp,TA-Petro,,,,,,,,,,,,,,,,,,,,,,,,,,,,y,,,4,,,,,,,7,y,,y,,,,,,,,,y,,,,,,y,,,1,67,,,,,,,,,,,,,,,,,y,,,,,,,,,,,,"Carl's Jr., Del Taco, Einstein Bagels, Sbarro",8,,,,,,,,,,Conoco,,,,,,,,,,,,,,,,,,,,,
4246,TA Holbrook,"3747 Express DriveHolbrook, AZ, 86025",Holbrook,Arizona,86025,34.9054,-110.2108,2.929,3.329,3.879,3.979,fuel,USA,USD,MapUp,TA-Petro,,,,,,,y,,,,,,,y,,,,,y,,,,,,,,,y,,,2,,,,,,,8,y,,,,,,,,,,,y,,,,,y,,,,1,75,,,,,,y,,,,,,,,,,,y,,,y,,,,,,y,y,,Popeyes,9,,,,,y,,,,,Shell,y,,,y,,,y,,,y,,,,,y,y,y,,y,y,
494,TA Kingman,"946 West Beale StreetKingman, AZ, 86401",Kingman,Arizona,86401,35.1901,-114.0702,3.199,3.599,4.049,4.199,fuel,USA,USD,MapUp,TA-Petro,,,,,,,y,,,,,,,y,,,,,y,,,,,,,,,y,,,2,,,,,,,10,y,,y,,,,,,,,,y,,,,,y,y,,,1,115,,,,,,y,,,,,y,,,,,,y,,,y,,Black Bear Diner,,,,y,y,,Popeyes,11,,,,,y,,,,,Sinclair,y,,,y,,,y,,,y,,,,,y,y,y,,y,y,
4475,TA Phoenix,"6741 W Latham StPhoenix, AZ, 85043",Phoenix,Arizona,85043,33.45969285,-112.2055127,,,,,fuel,USA,USD,MapUp,TA-Petro,,,,,,,,,,,,,,y,,,,,y,,,,,,,,,,,,0,,,,,,,,y,,,,,,,,,,,,,,,,y,,,,1,70,,,,,,y,,,,,,,,,,Truck Wash,,,,y,,,,,,y,y,,,6,,,,,y,,0,,,,y,,,y,,,y,,,y,,,,,y,y,y,,y,y,
4225,TA Tonopah,"1010 N. 339th AvenueTonopah, AZ, 85354",Tonopah,Arizona,85354,33.4587,-112.7823,3.299,3.799,4.349,3.999,fuel,USA,USD,MapUp,TA-Petro,,,,,,,y,,,,,,,y,,,,,y,,,,,y,,y,,y,,,4,,,,,,,12,y,,y,,,,,,,,,y,,,,,y,y,,,1,407,,,,,,y,,,,,y,,,,,,y,,,y,,Black Bear Diner,,,,y,y,,"Subway, Taco Bell & Pizza Hut Express",18,,,,,y,,,,,Shell,y,,,y,,,y,,,y,,,,,y,y,y,,y,y,
4226,TA Willcox,"1501 North Fort Grant RoadWillcox, AZ, 85643",Willcox,Arizona,85643,32.2688,-109.8479,3.149,3.659,4.219,4.099,fuel,USA,USD,MapUp,TA-Petro,y,,,,,,y,,,,,,,y,,,,,y,,,,,,,,,y,,,3,,,,,,,8,y,,y,,,,,,,,,y,,,,,y,y,,,1,229,,,,,,y,,,,,y,,,,,,y,,,y,,Country Pride,,,,y,y,,"Popeyes, Subway",10,,,,,y,,,,,Shell,y,,,y,,,y,,,y,,,,,y,y,y,,y,y,
4321,Petro Effingham,"1805 West Fayette AveEffingham, IL, 62401",Effingham,Illinois,62401,39.1197,-88.5723,2.849,3.299,3.949,3.899,fuel,USA,USD,MapUp,TA-Petro,,,y,,,,y,,,,,,y,y,,,,,y,,,,,y,,y,,y,,,4,,,,,,,14,y,,,,,,,,,,,y,,,y,,y,y,,,1,212,,,,,,y,,,,,y,,,,,,y,,,y,,IHOP,,,,y,y,,,19,,y,,,y,,,,y,BP,y,,,y,,,y,,,y,,,,,y,y,y,,y,y,
4367,Petro Monee,"5915 Monee RoadMonee, IL, 60449",Monee,Illinois,60449,41.4258,-87.7549,3.099,3.549,4.199,3.599,fuel,USA,USD,MapUp,TA-Petro,,,y,,,,y,,,,,,y,y,,,,,y,,,,,,,y,,,,,3,,,,,,,7,y,,y,,,,,,,,,y,,,y,,y,y,,,1,90,,,,,,y,,,,,,,,,,,y,,,y,,,,,,y,y,,,8,,y,,,y,,,,,Amoco,y,,,y,,,y,,,y,,,,,y,y,y,,y,y,
4359,Petro Rochelle,"900 Petro DriveRochelle, IL, 61068",Rochelle,Illinois,61068,41.9356,-89.0335,,,,3.999,fuel,USA,USD,MapUp,TA-Petro,y,,,,,,y,,,,,,,y,,,,,y,,,,,,,y,,y,,,4,,,,,,,10,y,,y,,,,,,,,,y,,,y,,y,y,,,,400,,,,,,y,,,,,,y,,,,,y,,,y,,Iron Skillet,,,,y,y,,Hub City Express,16,,y,,,y,,,,y,Petro,y,,,y,,,y,,,y,,,,,y,y,y,,y,y,
4402,Petro Wilmington,"24225 W. Lorenzo RoadWilmington, IL, 60481",Wilmington,Illinois,60481,41.3454,-88.1974,3.129,3.579,4.229,3.729,fuel,USA,USD,MapUp,TA-Petro,,,y,,,,y,,,,,,y,y,,,,,y,,,,,y,,,,y,,,2,,,,,,,8,y,,,,,,,,,,,y,,,y,,y,y,,,1,229,,,,,,y,,,,,y,,,,,,y,,,y,,,,,,y,y,,"Charleys Philly Steaks, The Kitchen",9,,,,,y,,,,,Amoco,y,,,y,,,y,,,y,,,,,y,y,y,,y,y,y
492,TA Bloomington,"505 Truckers LaneBloomington, IL, 61701",Bloomington,Illinois,61701,40.488,-89.0262,,,,3.699,fuel,USA,USD,MapUp,TA-Petro,,,y,,,,,,,,,,y,y,,,,,y,,,,,,,,,y,,,3,,,,,,,8,y,,y,,,,,,,,,y,,,y,,y,y,,,1,160,,,,,,y,,,,,y,,,,,,y,,,y,,Country Pride,,,,y,y,,,8,,,,,y,,,,,,,,,y,,,y,,,y,,,,,y,y,y,,y,y,y
430,TA Chicago North,"16650 W. Russell RoadZion, IL, 60099",Zion,Illinois,60099,42.4857,-87.951,3.099,3.549,4.199,3.949,fuel,USA,USD,MapUp,TA-Petro,y,,y,,,,,,,,,,y,y,,,,,y,,,,,y,,,,y,,,6,,,,,,,10,y,,,,,,,,,,,y,,,y,,y,y,,,1,215,,,,,,y,,,,,y,,,,,,y,,,y,,Country Pride,,,,y,y,,,12,,,,,y,,,,,Mobil,,,,y,,,y,,,y,,,,,y,y,y,,y,y,
435,TA Effingham,"1702 West Evergreen AveEffingham, IL, 62401-1388",Effingham,Illinois,62401-1388,39.1364,-88.5662,2.999,3.449,4.099,3.899,fuel,USA,USD,MapUp,TA-Petro,,,y,,,,,,,,,,y,y,,,,,y,,,,,,,,,y,,,2,,,,,,,11,y,,,,,,,,,,,y,,,y,,y,y,,,1,137,,,,,,y,,,,,y,,,,,,y,,,y,,,,,,y,y,,"Dunkin', Popeyes, Sbarro",10,,y,,,y,,,,,Amoco,,,,y,,,y,,,y,,,,,y,y,y,,y,y,
444,TA Elgin,"19 N. 430 US Hwy 20Hampshire, IL, 60140",Hampshire,Illinois,60140,42.1451,-88.5095,3.369,3.819,4.469,3.839,fuel,USA,USD,MapUp,TA-Petro,y,,y,,,,,,,,,,y,y,,,,,y,,,,,,,,,y,,,2,,,,,,,8,y,,y,,,,,,,,,y,,,y,,y,y,,,1,92,,,,,,y,,,,,y,,,,,,y,,,y,,,,,,y,y,,Popeyes,10,,,,,y,,,,,BP,,,,y,,,y,,,y,,,,,y,y,y,,y,y,y
4433,TA Express Riverton,"2855 Overpass RoadRiverton, IL, 62561",Riverton,Illinois,62561,39.8423772,-89.5210377,,,,3.599,fuel,USA,USD,MapUp,TA-Petro,,,,,,,,,,,,,,,,,,,,,,,,,,,,,,,2,,,,,,,5,y,,,,,,,,,,,y,,,y,,,y,,,1,43,,,,,,,,,,,,,,,,,,,,,,,,,,,,,"Little Caesar's, Taco John's",4,,y,,,,,,,,Shell,,,,,,,,,,,,,,,,,,,,,
4236,TA Morris,"21 Romines DriveMorris, IL, 60440",Morris,Illinois,60440,41.3917,-88.4203,3.099,3.549,4.199,3.949,fuel,USA,USD,MapUp,TA-Petro,,,y,,,,,,,,,,y,y,,,,,y,,,,,,,,,y,,,3,,,,,,,8,y,,y,,,,,,,,,y,,,y,,y,y,,,1,292,,,,,,y,,,,,y,,,,,,y,,,y,,,,,,y,y,,Charleys Philly Steaks,6,,,,,y,,,,,BP,,,,y,,,y,,,y,,,,,y,y,y,,y,y,
443,TA Mt Vernon,"4510 Broadway StMt. Vernon, IL, 62864",Mt. Vernon,Illinois,62864,38.3134,-88.9594,3.099,3.549,4.199,3.849,fuel,USA,USD,MapUp,TA-Petro,,,y,,,,,,,,,,y,y,,,,,y,,,,,,,,,y,,,2,,,,,,,8,y,,y,,,,,,,,,y,,,y,,y,y,,,1,136,,,,,,y,,,,,y,,,,,,y,,,y,,,,,,y,y,,Popeyes,11,,,,,y,,,,,Marathon,,,,y,,,y,,,y,,,,,y,y,y,,y,y,
4199,TA Troy,"819 Edwardsville Rd.Troy, IL, 62294",Troy,Illinois,62294,38.7338,-89.9098,3.299,3.749,4.399,3.749,fuel,USA,USD,MapUp,TA-Petro,,,y,,,,,,,,,,y,y,,,,,y,,,,,,,,,y,,,2,,,,,,,8,y,,y,,,,,,,,,y,,,y,,y,y,,,1,92,,,,,,y,,,,,y,,,,,,y,,,y,,,,,,y,y,,"Baskin Robbins, Dunkin'",7,,y,,,y,,,,,BP,,,,y,,,y,,,y,,,,,y,y,y,,y,y,y
4490,Thorntons Cicero,"3503 South Cicero AveCicero, IL, 60804",Cicero,Illinois,60804,41.8274353561777,-87.7428115574319,,,,3.529,fuel,USA,USD,MapUp,TA-Petro,,,,,,,,,,,,,,,,,,,,,,,,,,,,,,,,,,,,,,6,,,,,,,,,,,,,,,,,,,,,,,,,,,,,,,,,,,,,,,,,,,,,,,,,,,,,,,,,,,,,,Unbranded,,,,,,,,,,,,,,,,,,,,,
4489,Thorntons Romeoville,"1321 N Joliet RdRomeoville, IL, 60446",Romeoville,Illinois,60446,41.6682888383712,-88.0641378661724,,,,3.599,fuel,USA,USD,MapUp,TA-Petro,,,,,,,,,,,,,,,,,,,,,,,,,,,,,,,,,,,,,,8,,,,,,,,,,,,,,,,,,,,,,,,,,,,,,,,,,,,,,,,,,,,,,,,,,,,,,,,,,,,,,Unbranded,,,,,,,,,,,,,,,,,,,,,
4330,Petro Glendale,"554 W. Glendale Hodgenville RoadGlendale, KY, 42740",Glendale,Kentucky,42740,37.5984,-85.8734,2.699,3.049,3.599,3.659,fuel,USA,USD,MapUp,TA-Petro,,,,,,,y,,,,,,,y,,,,,y,,,,,,,y,,y,,,5,,,,,,,12,y,,y,,,,,,,,,y,,,,,y,y,,,1,263,,,,,,y,,,,,y,,,,,Blue Beacon Truck Wash,y,,,y,,Iron Skillet,,,,y,y,,,19,,,,,y,,,,y,Marathon,y,,,y,,,y,,,y,,,,,y,y,y,,y,y,
493,TA Florence,"7777 Burlington PikeFlorence, KY, 41042",Florence,Kentucky,41042,39.0001,-84.6447,2.669,3.069,3.619,3.449,fuel,USA,USD,MapUp,TA-Petro,,,,,,,,,,,,,,y,,,,,y,,,,,,,y,,y,,,2,,,,,,,8,y,,y,,,,,,,,,y,,,,,y,y,,,1,123,,,,,,y,,,,,y,,,,,,y,,,y,,,,,,y,y,,"Popeyes, Subway",6,,y,,,y,,,,,Amoco,,,,y,,,y,,,y,,,,,y,y,y,,y,y,
4468,TA Smiths Grove,"605 S Main StSmiths Grove, KY, 42171",Smiths Grove,Kentucky,42171,37.045027,-86.210351,2.599,2.999,3.549,3.599,fuel,USA,USD,MapUp,TA-Petro,,,,,,,,,,,,,,y,,,,,,,y,y,,,,,,,,,2,,,,,,,6,,,,,,,,,,,,,,,,,,,,,1,120,,,,,,,,,,,,,,,,,y,,,y,,,,,,y,y,,"Taco Bell, The Kitchen",6,,,,,y,,,,,BP,y,,y,y,,,y,,,y,,,,,y,y,y,,y,,
428,TA Walton,"145 Richwood RoadWalton, KY, 41094-9526",Walton,Kentucky,41094-9526,38.9172,-84.6266,2.699,3.099,3.649,3.299,fuel,USA,USD,MapUp,TA-Petro,,,,,,,,,,,,,,y,,,,,y,,,,,,,y,,y,,,2,,,,,,,6,y,,y,,,,,,,,,y,,,,,y,y,,,1,60,,,,,,y,,,,,y,,,,,,y,,,y,,,,,,y,y,,"KFC, The Kitchen",6,,,,,y,,,,,BP,,,,y,,,y,,,,,,,,y,,y,,y,y,
4307,Petro Amarillo,"8500 E I-40 @ Lakeside DriveAmarillo, TX, 79118",Amarillo,Texas,79118,35.1917,-101.7437,2.559,2.959,3.419,3.379,fuel,USA,USD,MapUp,TA-Petro,,,,,,,y,,,,,,,y,,,,,y,,,,,y,,y,,y,,,3,,,,,,,12,y,,y,,,,,,,,,y,,,,,y,y,,,1,280,,,,,,y,,,,,y,,,,,,y,,,y,,Iron Skillet,,,,y,y,,,22,,y,,,y,,,,y,Valero,y,,,y,,,y,,,y,,,,,y,y,y,,y,y,
4304,Petro Beaumont,"5405 Walden RdBeaumont, TX, 77705",Beaumont,Texas,77705,30.037,-94.1561,2.639,3.039,3.489,3.649,fuel,USA,USD,MapUp,TA-Petro,,,,,,,y,,,,,,,y,,,,,y,,,,,,,y,,y,,,4,,,,,,,12,y,,y,,,,,,,,,,,,,,y,y,,,1,275,,,,,,y,,,,,y,,,,,Blue Beacon Truck Wash,y,,,y,,Black Bear Diner,,,,y,y,,,13,,,,,y,,,,,Phillips,y,,,y,,,y,,,y,,,,,y,y,y,,y,y,
4340,Petro Carl\'s Corner,"101 Cornelius RoadHillsboro, TX, 76645",Hillsboro,Texas,76645,32.0794,-97.0552,2.519,2.969,3.469,3.599,fuel,USA,USD,MapUp,TA-Petro,,,,,,,y,,,,,,,y,,,,,y,,,,,,,,,y,,,3,,,,,,,11,y,,,,,,,,,,,y,,,,,y,y,,,1,109,,,,,,y,,,,,y,,,,,,y,,,y,,,,,,y,y,,,7,,,,,y,,,,,Exxon,y,,,y,,,y,,,y,,,,,y,y,y,,y,y,
4301,Petro El Paso,"1295 Horizon Blvd.El Paso, TX, 79927",El Paso,Texas,79927,31.6609,-106.2424,2.659,3.059,3.519,3.649,fuel,USA,USD,MapUp,TA-Petro,,,,,,,y,,,,,,,y,,,,,y,,,,,,,y,,y,,,5,,,,,,,12,y,,y,,,,,,,,,y,,,,,y,y,,,1,290,,,,,,y,,,,,y,,,,,Blue Beacon Truck Wash,y,,,y,,Black Bear Diner,,,,y,y,,,15,,y,,,y,,,,y,Valero,y,,,y,,,y,,,y,,,,,y,y,y,,y,y,
4394,Petro Pearsall,"110 S. I-35 Frontage Rd.Pearsall, TX, 78061",Pearsall,Texas,78061,28.8996,-99.1158,2.949,3.349,3.799,3.839,fuel,USA,USD,MapUp,TA-Petro,,,,,,,,,,,,,,y,,,,,y,,,,,,,,,y,,,2,,,,,,,8,y,,y,,,,,,,,,y,,,,,y,y,,,1,175,,,,,,y,,,,,,,,,,,y,,,y,,,,,,y,y,,Burger King,10,,,,,y,,,,,Valero,y,,,y,,,y,,,y,,,,,y,y,y,,y,y,
4305,Petro San Antonio,"1112 Ackerman RoadSan Antonio, TX, 78219",San Antonio,Texas,78219,29.4376,-98.3799,2.829,3.229,3.779,,fuel,USA,USD,MapUp,TA-Petro,,,,,,,y,,,,,,,y,,,,,y,,,,,,,y,,y,,,3,,,,,,,12,y,,y,,,,,,,,,y,,,,,y,y,,,1,250,,,,,,y,,,,,y,,,,,Blue Beacon Truck Wash,y,,,y,,Black Bear Diner,,,,y,y,,,13,,y,,,y,,,,,Shell,y,,,y,,,y,,,y,,,,,y,y,y,,y,y,y
4302,Petro Weatherford,"2001 Santa Fe DrWeatherford, TX, 76086",Weatherford,Texas,76086,32.7389,-97.7654,2.849,3.249,3.699,,fuel,USA,USD,MapUp,TA-Petro,,,,,,,y,,,,,,,y,,,,,y,,,,,,,y,,y,,,2,,,,,,,12,y,,y,,,,,,,,,y,,,,,y,y,,,1,275,,,,,y,y,,,,,y,,,,,,y,,,y,,Iron Skillet,,,,y,y,,Popeyes,16,,y,,,y,,,,y,Valero,y,,,y,,,y,,,y,,,,,y,y,y,,y,y,y
455,TA Amarillo,"7000 E. Interstate 40Amarillo, TX, 79118",Amarillo,Texas,79118,35.1915,-101.7589,2.599,3.049,3.549,3.379,fuel,USA,USD,MapUp,TA-Petro,,,,,,,,,,,,,,y,,,,,y,,,,,,,y,,y,,,2,,,,,,,8,y,,,,,,,,,,,y,,,,,y,y,,,1,185,,,,,,y,,,,,y,,,,,,y,,,y,,Black Bear Diner,,,,y,y,,"Burger King, Pizza Hut Express, Popeyes",10,,,,,y,,,,,Exxon,,,,y,,,y,,,y,,,,,y,y,y,,y,y,
417,TA Baytown,"6800 Thompson RoadBaytown, TX, 77521",Baytown,Texas,77521,29.7967,-95.0311,2.519,2.919,3.469,,fuel,USA,USD,MapUp,TA-Petro,,,,,y,,,,,,,,,y,,,,,y,,,,,,,,,y,,,3,,,,,,,12,y,,y,,,,,,,,,y,,,,,y,y,,,1,173,,,,,,y,,,,,y,,,,,,y,,,y,,IHOP,,,,y,y,,,10,,,,,y,,,,,Shell,,,,y,,,y,,,y,,,,,y,y,y,,y,y,
4270,TA Bernardo,"6701 US Hwy 90Sealy, TX, 77474",Sealy,Texas,77474,29.7427,-96.3301,2.739,3.139,3.689,,fuel,USA,USD,MapUp,TA-Petro,,,,,,,y,,,,,,,,,,,,,,,,,,,,,y,,,0,,,,,,,8,y,,,,,,,,,,,y,,,,,,y,,,1,43,,,,,,,,,,,y,,,,,,y,,,,,,,,,,,,"Carl's Jr., Dunkin'",5,,,,,y,,,,,Shell,,,,,,,,,,,,,,,,,,,,,
4230,TA Big Spring,"704 West Interstate 20Big Spring, TX, 79720",Big Spring,Texas,79720,32.2648,-101.49,2.759,3.159,3.719,3.699,fuel,USA,USD,MapUp,TA-Petro,,,,,,,,,,,,,,y,,,,,y,,,,,,,,,y,,,2,,,,,,,6,y,,,,,,,,,,,y,,,,,y,y,,,1,108,,,,,,y,,,,,y,,,,,,y,,,y,,IHOP,,,,y,y,,"Popeyes, Subway",9,,,,,y,,,,,Shell,,,,y,,,y,,,y,,,,,y,y,y,,y,y,
4150,TA Dallas South,"7751 Bonnie View RdDallas, TX, 75241",Dallas,Texas,75241,32.6534,-96.7517,2.759,3.219,3.719,,fuel,USA,USD,MapUp,TA-Petro,y,,,,,,,,,,,,,y,,,,,y,,,,,,,,,y,,,2,,,,,,,8,y,,,,,,,,,,,y,,,,,y,y,,,1,136,,,,,,y,,,,,y,,,,,,y,,,y,,,,,,y,y,,"Burger King, Taco Bell & Pizza Hut Express",9,,y,,,y,,,,y,Exxon,,,,y,,,y,,,y,,,,,y,y,y,,y,y,
4266,TA Denton,"6420 North I-35Denton, TX, 76207",Denton,Texas,76207,33.2622,-97.1767,2.659,3.059,3.619,,fuel,USA,USD,MapUp,TA-Petro,,,,,,,,,,,,,,y,,,,,y,,,,,,,,,y,,,3,,,,,,,8,y,,,,,,,,,,,y,,,,,y,y,,,1,138,,,,,,y,,,,,,,,,,,,,,y,,,,,,y,y,,"Burger King, Pizza Hut",7,,,,,y,,,,,Shell,,,,y,,,y,,,y,,,,,y,y,y,,y,y,
4235,TA Edinburg,"8301 N.Hwy. 281Edinburg, TX, 78541-7060",Edinburg,Texas,78541-7060,26.3845,-98.1435,2.999,3.399,3.849,3.369,fuel,USA,USD,MapUp,TA-Petro,,,,,,,,,,,,,,y,,,,,y,,,,,,,,,y,,,2,,,,,,,5,y,,,,,,,,,,,y,,,,,y,y,,,1,105,,,,,,y,,,,,y,,,,,,y,,,y,,,,,,y,y,,Tule Tree Legendary Burritos,5,,y,,,y,,,,,Valero,,,,y,,,y,,,y,,,,,y,y,y,,y,y,
4282,TA Express Almeda,"12602 South FreewayAlmeda, TX, 77047",Almeda,Texas,77047,29.6141,-95.38816,,,,3.409,fuel,USA,USD,MapUp,TA-Petro,,,,,,,,,,,,,,,,,,,,,,,,,,,,,,,,,,,,,,12,,,,,,,,,,,,,,,,,,,,,1,65,,,,,,,,,,,,,,,,,,,,,,,,,,,,,Subway,3,,,,,y,,,,,TA,,,,,,,,,,,,,,,,,,,,,
4277,TA Express Baytown South,"5490 N Hwy 146Baytown, TX, 77523",Baytown,Texas,77523,29.77736,-94.91346,,,,3.339,fuel,USA,USD,MapUp,TA-Petro,,,,,,,,,,,,,,,,,,,,,,,,,,,,y,,,,,,,,,,5,,,,,,,,,,,,y,,,,,,,,,1,35,,,,,,,,,,,,,,,,,y,,,,,Cantina,,,,,,,"Cinnabon, Schlotzsky’s",3,,,,,,,,,,TA,,,,,,,,,,,,,,,,,,,,,
4293,TA Express Carthage,"1086 US 59 SouthCarthage, TX, 75633",Carthage,Texas,75633,32.12982,-94.3326,,,,3.439,fuel,USA,USD,MapUp,TA-Petro,,,,,,,y,,,,,,,,,,,,,,,,,,,,,,,,4,,,,,,,5,y,,,,,,,,,,,,,,,,,,,,,60,,,,,,,,,,,,,,,,,y,,,,,Denny's,,,,,,,,4,,,,,,,,,,Exxon,y,,,,,,,,,,,,,,,,,,,,
4290,TA Express Fairfield,"1015 West Commerce StFairfield, TX, 75840",Fairfield,Texas,75840,31.72559,-96.17767,,,,3.639,fuel,USA,USD,MapUp,TA-Petro,,,,,,,y,,,,,,,,,,,,,,,,,,,,,,,,4,,,,,,,8,y,,,,,,,,,,,,,,,,,,,,1,102,,,,,,,,,,,,,,,,,,,,,,,,,,,,,"The Original Fried Pie Shop, Whataburger",9,,,,,y,,1,,,Shell,y,,,,,,,,,,,,,,,,,,,,
4978,TA Express Houston,"4808 N McCarty StreetHouston, TX, 77013",Houston,Texas,77013,29.80378,-95.26491,,,,3.599,fuel,USA,USD,MapUp,TA-Petro,,,,,,,y,,,,,,,,,,,,,,,,,,,,,,,,1,,,,,,,8,y,,,,,,,,,,,y,,,,,,,,,,70,,,,,,,,,,,,,,,,,y,,,,,,,,,,,,,6,,,,,y,,1,,,Phillips,y,,,,,,,,,,,,,,,,,,,,
4442,TA Express Huntsville,"500 I-45Huntsville, TX, 77320",Huntsville,Texas,77320,30.7391369,-95.591114,,,,3.499,fuel,USA,USD,MapUp,TA-Petro,,,,,,,,,,,,,,,,,,,,,,,,,,,,,,,3,,,,,,,6,,,,,,,,,,,,,,,,,,,,,0,60,,,,,,,,,,,,,,,,Truck Wash,,,,,,Primo Taqueria,,,,,,,"Chester Fried Chicken, Cinnabon, Sbarro",3,,,,,y,,1,,,Exxon,y,,,,,,,,,,,,,,,,,,,,
4281,TA Express Kilgore,"4403 TX - 42Kilgore, TX, 75662",Kilgore,Texas,75662,32.428842,-94.864307,,,,3.439,fuel,USA,USD,MapUp,TA-Petro,,,,,,,,,,,,,,,,,,,,,,,,,,,,,,,,,,,,,,6,y,,,,,,,,,,,y,,,,,,y,,,,85,,,,,,,,,,,,,,,,,,,,,,,,,,,,,"Baskin Robbins, Dunkin', Wendy's",10,,,,,,,,,,Exxon,,,,,,,,,,,,,,,,,,,,,
4286,TA Express Mount Vernon,"300 SE Access RdMount Vernon, TX, 75457",Mount Vernon,Texas,75457,33.14914,-95.20939,,,,3.599,fuel,USA,USD,MapUp,TA-Petro,,,,,,,,,,,,,,y,,,,,y,,y,,,,,,,y,,,,,,,,,,4,y,,y,,,,,,,,,,,,,,y,,,,,90,,,,,,y,y,,,,,,,,,,,,,y,,Taco Casa,,,,y,y,,"Cotton Belt Bbq, Duke's Bakery, Pickadilly Circus Pizza, The Original Fried Pie Shop",6,,,,,y,,,,y,Shell,y,,,y,,,y,,,y,,,,,y,y,y,,y,y,
4289,TA Express Nacogdoches,"2615 NW Stallings DriveNacogdoches, TX, 75964",Nacogdoches,Texas,75964,31.65211,-94.67876,,,,3.439,fuel,USA,USD,MapUp,TA-Petro,,,,,,,,,,,,,,,,,,,,,,,,,,,,,,,,,,,,,,5,y,,y,,,,,,,,,y,,,,,,y,,,,95,,,,,,,,,,,,,,,,,y,,,,,Denny's,,,,,,,The Original Fried Pie Shop,3,,,,,y,,,,,Shell,,,,,,,,,,,,,,,,,,,,,
4445,TA Express Pleasanton,"109963 Interstate 37Pleasanton, TX, 78064",Pleasanton,Texas,78064,28.995209,-98.433321,,,,3.359,fuel,USA,USD,MapUp,TA-Petro,,,,,,,,,,,,,,,,,,,,,,,,,,,,y,,,3,,,,,,,5,y,,,,,,,,,,,y,,,,,,,,,1,75,,,,,,,,,,,,,,,,,y,,,,,,,,,,,,Big Madre,5,,,,,y,,1,,,Valero,,,,,,,,,,,,,,,,,,,,,
4350,TA Express Vinton,"601 Westway Blvd.Canutillo, TX, 79835",Canutillo,Texas,79835,31.9581,-106.58,2.659,3.059,3.519,3.899,fuel,USA,USD,MapUp,TA-Petro,,,,,,,y,,,,,,,y,,,,,y,,,,,,,,,y,,,1,,,,,,,7,y,,y,,,,,,,,,y,,,,,y,y,,,1,65,,,,,,y,,,,,y,,,,,,y,,,y,,,,,,y,y,,Subway,6,,y,,,y,,,,,Valero,y,,,y,,,y,,,y,,,,,y,y,y,,y,y,
4231,TA Ganado,"802 E. York, Hwy 59Ganado, TX, 77962",Ganado,Texas,77962,29.0496,-96.5034,2.989,3.389,3.839,3.929,fuel,USA,USD,MapUp,TA-Petro,y,,,,,,,,,,,,,y,,,,,y,,,,,,,,,y,,,2,,,,,,,8,y,,,,,,,,,,,y,,,,,y,y,,,1,104,,,,,,y,,,,,y,,,,,,y,,,y,,,,,,y,y,,"Burger King, Subway",9,,,,,y,,,,,Phillips,,,,y,,,y,,,y,,,,,y,y,y,,y,y,
4333,TA Hillsboro,"160 State Hwy 77Hillsboro, TX, 76645",Hillsboro,Texas,76645,32.0455,-97.092,2.499,2.899,3.449,,fuel,USA,USD,MapUp,TA-Petro,,,,,,,,,,,,,,y,,,,,y,,,,,,,,,y,,,2,,,,,,,8,y,,,,,,,,,,,y,,,,,y,y,,,1,201,,,,,,y,,,,,y,,,,,,,,,y,,IHOP,,,,y,y,,Burger King,10,,,,,y,,,,,Shell,,,,y,,,y,,,y,,,,,y,y,y,,y,y,
4153,TA Laredo,"1010 Beltway ParkwayLaredo, TX, 78045",Laredo,Texas,78045,27.6875,-99.4634,2.799,3.199,3.649,3.849,fuel,USA,USD,MapUp,TA-Petro,,,,,,,,,,,,,,y,,,,,y,,,,,y,,,,y,,,2,,,,,,,8,y,,,,,,,,,,,y,,,,,y,y,,,1,336,,,,,,y,,,,,y,,,,,,y,,,y,,IHOP,,,,y,y,,"Burger King, Taco Bell",15,,y,,,y,,,,,Valero,,,,y,,,y,,,y,,,,,y,y,y,,y,y,
4232,TA New Braunfels,"4817 I-35 NorthNew Braunfels, TX, 78130",New Braunfels,Texas,78130,29.7489,-98.0579,2.799,3.199,3.749,,fuel,USA,USD,MapUp,TA-Petro,,,,,,,,,,,,,,y,,,,,y,,,,,,,,,y,,,2,,,,,,,10,y,,,,,,,,,,,y,,,,,y,y,,,1,220,,,,,,y,,,,,y,,,,,,y,,,y,,Black Bear Diner,,,,y,y,,"Popeyes, Subway",13,,,,,y,,,,,Shell,,,,y,,,y,,,y,,,,,y,y,y,,y,y,y
449,TA Rockwall,"2105 South Goliad St.Rockwall, TX, 75087",Rockwall,Texas,75087,32.9074,-96.45,2.629,3.029,3.579,,fuel,USA,USD,MapUp,TA-Petro,y,,,,,,,,,,,,,y,,,,,y,,,,,,,,,y,,,2,,,,,,,6,y,,,,,,,,,,,y,,,,,y,y,,,1,100,,,,,,y,,,,,y,,,,,,y,,,y,,,,,,y,y,,"Burger King, Pizza Hut Express",7,,,,,y,,,,y,Shell,,,,y,,,y,,,y,,,,,y,y,y,,y,y,y
4147,TA San Antonio,"6170 I-10 EastSan Antonio, TX, 78219",San Antonio,Texas,78219,29.4433,-98.3618,2.799,3.479,4.029,,fuel,USA,USD,MapUp,TA-Petro,,,,,,,,,,,,,,y,,,,,y,,,,,y,,,,y,,,2,,,,,,,8,y,,,,,,,,,,,y,,,,,y,y,,,1,238,,,,,,y,,,,,y,,,,,,y,,,y,,,,,,y,y,,"Burger King, Fazoli's, Popeyes",10,,,,,y,,,,,Shell,,,,y,,,y,,,y,,,,,y,y,y,,y,y,y
4983,TA Shepherd,"10100 US Highway 59Shepherd, TX, 77371",Shepherd,Texas,77371,30.44618,-95.03022,,,,3.479,fuel,USA,USD,MapUp,TA-Petro,,,,,,,,,,,,,,,,,,,,,,,,,,,,,,,2,,,,,,,,,,,,,,,,,,,,,,,,,,,,,144,,,,,,,,,,,,,,,,,,,,,,,,,,,,,,5,,,,,,,1,,,,,,,,,,,,,,,,,,,,,,,,
4426,TA Sweetwater,"100 South Hopkins RdSweetwater, TX, 79553",Sweetwater,Texas,79553,32.44859,-100.44327,2.799,3.099,3.549,3.659,fuel,USA,USD,MapUp,TA-Petro,,,,,,,y,,,,,,,y,,,,,y,,,,,,,,,y,,,2,,,,,,,8,y,,,,,,,,,,,y,,,,,y,y,,,1,110,,,,,,y,y,,,,,,,,,,y,,,y,,Family Restaurant,,,,y,y,,"Pizza Hut Express, Popeyes",6,,,,,y,,0,,,TA,y,,,y,,,y,,,y,,,,,y,y,y,,y,y,
4233,TA Terrell,"1700 Wilson RoadTerrell, TX, 75161",Terrell,Texas,75161,32.6908,-96.2441,2.639,3.039,3.589,3.489,fuel,USA,USD,MapUp,TA-Petro,y,,,,,,,,,,,,,y,,,,,y,,,,,,,,,y,,,2,,,,,,,12,y,,,,,,,,,,,y,,,,,y,y,,,1,300,,,,,,y,,,,,y,,,,,,y,,,y,,,,,,y,y,,"Pizza Hut Express, Subway",12,,,,,y,,,,,Shell,,,,y,,,y,,,y,,,,,y,y,y,,y,y,y
4487,Goasis Stony Creek,"10396 Blue Star HwyStony Creek, VA, 23882",Stony Creek,Virginia,23882,36.976941,-77.394313,3.099,3.499,3.999,,fuel,USA,USD,MapUp,TA-Petro,,,,,,,,,,,,,,,,,,,,,,,,,,,,,,,2,,,,,,,,,,,,,,,,,,,,,,,,,,,,,0,,,,,,,,,,,,,,,,,,,,,,,,,,,,,"Little Caesar's, Wendy's",,,,,,,,,,,Mobil,y,,,,,,,,,,,,,,,,,,,,
4372,Petro Glade Spring,"12433 Maple St.Glade Spring, VA, 24340",Glade Spring,Virginia,24340,36.7708,-81.7793,,,,3.759,fuel,USA,USD,MapUp,TA-Petro,,,,,,,y,,,,,,,y,,,,,y,,,,,,,,,y,,,3,,,,,,,8,,,,,,,,,,,,y,,,,,y,y,,,1,298,,,,,,y,,,,,,,,,,,y,,,y,,,,,,y,y,,"Arby's, Sbarro",8,,y,,,y,,,,y,Gulf,y,,,y,,,y,,,y,,,,,y,y,y,,y,y,
4427,Petro Raphine,"2440 Raphine RoadRaphine, VA, 24472",Raphine,Virginia,24472,37.929,-79.2292,2.879,3.329,3.829,3.899,fuel,USA,USD,MapUp,TA-Petro,,,,,y,,y,,,,,,,y,,,,,y,,,,,,,,,y,,,3,,,,,,,16,y,,y,,,,,,,,,y,,,,,y,y,,,1,725,,,,,,y,,,,,,y,,,,,,,,y,,Quaker Steak & Lube,,,,y,y,,"Burger King, Nathan's Famous Express, Papa John's Pizza, Popeyes, Subway",19,y,y,y,,y,,1,,y,Exxon,y,y,,y,,,y,,,y,,,,,y,y,y,,y,y,
41,TA Ashland,"100 North Carter RdAshland, VA, 23005-0712",Ashland,Virginia,23005-0712,37.7598,-77.4631,2.999,3.399,3.949,3.899,fuel,USA,USD,MapUp,TA-Petro,,,,,,,,,,,,,,y,,,,,y,,,,,,,y,,y,,,2,,,,,,,8,y,,y,,,,,,,,,y,,,,,y,y,,,1,183,,,,,,y,,,,,y,,,,,,y,,,y,,Fuddruckers,,,,y,y,,,11,,,,,y,,,,,BP,,,,y,,,y,,,y,,,,,y,y,y,,y,y,
4486,TA Express Stony Creek,"13306 St. John Church RoadStony Creek, VA, 23882",Stony Creek,Virginia,23882,36.977708,-77.395497,2.999,3.549,4.049,3.839,fuel,USA,USD,MapUp,TA-Petro,y,,,,,,y,,,,,,,,,,,,,,y,,,,,,,y,,,3,,,,,,,7,,,,,,,,,,,,,,,,,,,,,1,80,,,,,,,,,,,,,,,,,,,,,,,,,,,,,"Popeyes, Starbucks, Subway",6,,,,,,,,,,Exxon,,,,,,,,,,,,,,,,,,,,,
4488,TA Express Warfield,"12461 Old Stage Rd.Warfield, VA, 23889",Warfield,Virginia,23889,36.9405939298108,-77.7352231306991,2.999,3.449,3.949,3.899,fuel,USA,USD,MapUp,TA-Petro,y,,,,,,y,,,,,,,,,,,,,,y,,,,,,,y,,,2,,,,,,,6,,,,,,,,,,,,,,,,,,,,,1,80,,,,,,,,,,,,,,,,,,,,,,,,,,,,,"Little Caesar's, Subway",5,,,,,,,,,,Exxon,y,,,,,,,,,,,,,,,,,,,,
4428,TA Lexington,"2516 N. Lee HighwayLexington, VA, 24450",Lexington,Virginia,24450,37.8318,-79.3779,3.199,3.599,4.149,3.899,fuel,USA,USD,MapUp,TA-Petro,,,,,,,y,,,,,,,y,,,,,y,,,,,,,,,y,,,3,,,,,,,8,y,,,,,,,,,,,y,,,,,y,y,,,1,250,,,,,,y,y,,,,,,,,,,y,,,y,,IHOP,,,,y,y,,,8,,,,,y,,1,,y,Amoco,y,,,y,,,y,,,y,,,,,y,y,y,,y,y,
4142,TA Richmond,"10134 Lewistown RoadAshland, VA, 23005",Ashland,Virginia,23005,37.7237,-77.4479,3.249,3.649,4.199,3.899,fuel,USA,USD,MapUp,TA-Petro,,,,,,,,,,,,,,y,,,,,y,,,,,,,y,,y,,,4,,,,,,,7,y,,,,,,,,,,,y,,,,,y,y,,,1,317,,,,,,y,,,,,y,,,,,,y,,,y,,,,,,y,y,,"Pizza Hut Express, Popeyes",10,,,,,y,,,,,Amoco,,,,y,,,y,,,y,,,,,y,y,y,,y,y,y
4143,TA Wytheville,"1025 Peppers Ferry RoadWytheville, VA, 24382",Wytheville,Virginia,24382,36.9651,-81.0676,2.939,3.339,3.889,3.729,fuel,USA,USD,MapUp,TA-Petro,,,,,,,,,,,,,,y,,,,,y,,,,,,,y,,y,,,3,,,,,,,10,y,,,,,,,,,,,y,,,,,y,y,,,1,114,,,,,y,y,,,,,y,,,,,,y,,,y,,IHOP,,,,y,y,,"Popeyes, Subway, Taco Bell",12,,y,,,y,,,,,BP,,,,y,,,y,,,y,,,,,y,y,y,,y,y,
4261,TA Laurel,"11360 South Frontage RoadLaurel, MT, 59044",Laurel,Montana,59044,45.6823,-108.7038,2.999,3.399,3.849,3.339,fuel,USA,USD,MapUp,TA-Petro,,,y,,,,y,,,,,,,,,,,,,,,,,,,y,,y,,,2,,,,,y,,5,y,,,,,,,,,,,y,,,,,,,,,1,80,,,,,,,,,,,,,,,,,y,,,,,TA Cafe,,,,,,,,4,,,,,y,,,,,Exxon,y,,,,,,,,,,,,,,,,,,,,
4256,TA Missoula,"8018 Hwy 93 NMissoula, MT, 59808",Missoula,Montana,59808,46.9485,-114.1298,3.099,3.399,3.849,3.389,fuel,USA,USD,MapUp,TA-Petro,,,y,,,,,,,,,,,y,,,,,y,,,,,,,,,,,,2,,,,,,,6,y,,,,,,,,,,,y,,,,,y,,,,1,210,,,,,,y,,,,,,,,,,,y,,,y,,Country Pride,,,,y,y,,,7,,,,,y,,,,,TA,y,,,y,,,y,,,y,,,,,y,y,y,,y,y,
4303,Petro Laramie,"1855 West CurtisLaramie, WY, 82070",Laramie,Wyoming,82070,41.3287,-105.6194,2.799,3.199,3.649,3.599,fuel,USA,USD,MapUp,TA-Petro,,,,,,,y,,,,,,,y,,,,,y,,,,,,,y,,y,,,2,,,,,,,12,y,,y,,,,,,,,,y,,,,,y,y,,,1,236,,,,,,y,,,,,y,,,,,Blue Beacon Truck Wash,y,,,y,,Iron Skillet,,,,y,y,,,14,,y,,,y,,,,,Sinclair,y,,,y,,,y,,,y,,,,,y,y,y,,y,y,
4187,TA Cheyenne,"4000 I-80 Service RoadBurns, WY, 82003",Burns,Wyoming,82003,41.1602,-104.5207,2.759,3.219,3.719,3.599,fuel,USA,USD,MapUp,TA-Petro,,,,,,,,,,,,,,y,,,,,y,,,,,,,y,,y,,,2,,,,,,,9,y,,,,,,,,,,,y,,,,,y,y,,,1,140,,,,,,y,,,,,y,,,,,,,,,y,,Country Pride,,,,y,y,,"Burger King, Taco Bell",12,,,,,y,,,,,Exxon,,,,y,,,y,,,y,,,,,y,y,y,,y,y,
4188,TA Ft. Bridger,"I-80 at Bigelow Road, Exit 30Ft. Bridger, WY, 82933",Ft. Bridger,Wyoming,82933,41.3144,-110.5095,2.959,3.399,3.949,3.619,fuel,USA,USD,MapUp,TA-Petro,,,,,,,,,,,,,,y,,,,,y,,,,,,,y,,y,,,2,,,,,,,10,y,,,,,,,,,,,y,,,,,y,y,,,1,165,,,,,,y,,,,,y,,,,,,y,,,y,,,,,,y,y,,"Burger King, Taco Bell Express",9,,,,,y,,,,,Shell,,,,y,,,y,,,y,,,,,y,y,y,,y,y,
4234,TA Rawlins,"1400 Higley Blvd., Exit 214Rawlins, WY, 82301",Rawlins,Wyoming,82301,41.7762,-107.2243,2.899,3.299,3.749,3.599,fuel,USA,USD,MapUp,TA-Petro,,,,,,,,,,,,,,y,,,,,y,,,,,,,,,y,,,3,,,,,,,12,y,,,,,,,,,,,y,,,,,y,y,,,1,188,,,,,,y,,,,,y,,,,,,y,,,y,,Country Pride,,,,y,y,,Subway,12,,,,,y,,,,,Conoco,,,,y,,,y,,,y,,,,,y,y,y,,y,y,
4328,Petro Jackson,"970 I-20 W. Frontage Rd.Jackson, MS, 39201",Jackson,Mississippi,39201,32.2787,-90.1977,2.799,3.199,3.649,3.599,fuel,USA,USD,MapUp,TA-Petro,,,,,,,y,,,,,,,y,,,,,y,,,,,,,y,,y,,,3,,,,,,,10,y,,y,,,,,,,,,y,,,,,y,y,,,1,194,,,,,,y,,,,,y,,,,,,y,,,y,,,,,,y,y,,,15,,,,,,,,,y,Valero,y,,,y,,,y,,,y,,,,,y,y,y,,y,y,
447,TA Meridian,"2150 Russell Mt. Gilead RoadMeridian, MS, 39301",Meridian,Mississippi,39301,32.3962,-88.5826,2.899,3.299,3.849,3.299,fuel,USA,USD,MapUp,TA-Petro,,,,,,,,,,,,,,y,,,,,y,,y,,,,,y,,y,,,2,,,,,,,8,y,,y,,,,,,,,,y,,,,,y,y,,,1,90,,,,,,y,,,,,y,,,,,,y,,,y,,Country Pride,,,,y,y,,,6,,,,,y,,,,,BP,,,,y,,,y,,,y,,,,,y,y,y,,y,y,
4371,Petro Waterloo,"1255 Route 414Waterloo, NY, 13165",Waterloo,New York,13165,42.9653,-76.8454,3.349,3.749,4.249,4.239,fuel,USA,USD,MapUp,TA-Petro,,,,,,,y,,,,,,,y,,,,,y,,,,,,,,,y,,,5,,,,,,,12,y,,y,,,,,,,,,y,,,,,y,y,,,1,221,,,,,,y,,,,,,,,,,,y,,,y,,Iron Skillet,,,,y,y,,,18,,,,,y,,,,y,Exxon,y,,,y,,,y,,,y,,,,,y,y,y,,y,y,
4207,TA Binghamton,"753 Upper Court StreetBinghamton, NY, 13904",Binghamton,New York,13904,42.1013,-75.8418,,,,4.189,fuel,USA,USD,MapUp,TA-Petro,,,,,,,,,,,,,,y,,,,,y,,,,,,,,,y,,,2,,,,,,,6,y,,y,,,,,,,,,y,,,,,y,y,,,1,125,,,,,,y,,,,,y,,,,,,y,,,y,,Country Pride,,,,y,y,,,6,,,,,y,,,,,,,,,y,,,y,,,y,,,,,y,y,y,,y,y,
4208,TA Dansville,"9616 Commerce DriveDansville, NY, 14437",Dansville,New York,14437,42.5662,-77.7195,3.299,3.699,4.149,4.299,fuel,USA,USD,MapUp,TA-Petro,y,,,,,,,,,,,,,y,,,,,y,,y,,,,,,,y,,,2,,,,,,,8,y,,y,,,,,,,,,y,,,,,y,y,,,1,102,,,,,,y,,,,,y,,,,,,y,,,y,,Country Pride,,,,y,y,,,5,,y,,,y,,,,,Valero,,,,y,,,y,,,y,,,,,y,y,y,,y,y,
4209,TA Fultonville,"40 Riverside DriveFultonville, NY, 12072",Fultonville,New York,12072,42.9488,-74.3629,,,,4.299,fuel,USA,USD,MapUp,TA-Petro,,,,,,,,,,,,,,y,,,,,y,,,,,,,,,y,,,3,,,,,,,10,y,,y,,,,,,,,,,,,,,y,y,,,1,121,,,,,,y,,,,,y,,,,,,y,,,y,,Country Pride,,,,y,y,,,8,,y,,,y,,,,,,,,,y,,,y,,,y,,,,,y,y,y,,y,y,y
4210,TA Maybrook,"125 Neelytown RoadMontgomery, NY, 12549",Montgomery,New York,12549,41.5042,-74.2207,3.159,3.559,4.019,4.299,fuel,USA,USD,MapUp,TA-Petro,,,,,,,,,,,,,,y,,,,,y,,,,,,,y,,y,,,3,,,,,,,10,y,,y,,,,,,,,,y,,,,,y,y,,,1,160,,,,,,y,,,,,y,,,,,,y,,,y,,Country Pride,,,,y,y,,Pizza Hut Express,11,,,,,y,,,,,Shell,,,,y,,,y,,,y,,,,,y,y,y,,y,y,y
4194,TA Pembroke,"8420 AlleghanyCorfu, NY, 14036-0276",Corfu,New York,14036-0276,43.0059,-78.4056,2.999,3.449,3.949,4.289,fuel,USA,USD,MapUp,TA-Petro,,,,,,,,,,,,,,y,,,,,y,,,,,,,,,,,,2,,,,,,,8,y,,,,,,,,,,,y,,,,,y,y,,,1,132,,,,,,y,,,,,y,,,,,,y,,,y,,Country Pride,,,,y,y,,,6,,,,,y,,,,,Mobil,,,,y,,,y,,,y,,,,,y,y,y,,y,y,y
4339,Petro Spokane,"10506 West Aero RoadSpokane, WA, 99224",Spokane,Washington,99224,47.5906,-117.5612,3.649,4.099,4.599,4.299,fuel,USA,USD,MapUp,TA-Petro,y,,,,,,y,,,,,,,y,,,,,y,,,,,,,,,y,,,2,,,,,,,10,y,,y,,,,,,,,,y,,,,,y,y,,,1,200,,,,,,y,,,,,y,,,,,,y,,,y,,Iron Skillet,,,,y,y,,Starbucks,11,,y,,,y,,,,y,Exxon,y,,,y,,,y,,,y,,,,,y,y,y,,y,y,
4917,TA Express Blaine,"1300 Boblett StBlaine, WA, 98230",Blaine,Washington,98230,48.99126,-122.73412,,,,4.039,fuel,USA,USD,MapUp,TA-Petro,,,,,,,,,,,,,,,,,,,,,,,,,,,,y,,,6,,,,,,,5,y,,,,,,,,,,,y,,,,,,,,,1,30,,,,,,,,,,,,,,,,,,,,,,,,,,,,,"Cinnabon, Jamba, Pizza Hut Express",4,,,,,y,,1,,,76,y,,,,,,,,,,,,,,,,,,,,
4176,TA Seattle East,"46630 North Bend WayNorth Bend, WA, 98045",North Bend,Washington,98045,47.4683,-121.7181,3.939,4.389,4.939,4.299,fuel,USA,USD,MapUp,TA-Petro,,,,,,,,,,,,,,y,,,,,y,,,,,,,y,,y,,,2,,,,,,,6,y,,,,,,,,,,,y,,,,,y,y,,,1,140,,,,,,y,,,,,y,,,,,,y,,,y,,,,,,y,y,,"Popeyes, Starbucks",8,,y,,,y,,,,,Shell,,,,y,,,y,,,y,,,,,y,y,y,,y,y,
4343,Petro Egan,"114 JasminEgan, LA, 70531",Egan,Louisiana,70531,30.2314,-92.4624,2.679,3.199,3.649,3.849,fuel,USA,USD,MapUp,TA-Petro,,,y,,,,y,,,,,,,,,,,,,,,,,,,,,y,,,1,,,,,,,8,y,,y,,,,,,,,,y,,,y,,,y,,,1,127,,,,,,,,,,,y,,,,,,y,,,,,,,,,,,,Subway,6,,,,,y,,,,,Shell,y,,,,,,,,,,,,,,,,,,,,
4310,Petro Hammond,"2100 S.W. Railroad Ave.Hammond, LA, 70403",Hammond,Louisiana,70403,30.477,-90.4579,2.699,3.139,3.639,3.599,fuel,USA,USD,MapUp,TA-Petro,,,,,,,y,,,,,,,y,,,,,y,,,,,,,,,y,,,3,,,,,,,12,y,,y,,,,,,,,,y,,,,,y,y,,,1,200,,,,,,y,,,,,y,,,,,Blue Beacon Truck Wash,y,,,y,,Iron Skillet,,,,y,y,,,12,,y,,,y,,,,y,Mobil,y,,,y,,,y,,,y,,,,,y,y,y,,y,y,y
4308,Petro Shreveport,"6910 W. Bert Kouns Industrial LoopShreveport, LA, 71129",Shreveport,Louisiana,71129,32.4446,-93.901,2.739,2.849,3.399,3.539,fuel,USA,USD,MapUp,TA-Petro,,,y,,,,y,,,,,,,y,,,,,y,,,,,,,y,,y,,,2,,,,,,,12,y,,y,,,,,,,,,y,,,y,,y,y,,,1,218,,,,,,y,,,,,y,,,,,,y,,,y,,Iron Skillet,,,,y,y,,,15,,y,,,y,,,,,Shell,y,,,y,,,y,,,y,,,,,y,y,y,,y,y,
4567,TA Express Grambling,"1130 RWE Jones RDGrambling, LA, 71245",Grambling,Louisiana,71245,32.5431,-92.71074,,,,3.489,fuel,USA,USD,MapUp,TA-Petro,,,,,,,y,,,,,,,,,,,,,,,,,,,,,y,,,4,,,,,,,6,y,,,,,,,,,,,y,,,,,,y,,,,38,,,,,,,,,,,,,,,,,y,,,,,,,,,,,,,2,,,,,y,,1,,,Exxon,y,,,,,,,,,,,,,,,,,,,,
4939,TA Express Hosston,"6411 Hwy 2Hosston, LA, 71043",Hosston,Louisiana,71043,32.89792,-93.86484,,,,3.449,fuel,USA,USD,MapUp,TA-Petro,,,,,,,y,,,,,,,,,,,,,,,,,,,,,y,,,2,,,,,,,5,y,,,,,,,,,,,y,,,,,,,,,1,50,,,,,,,,,,,,,,,,,,,,,,,,,,,,,"Hunt Brothers Pizza, Subway",4,,,,,,,1,,,Exxon,y,,,,,,,,,,,,,,,,,,,,
4479,TA Express Laplace,"4301 Main St.Laplace, LA, 70068",Laplace,Louisiana,70068,30.086244,-90.444959,2.799,3.149,3.699,3.499,fuel,USA,USD,MapUp,TA-Petro,,,y,,,,y,,,,,,,,,,,,,,,,,,,,,y,,,2,,,,,,,10,y,,,,,,,,,,,,,,,,,,,,1,117,,,,,,,,,,,,,,,,,,,,,,,,,,,,,Subway,8,,,,,,,1,,,Marathon,,,,,,,,,,,,,,,,,,,,,
4946,TA Express Minden,"2198 Highway 532Minden, LA, 71055",Minden,Louisiana,71055,32.57203,-93.20295,,,,3.479,fuel,USA,USD,MapUp,TA-Petro,,,y,,,,,,,,,,,,,,,,,,,,,,,,,,,,3,,,,,,,5,y,,,,,,,,,,,y,,,,,,y,,,,50,,,,,,,,,,,,,,,,,,,,,,,,,,,,,"Charleys Philly Steaks, Sbarro",3,,,,,,,1,,,Sunoco,y,,,,,,,,,,,,,,,,,,,,
4480,TA Express St. Rose,"10405 E. Airline HwySt. Rose, LA, 70087",St. Rose,Louisiana,70087,29.973535,-90.299078,2.699,3.049,3.599,3.359,fuel,USA,USD,MapUp,TA-Petro,,,y,,,,y,,,,,,,,,,,,,,,,,,,,,y,,,7,,,,,,,10,,,,,,,,,,,,,,,,,,,,,1,55,,,,,,,,,,,,,,,,,,,,,,,,,,,,,,3,,,,,,,3,,,Marathon,y,,,,,,,,,,,,,,,,,,,,
4237,TA Greenwood,"8560 Greenwood RdGreenwood, LA, 71033",Greenwood,Louisiana,71033,32.4461,-93.9493,2.699,3.099,3.649,3.539,fuel,USA,USD,MapUp,TA-Petro,y,,y,,,,,,,,,,,y,,,,,y,,,,,,,,,y,,,4,,,,,,,9,y,,y,,,,,,,,,y,,,y,,y,y,,,1,177,,,,,,y,,,,,y,,,,,,,,,y,,,,,,y,y,,"KFC, Subway",10,,,,,y,,,,y,Shell,,,,y,,,y,,,y,,,,,y,y,y,,y,y,
4161,TA Lafayette,"1701 North University Ave.Lafayette, LA, 70507-6399",Lafayette,Louisiana,70507-6399,30.2521,-92.0381,2.659,3.059,3.519,3.789,fuel,USA,USD,MapUp,TA-Petro,,,,,,,,,,,,,,y,,,,,y,,,,,,,,,y,,,2,,,,,,,8,y,,y,,,,,,,,,y,,,,,y,y,,,1,128,,,,,,y,,,,,y,,,,,,y,,,y,,,,,,y,y,,"Sbarro, The Kitchen",9,,y,,,y,,,,,Phillips,,,,y,,,y,,,y,,,,,y,y,y,,y,y,
4180,TA Slidell,"1682 Gause BlvdSlidell, LA, 70458-1361",Slidell,Louisiana,70458-1361,30.2864,-89.7511,2.729,3.079,3.629,3.489,fuel,USA,USD,MapUp,TA-Petro,,,,,,,,,,,,,,y,,,,,y,,,,,,,,,y,,,3,,,,,,,10,y,,y,,,,,,,,,y,,,,,y,y,,,1,111,,,,,,y,,,,,y,,,,,,y,,,y,,Country Pride,,,,y,y,,,10,,,,,y,,,,y,Marathon,,,,y,,,y,,,y,,,,,y,y,y,,y,y,
446,TA Tallulah,"224 Highway 65 SouthTallulah, LA, 71282",Tallulah,Louisiana,71282,32.3886,-91.2006,2.899,3.249,3.799,4.239,fuel,USA,USD,MapUp,TA-Petro,,,y,,,,,,,,,,,y,,,,,y,,,,,,,,,y,,,2,,,,,,,8,y,,y,,,,,,,,,y,,,,,y,y,,,1,135,,,,,,y,,,,,y,,,,,,y,,,y,,Country Pride,,,,y,y,,,7,,,,,y,,,,,Marathon,,,,y,,,y,,,y,,,,,y,y,y,,y,y,
4316,Petro Oklahoma City,"20 Martin Luther King BlvdOklahoma City, OK, 73117",Oklahoma City,Oklahoma,73117,35.4662,-97.4755,2.699,3.099,3.549,3.499,fuel,USA,USD,MapUp,TA-Petro,,,,,,,y,,,,,,,y,,,,,y,,,,,,,y,,y,,,5,,,,,,,12,y,,y,,,,,,,,,y,,,,,y,y,,,1,280,,,,,,y,,,,,y,,,,,,y,,,y,,Iron Skillet,,,,y,y,,,14,,y,,,y,,,,,Valero,y,,,y,,,y,,,y,,,,,y,y,y,,y,y,y
4966,TA Express Savanna,"9062 US Hwy 69Savanna, OK, 74565",Savanna,Oklahoma,74565,34.833383,-95.83959,,,,3.629,fuel,USA,USD,MapUp,TA-Petro,,,,,,,,,,,,,,,,,,,,,,,,,,,,,,,2,,,,,,,5,y,,,,,,,,,,,y,,,,,,,,,,80,,,,,,,,,,,,,,,,,,,,,,,,,,,,,Sbarro,3,,,,,,,1,,,Phillips,y,,,,,,,,,,,,,,,,,,,,
4451,TA Express Tonkawa,"16700 W South AveTonkawa, OK, 74653",Tonkawa,Oklahoma,74653,36.69598,-97.35146,,,,3.199,fuel,USA,USD,MapUp,TA-Petro,,,,,,,,,,,,,,,,,,,,,,,,,,,,y,,,,,,,,,,5,y,,y,,,,,,,,,y,,,,,,,,,1,35,,,,,,,,,,,,,,,,,,,,,,,,,,,,,"Baskin Robbins, Dunkin', Hot Stuff Kitchen",5,,,,,y,,,,,Phillips,y,,,,,,,,,,,,,,,,,,,,
436,TA Oklahoma City East,"801 South Council RoadOklahoma City, OK, 73128-4218",Oklahoma City,Oklahoma,73128-4218,35.458,-97.6556,2.699,3.099,3.549,3.499,fuel,USA,USD,MapUp,TA-Petro,y,,,,,,,,,,,,,y,,,,,y,,,,,,,y,,y,,,2,,,,,,,10,y,,y,,,,,,,,,y,,,,,y,y,,,1,175,,,,,y,y,,,,,y,,,,,,y,,,y,,IHOP,,,,y,y,,,12,,,,,y,,,,,Valero,,,,y,,,y,,,y,,,,,y,y,y,,y,y,y
459,TA Oklahoma City West,"501 South Morgan RoadOklahoma City, OK, 73128",Oklahoma City,Oklahoma,73128,35.4617,-97.6906,2.699,3.099,3.549,3.499,fuel,USA,USD,MapUp,TA-Petro,,,,,,,,,,,,,,y,,,,,y,,,,,,,y,,y,,,2,,,,,,,8,y,,y,,,,,,,,,y,,,,,y,y,,,1,101,,,,,,y,,,,,y,,,,,,y,,,y,,,,,,y,y,,"Fazoli's, Popeyes",8,,,,,y,,,,,Valero,,,,y,,,y,,,y,,,,,y,y,y,,y,y,
4152,TA Sayre,"11603 N. 1900 Rd.Sayre, OK, 73662",Sayre,Oklahoma,73662,35.3355,-99.5946,2.739,3.139,3.589,3.399,fuel,USA,USD,MapUp,TA-Petro,,,,,,,,,,,,,,y,,,,,y,,,,,,,,,y,,,2,,,,,,,10,,,y,,,,,,,,,y,,,,,y,y,,,1,101,,,,,,y,,,,,y,,,,,,y,,,y,,,,,,y,y,,"Subway, Taco Bell",7,,,,,y,,,,,Phillips,,,,y,,,y,,,y,,,,,y,y,y,,y,y,
4385,Petro Deming,"14150 Hwy 418 SWDeming, NM, 88030",Deming,New Mexico,88030,32.2386,-107.9927,2.989,3.389,3.839,3.939,fuel,USA,USD,MapUp,TA-Petro,,,,,,,y,,,,,,,y,,,,,y,,,,,,,,,y,,,4,,,,,,,10,y,,y,,,,,,,,,y,,,,,y,y,,,1,150,,,,,,y,,,,,,,,,,,y,,,y,,Iron Skillet,,,,y,y,,Starbucks,9,,,,,y,,,,,Valero,y,,,y,,,y,,,y,,,,,y,y,y,,y,y,
4313,Petro Milan,"1430 Motel DriveMilan, NM, 87021",Milan,New Mexico,87021,35.181,-107.9038,3.199,3.499,4.249,3.799,fuel,USA,USD,MapUp,TA-Petro,,,,,,,y,,,,,,,y,,,,,y,,,,,,,y,,y,,,2,,,,,,,12,y,,y,,,,,,,,,y,,,,,y,y,,,1,200,,,,,,y,,,,,y,,,,,,y,,,y,,Iron Skillet,,,,y,y,,,13,,y,,,y,,,,,Shell,y,,,y,,,y,,,y,,,,,y,y,y,,y,y,
481,TA Albuquerque,"2501 University Blvd., NEAlbuquerque, NM, 87107",Albuquerque,New Mexico,87107,35.1111,-106.6247,2.999,3.399,3.849,3.729,fuel,USA,USD,MapUp,TA-Petro,,,,,,,,,,,,,,y,,,,,y,,,,,,,y,,y,,,2,,,,,,,8,y,,,,,,,,,,,y,,,,,y,y,,,1,150,,,,,,y,,,,,y,,,,,,y,,,y,,Country Pride,,,,y,y,,,10,,y,,,y,,,,y,Phillips,,,,y,,,y,,,y,,,,,y,y,y,,y,y,
48,TA Gallup,"3404 W Historical Highway 66Gallup, NM, 87301-6841",Gallup,New Mexico,87301-6841,35.5059,-108.8359,2.799,3.199,3.649,3.739,fuel,USA,USD,MapUp,TA-Petro,,,,,,,,,,,,,,y,,,,,y,,,,,,,y,,y,,,2,,,,,,,8,y,,,,,,,,,,,y,,,,,y,y,,,1,76,,,,,,y,,,,,y,,,,,,y,,,y,,Country Pride,,,,y,y,,,9,,y,,,y,,,,,Phillips,,,,y,,,y,,,y,,,,,y,y,y,,y,y,
4471,TA Glenrio,"1583 Frontage Rd 4132Glenrio, NM, 88434",Glenrio,New Mexico,88434,35.1752464706606,-103.104072865847,2.899,3.299,3.749,3.899,fuel,USA,USD,MapUp,TA-Petro,,,,,,,y,,,,,,,y,,,,,y,,,,,,,y,,y,,,6,,,,,,,10,y,,,,,,,,,,,,,,,,y,y,,,1,175,,,,,,y,,,,,y,,,,,,y,,,y,,Russell's Route 66 Café,,,,y,y,,Subway,8,,,,,y,,1,,,Phillips,y,,,y,,,y,,,y,,,,,y,y,y,,y,y,
414,TA Las Cruces,"202 N. Motel BlvdLas Cruces, NM, 88005-4113",Las Cruces,New Mexico,88005-4113,32.2977,-106.8115,2.929,3.329,3.879,3.519,fuel,USA,USD,MapUp,TA-Petro,y,,,,,,,,,,,,,y,,,,,y,,,,,,,y,,y,,,2,,,,,,,8,y,,y,,,,,,,,,y,,,,,y,y,,,1,201,,,,,,y,,,,,y,,,,,,y,,,y,,,,,,y,y,,"Burger King, Pizza Hut Express, Taco Bell",10,,,,,y,,,,,Shell,,,,y,,,y,,,y,,,,,y,y,y,,y,y,
4229,TA Moriarty,"1700 U.S. Route 66 WestMoriarty, NM, 87035",Moriarty,New Mexico,87035,35.0095,-106.065,2.979,3.329,2.879,3.459,fuel,USA,USD,MapUp,TA-Petro,y,,,,,,,,,,,,,y,,,,,y,,,,,,,,,y,,,2,,,,,,,10,y,,y,,,,,,,,,y,,,,,y,y,,,1,245,,,,,,y,,,,,y,,,,,,y,,,y,,Country Pride,,,,y,y,,"Burger King, Pizza Hut Express",10,,,,,,,,,,Shell,,,,y,,,y,,,y,,,,,y,y,y,,y,y,
423,TA Santa Rosa,"2634 Historic Route 66Santa Rosa, NM, 88435-0372",Santa Rosa,New Mexico,88435-0372,34.9443,-104.6407,2.899,2.899,3.449,3.839,fuel,USA,USD,MapUp,TA-Petro,,,,,,,,,,,,,,y,,,,,y,,,,,,,y,,y,,,2,,,,,,,11,y,,y,,,,,,,,,y,,,,,y,y,,,1,116,,,,,,y,,,,,y,,,,,,y,,,y,,,,,,y,y,,"Popeyes, Subway",9,,,,,y,,,,,Shell,,,,y,,,y,,,y,,,,,y,y,y,,y,y,
4469,TA Springer,"18 Old French Rd.Springer, NM, 87747",Springer,New Mexico,87747,36.4499710346809,-104.592856021367,2.989,3.389,3.839,3.699,fuel,USA,USD,MapUp,TA-Petro,,,,,,,y,,,,,,,y,,,,,y,,,,,,,y,,y,,,,,,,,,,6,y,,,,,,,,,,,,,,,,y,y,,,1,100,,,,,,y,,,,,y,,,,,,y,,,y,,Russell's Restaurant,,,,y,y,,Subway,12,,,,,y,,1,,,Phillips,y,,,y,,,y,,,y,,,,,y,y,y,,y,y,
4386,Petro Colby,"700 West HortonColby, KS, 67701",Colby,Kansas,67701,39.3617,-101.0537,,,,3.699,fuel,USA,USD,MapUp,TA-Petro,y,,,,,,y,,,,,,,y,,,,,y,,,,,,,,,y,,,0,,,,,,,7,y,,,,,,,,,,,y,,,,,y,y,,,1,140,,,,,,y,,,,,,,,,,,y,,,y,,,,,,y,y,,"City Wok Fresh Chinese, Qdoba Mexican Grill, Starbucks",7,,,,,y,,,,,Cenex,y,,,y,,,y,,,y,,,,,y,y,y,,y,y,
4366,Petro Salina,"2125 N. 9th St.Salina, KS, 67401",Salina,Kansas,67401,38.8789,-97.613,2.699,3.129,3.676,3.719,fuel,USA,USD,MapUp,TA-Petro,,,,,,,y,,,,,,,y,,,,,y,,,,,,,,,y,,,2,,,,,,,6,y,,,,,,,,,,,y,,,,,y,y,,,1,75,,,,,,y,,,,,y,,,,,,y,,,y,,,,,,y,y,,Popeyes,6,,y,,,y,,,,,Shell,y,,,y,,,y,,,y,,,,,y,y,y,,y,y,
4252,TA Beto Junction,"2775 Highway 75Lebo, KS, 66856",Lebo,Kansas,66856,38.4276,-95.7272,2.799,3.559,3.849,3.519,fuel,USA,USD,MapUp,TA-Petro,,,,,,,,,,,,,,y,,,,,y,,,,,,,,,y,,,2,,,,,,,7,y,,,,,,,,,,,y,,,,,y,y,,,1,226,,,,,,y,,,,,y,,,,,,y,,,y,,Country Pride,,,,y,y,,Wendy's,8,,y,,,y,,,,,Shell,,,,y,,,y,,,y,,,,,y,y,y,,y,y,
4284,TA Express Edgerton,"32501 W 200th StreetEdgerton, KS, 66021",Edgerton,Kansas,66021,38.76281,-94.96248,,,,3.499,fuel,USA,USD,MapUp,TA-Petro,,,,,,,,,,,,,,,,,,,,,,,,,,,,,,,2,,,,,,,6,y,,,,,,,,,,,,,,,,,,,,,90,,,,,,,,,,,,,,,,,,,,,,,,,,,,,Chester Fried Chicken,4,,,,,y,,,,,Phillips,,,,,,,,,,,,,,,,,,,,,
4943,TA Express Fairview,"801 W. 1st StreetFairview, KS, 66425",Fairview,Kansas,66425,39.84123,-95.73311,,,,3.639,fuel,USA,USD,MapUp,TA-Petro,,,,,,,y,,,,,,,,,,,,,,,,,,,,,,,,2,,,,,,,4,y,,,,,,,,,,,y,y,,,,,,,,,50,,,,,,,,,,,,,,,,Truck Wash,y,,,,,,,,,,,,"A&W All American Food, Dunkin', Hunt Brothers Pizza",3,,,,,,,,,,Sunoco,y,,,,,,,,,,,,,,,,,,,,
4932,TA Garden City,"1265 Solar AvenueGarden City, KS, 67846",Garden City,Kansas,67846,38.00534,-100.88425,,,,3.639,fuel,USA,USD,MapUp,TA-Petro,,,,,,,,,,,,,,y,,,,,y,,,,,,,,,,,,1,,,,,,,6,y,,,,,,,,,,,y,,,,,y,,,,1,150,,,,,,y,,,,,,,,,,,y,,,y,,Black Bear Diner,,,,y,y,,"Dunkin', Sbarro",10,,,,,y,,1,,,Gulf,y,,,y,,,y,,,y,,,,,y,y,y,,y,y,
491,TA Oakley,"1001 Hwy 40Oakley, KS, 67748",Oakley,Kansas,67748,39.1188,-100.811,,,,3.699,fuel,USA,USD,MapUp,TA-Petro,y,,,,y,,,,,,,,,y,,,,,y,,,,,,,,,y,,,1,y,,,,,,8,y,,y,,,,,,,,,y,,,,,y,y,,,1,150,,,,,,y,,,,,,y,,,,,y,,,y,,IHOP,,,,y,y,,"Sonic, Subway",6,,,,,y,,,,,Shell,,,,y,,,y,,,y,,,,,y,y,y,,y,y,
4186,TA Express Parowan,"1130 N. 100 W.Parowan, UT, 84761",Parowan,Utah,84761,37.8607,-112.8291,3.179,3.579,4.129,3.839,fuel,USA,USD,MapUp,TA-Petro,y,,,,,,,,,,,,,y,,,,,y,,,,,,,,,y,,,2,,,,,,,5,y,,,,,,,,,,,y,,,,,y,y,,,1,90,,,,,,y,,,,,y,,,,,,y,,,y,,,,,,y,y,,"Subway, Taco Bell",6,,,,,,,,,,Shell,,,,y,,,y,,,y,,,,,y,y,y,,y,y,
460,TA Tooele,"8836 North Highway 40Salt Lake City, UT, 84074",Salt Lake City,Utah,84074,40.6899,-112.2629,2.999,3.399,3.949,3.949,fuel,USA,USD,MapUp,TA-Petro,,,,,,,,,,,,,,y,,,,,y,,,,,,,y,,y,,,2,,,,,,,7,y,,,,,,,,,,,y,,,,,y,y,,,1,191,,,,,,y,,,,,y,,,,,,y,,,y,,,,,,y,y,,"Burger King, Taco Bell",11,,,,,y,,,,,Shell,,,,y,,,y,,,y,,,,,y,y,y,,y,y,
4483,Goasis Coburg Crossing,"91039 Coburg Industrial WayCoburg, OR, 97408",Coburg,Oregon,97408,44.1351,-123.05491,3.299,3.699,4.249,,fuel,USA,USD,MapUp,TA-Petro,,,,,,,,,,,,,,,,,,,,,,,,,,,,,,,2,,,,,,,2,,,,,,,,,,,,,,,,,,,,,,0,,,,,,,,,,,,,,,,,,,,,,,,,,,,,Mcdonald's,0,,,,,,,0,,,Arco,,,,,,,,,,,,,,,,,,,,,
4324,Petro Phoenix,"3730 Fern Valley Rd.Phoenix, OR, 97535",Phoenix,Oregon,97535,42.2795,-122.8116,3.399,3.799,4.349,,fuel,USA,USD,MapUp,TA-Petro,,,,,,,y,,,,,,,y,,,,,y,,,,,,,,,y,,,2,,,,,,,8,y,,y,,,,,,,,,y,,,,,y,y,,,1,87,,,,,,y,,,,,,,,,,,y,,,y,,Iron Skillet,,,,y,y,,,6,,y,,,y,,,,,Shell,y,,y,y,,,y,,,y,,,,,y,y,y,,y,y,
456,TA Aurora,"21856 Bents Road NEAurora, OR, 97002",Aurora,Oregon,97002,45.2361,-122.8072,3.299,3.699,4.249,4.189,fuel,USA,USD,MapUp,TA-Petro,,,,,,,,,,,,,,y,,,,,y,,,,,,,y,,,,,3,,,,,,,8,y,,y,,,,,,,,,y,,,,,y,y,,,1,275,,,,,,y,,,,,y,,,,,,y,,,y,,,,,,y,y,,Popeyes,9,,y,,,y,,,,,Shell,,,,y,,,y,,,y,,,,,y,y,y,,y,y,y
4482,TA Coburg,"32910 E. Pearl St.Coburg, OR, 97408",Coburg,Oregon,97408,44.13637,-123.05737,,,,4.099,fuel,USA,USD,MapUp,TA-Petro,y,,,,,,y,,,,,,,y,,,,,y,,,,,,,,,,,,2,,,,,,,8,y,,,,,,,,,,,,,,,,y,y,,,1,100,,,,,,y,,,,,,,,,,Truck Wash,,,,y,,Coburg Crossing Cafe,,,,y,y,,,8,,,,,y,,1,,,,y,,,y,,,y,,,,,,,,y,,y,,y,y,
4279,TA Express Biggs Junction,"91464 Biggs-Rufus HwyWasco, OR, 97065",Wasco,Oregon,97065,45.66881,-120.83487,,,,3.559,fuel,USA,USD,MapUp,TA-Petro,,,,,,,,,,,,,,,,,,,,,,,,,,,,y,,,,,,,,,,8,,,,,,,,,,,,y,,,,,,,,,,35,,,,,,,,,,,,,,,,,,,,,,,,,,,,,"Krispy Krunchy Chicken, Pizza Hut",7,,,,,,,,,,,,,,,,,,,,,,,,,,,,,,,
4276,TA Huntington,"5945 US Hwy 30Huntington, OR, 97907",Huntington,Oregon,97907,44.29342,-117.22491,,,,4.239,fuel,USA,USD,MapUp,TA-Petro,,,,,,,,,,,,,,,,,,,,,,,,,,,,,,,2,,,,,,,8,,,,,,,,,,,,y,,,,,,y,,,,150,,,,,,,,,,,,,,,,,y,,,,,,,,,,,,"Blu Taco, Champs Chicken, Hangar 54 Pizza",6,,,,,y,,,,,Chevron,,,,,,,,,,,,,,,,,,,,,
4183,TA Troutdale,"790 N W Frontage RoadTroutdale, OR, 97060",Troutdale,Oregon,97060,45.5438,-122.3958,3.999,4.399,4.949,4.199,fuel,USA,USD,MapUp,TA-Petro,,,,,,,,,,,,,,y,,,,,y,,,,,,,y,,y,,,2,,,,,,,10,y,,y,,,,,,,,,y,,,,,y,y,,,1,240,,,,,,y,,,,,y,,,,,,y,,,y,,Country Pride,,,,y,y,,"Popeyes, Subway",12,,,,,y,,,,y,Arco,,,y,y,,,y,,,y,,,,,y,y,y,,y,y,
